2025-08-04 12:56:50 - classifier - ERROR - ❌ Could not initialize Gemini: GEMINI_API_KEY not found in environment variables.
2025-08-04 12:56:50 - classifier - WARNING - ⚠️ Failed to load local ML model/vectorizer: No module named 'sklearn'
2025-08-04 12:56:50 - classifier - INFO - Classifier service starting...
2025-08-04 12:56:50 - classifier - INFO - Successfully connected to Kafka.
2025-08-04 12:56:50 - classifier - INFO - Classifier agent started. Waiting for messages from 'doc.extracted' topic...
2025-08-04 13:06:02 - classifier - ERROR - ❌ Could not initialize Gemini: GEMINI_API_KEY not found in environment variables.
2025-08-04 13:06:02 - classifier - WARNING - ⚠️ Failed to load local ML model/vectorizer: No module named 'sklearn'
2025-08-04 13:06:02 - classifier - INFO - Classifier service starting...
2025-08-04 13:06:02 - classifier - INFO - Successfully connected to Kafka.
2025-08-04 13:06:02 - classifier - INFO - Classifier agent started. Waiting for messages from 'doc.extracted' topic...
2025-08-04 13:06:05 - classifier - INFO - Received new message from Kafka: doc_id 'ada141fc-9a16-4d31-86ae-7c8ec1f440e8'
2025-08-04 13:06:05 - classifier - INFO - Doc 'ada141fc-9a16-4d31-86ae-7c8ec1f440e8' classified as 'other' by Fallback Error (Confidence: 0.0)
2025-08-04 13:06:05 - classifier - INFO - Successfully emitted event for doc_id 'ada141fc-9a16-4d31-86ae-7c8ec1f440e8' to 'doc.classified' topic.
2025-08-04 13:07:09 - classifier - INFO - Received new message from Kafka: doc_id '0a177075-6529-479a-b3d2-fd06d733f330'
2025-08-04 13:07:09 - classifier - INFO - Doc '0a177075-6529-479a-b3d2-fd06d733f330' classified as 'other' by Fallback Error (Confidence: 0.0)
2025-08-04 13:07:09 - classifier - INFO - Successfully emitted event for doc_id '0a177075-6529-479a-b3d2-fd06d733f330' to 'doc.classified' topic.
2025-08-04 13:46:51 - classifier - ERROR - ❌ Could not initialize Gemini: GEMINI_API_KEY not found in environment variables.
2025-08-04 13:46:53 - classifier - INFO - 🧠 Local ML model and vectorizer loaded successfully.
2025-08-04 13:46:53 - classifier - INFO - Classifier service starting...
2025-08-04 13:46:53 - classifier - INFO - Successfully connected to Kafka.
2025-08-04 13:46:53 - classifier - INFO - Classifier agent started. Waiting for messages from 'doc.extracted' topic...
2025-08-04 13:47:15 - classifier - INFO - Received new message from Kafka: doc_id 'fc6ee5c6-88af-46a5-8782-7d1f834fcee7'
2025-08-04 13:47:15 - classifier - INFO - [Local ML 🤖] Prediction: Resume (confidence: 0.029)
2025-08-04 13:47:15 - classifier - INFO - Doc 'fc6ee5c6-88af-46a5-8782-7d1f834fcee7' classified as 'resume' by Local ML fallback (Confidence: 0.029)
2025-08-04 13:47:15 - classifier - INFO - Successfully emitted event for doc_id 'fc6ee5c6-88af-46a5-8782-7d1f834fcee7' to 'doc.classified' topic.
2025-08-04 13:52:46 - classifier - ERROR - ❌ Could not initialize Gemini: GEMINI_API_KEY not found in environment variables.
2025-08-04 13:52:46 - classifier - WARNING - ⚠️ Failed to load local ML model/vectorizer: [Errno 2] No such file or directory: 'document_classifier.pkl'
2025-08-04 13:52:46 - classifier - INFO - Classifier service starting...
2025-08-04 13:52:46 - classifier - INFO - Successfully connected to Kafka.
2025-08-04 13:52:46 - classifier - INFO - Classifier agent started. Waiting for messages from 'doc.extracted' topic...
2025-08-04 13:53:29 - classifier - ERROR - ❌ Could not initialize Gemini: GEMINI_API_KEY not found in environment variables.
2025-08-04 13:53:30 - classifier - INFO - 🧠 Local ML model and vectorizer loaded successfully.
2025-08-04 13:53:30 - classifier - INFO - Classifier service starting...
2025-08-04 13:53:30 - classifier - INFO - Successfully connected to Kafka.
2025-08-04 13:53:30 - classifier - INFO - Classifier agent started. Waiting for messages from 'doc.extracted' topic...
2025-08-04 13:53:46 - classifier - INFO - Received new message from Kafka: doc_id '9294d360-e21e-4178-9619-e1a7e1707d22'
2025-08-04 13:53:46 - classifier - INFO - [Local ML 🤖] Prediction: Resume (confidence: 0.029)
2025-08-04 13:53:46 - classifier - INFO - Doc '9294d360-e21e-4178-9619-e1a7e1707d22' classified as 'resume' by Local ML fallback (Confidence: 0.029)
2025-08-04 13:53:46 - classifier - INFO - Successfully emitted event for doc_id '9294d360-e21e-4178-9619-e1a7e1707d22' to 'doc.classified' topic.
2025-08-04 13:54:20 - classifier - INFO - Received new message from Kafka: doc_id 'b9ffea8d-bb50-4b2c-ac25-ac35f0ef1229'
2025-08-04 13:54:20 - classifier - INFO - [Local ML 🤖] Prediction: Resume (confidence: 0.029)
2025-08-04 13:54:20 - classifier - INFO - Doc 'b9ffea8d-bb50-4b2c-ac25-ac35f0ef1229' classified as 'resume' by Local ML fallback (Confidence: 0.029)
2025-08-04 13:54:20 - classifier - INFO - Successfully emitted event for doc_id 'b9ffea8d-bb50-4b2c-ac25-ac35f0ef1229' to 'doc.classified' topic.
2025-08-04 13:54:31 - classifier - INFO - Received new message from Kafka: doc_id '9f42dfd0-fa96-4032-ad38-181bf49dcfb8'
2025-08-04 13:54:31 - classifier - INFO - [Local ML 🤖] Prediction: Resume (confidence: 0.049)
2025-08-04 13:54:31 - classifier - INFO - Doc '9f42dfd0-fa96-4032-ad38-181bf49dcfb8' classified as 'resume' by Local ML fallback (Confidence: 0.049)
2025-08-04 13:54:32 - classifier - INFO - Successfully emitted event for doc_id '9f42dfd0-fa96-4032-ad38-181bf49dcfb8' to 'doc.classified' topic.
2025-08-04 14:02:59 - classifier - ERROR - ❌ Could not initialize Gemini: GEMINI_API_KEY not found in environment variables.
2025-08-04 14:03:00 - classifier - INFO - 🧠 Local ML model and vectorizer loaded successfully.
2025-08-04 14:03:00 - classifier - INFO - Classifier service starting...
2025-08-04 14:03:00 - classifier - INFO - Successfully connected to Kafka.
2025-08-04 14:03:00 - classifier - INFO - Classifier agent started. Waiting for messages from 'doc.extracted' topic...
2025-08-04 14:03:09 - classifier - INFO - Received new message from Kafka: doc_id '8c85a93f-c814-4828-879e-bcff2aefd895'
2025-08-04 14:03:09 - classifier - INFO - [Local ML 🤖] Prediction: Resume (confidence: 0.049)
2025-08-04 14:03:09 - classifier - INFO - Doc '8c85a93f-c814-4828-879e-bcff2aefd895' classified as 'resume' by Local ML fallback (Confidence: 0.049)
2025-08-04 14:03:09 - classifier - INFO - Successfully emitted event for doc_id '8c85a93f-c814-4828-879e-bcff2aefd895' to 'doc.classified' topic.
2025-08-04 14:24:07 - classifier - ERROR - ❌ Could not initialize Gemini: GEMINI_API_KEY not found in environment variables.
2025-08-04 14:24:08 - classifier - INFO - 🧠 Local ML model and vectorizer loaded successfully.
2025-08-04 14:24:08 - classifier - INFO - Classifier service starting...
2025-08-04 14:24:08 - classifier - INFO - Successfully connected to Kafka.
2025-08-04 14:24:08 - classifier - INFO - Classifier agent started. Waiting for messages from 'doc.extracted' topic...
2025-08-04 18:37:56 - classifier - ERROR - ❌ Could not initialize Gemini: GEMINI_API_KEY not found in environment variables.
2025-08-04 18:37:57 - classifier - INFO - 🧠 Local ML model and vectorizer loaded successfully.
2025-08-04 18:37:57 - classifier - INFO - Classifier service starting...
2025-08-04 18:37:57 - classifier - INFO - Successfully connected to Kafka.
2025-08-04 18:37:57 - classifier - INFO - Classifier agent started. Waiting for messages from 'doc.extracted' topic...
2025-08-04 18:40:39 - classifier - ERROR - ❌ Could not initialize Gemini: GEMINI_API_KEY not found in environment variables.
2025-08-04 18:40:40 - classifier - INFO - 🧠 Local ML model and vectorizer loaded successfully.
2025-08-04 18:40:40 - classifier - INFO - Classifier service starting...
2025-08-04 18:40:40 - classifier - INFO - Successfully connected to Kafka.
2025-08-04 18:40:40 - classifier - INFO - Classifier agent started. Waiting for messages from 'doc.extracted' topic...
2025-08-04 18:43:42 - classifier - ERROR - ❌ Could not initialize Gemini: GEMINI_API_KEY not found in environment variables.
2025-08-04 18:43:43 - classifier - INFO - 🧠 Local ML model and vectorizer loaded successfully.
2025-08-04 18:43:43 - classifier - INFO - Classifier service starting...
2025-08-04 18:43:43 - classifier - INFO - Successfully connected to Kafka.
2025-08-04 18:43:43 - classifier - INFO - Classifier agent started. Waiting for messages from 'doc.extracted' topic...
2025-08-04 18:44:10 - classifier - ERROR - ❌ Could not initialize Gemini: GEMINI_API_KEY not found in environment variables.
2025-08-04 18:44:11 - classifier - INFO - 🧠 Local ML model and vectorizer loaded successfully.
2025-08-04 18:44:11 - classifier - INFO - Classifier service starting...
2025-08-04 18:44:11 - classifier - INFO - Successfully connected to Kafka.
2025-08-04 18:44:11 - classifier - INFO - Classifier agent started. Waiting for messages from 'doc.extracted' topic...
2025-08-04 18:47:00 - classifier - ERROR - ❌ Could not initialize Gemini: GEMINI_API_KEY not found in environment variables.
2025-08-04 18:47:01 - classifier - INFO - 🧠 Local ML model and vectorizer loaded successfully.
2025-08-04 18:47:01 - classifier - INFO - Classifier service starting...
2025-08-04 18:47:01 - classifier - INFO - Successfully connected to Kafka.
2025-08-04 18:47:01 - classifier - INFO - Classifier agent started. Waiting for messages from 'doc.extracted' topic...
2025-08-04 18:47:33 - classifier - INFO - Received new message from Kafka: doc_id '3b69a866-6495-47b6-8c69-4ddf016aece4'
2025-08-04 18:47:33 - classifier - INFO - [Local ML 🤖] Prediction: Medical Report (confidence: 0.026)
2025-08-04 18:47:33 - classifier - INFO - Doc '3b69a866-6495-47b6-8c69-4ddf016aece4' classified as 'medical report' by Local ML fallback (Confidence: 0.026)
2025-08-04 18:47:33 - classifier - INFO - Successfully emitted event for doc_id '3b69a866-6495-47b6-8c69-4ddf016aece4' to 'doc.classified' topic.
2025-08-04 18:47:34 - classifier - INFO - Received new message from Kafka: doc_id 'c7e2b606-e175-4e41-8995-860a9423dcda'
2025-08-04 18:47:34 - classifier - INFO - [Local ML 🤖] Prediction: Medical Report (confidence: 0.026)
2025-08-04 18:47:34 - classifier - INFO - Doc 'c7e2b606-e175-4e41-8995-860a9423dcda' classified as 'medical report' by Local ML fallback (Confidence: 0.026)
2025-08-04 18:47:34 - classifier - INFO - Successfully emitted event for doc_id 'c7e2b606-e175-4e41-8995-860a9423dcda' to 'doc.classified' topic.
2025-08-04 18:47:34 - classifier - INFO - Received new message from Kafka: doc_id 'add50a3c-fa28-4bf3-bd2c-b1c361af9354'
2025-08-04 18:47:34 - classifier - INFO - [Local ML 🤖] Prediction: Advertisement (confidence: 0.023)
2025-08-04 18:47:34 - classifier - INFO - Doc 'add50a3c-fa28-4bf3-bd2c-b1c361af9354' classified as 'advertisement' by Local ML fallback (Confidence: 0.023)
2025-08-04 18:47:34 - classifier - INFO - Successfully emitted event for doc_id 'add50a3c-fa28-4bf3-bd2c-b1c361af9354' to 'doc.classified' topic.
2025-08-04 18:47:35 - classifier - INFO - Received new message from Kafka: doc_id 'db985dcf-1e07-4e4a-a327-54d1b6d460dd'
2025-08-04 18:47:35 - classifier - INFO - [Local ML 🤖] Prediction: Advertisement (confidence: 0.023)
2025-08-04 18:47:35 - classifier - INFO - Doc 'db985dcf-1e07-4e4a-a327-54d1b6d460dd' classified as 'advertisement' by Local ML fallback (Confidence: 0.023)
2025-08-04 18:47:35 - classifier - INFO - Successfully emitted event for doc_id 'db985dcf-1e07-4e4a-a327-54d1b6d460dd' to 'doc.classified' topic.
2025-08-04 19:05:53 - classifier - ERROR - ❌ Could not initialize Gemini: GEMINI_API_KEY not found in environment variables.
2025-08-04 19:05:53 - classifier - INFO - 🧠 Local ML model and vectorizer loaded successfully.
2025-08-04 19:05:53 - classifier - INFO - Classifier service starting...
2025-08-04 19:05:53 - classifier - INFO - Successfully connected to Kafka.
2025-08-04 19:05:53 - classifier - INFO - Classifier agent started. Waiting for messages from 'doc.extracted' topic...
2025-08-04 19:06:25 - classifier - ERROR - ❌ Could not initialize Gemini: GEMINI_API_KEY not found in environment variables.
2025-08-04 19:06:26 - classifier - INFO - 🧠 Local ML model and vectorizer loaded successfully.
2025-08-04 19:06:26 - classifier - INFO - Classifier service starting...
2025-08-04 19:06:26 - classifier - INFO - Successfully connected to Kafka.
2025-08-04 19:06:26 - classifier - INFO - Classifier agent started. Waiting for messages from 'doc.extracted' topic...
2025-08-04 19:09:08 - classifier - ERROR - ❌ Could not initialize Gemini: GEMINI_API_KEY not found in environment variables.
2025-08-04 19:09:10 - classifier - INFO - 🧠 Local ML model and vectorizer loaded successfully.
2025-08-04 19:09:10 - classifier - INFO - Classifier service starting...
2025-08-04 19:09:10 - classifier - INFO - Successfully connected to Kafka.
2025-08-04 19:09:10 - classifier - INFO - Classifier agent started. Waiting for messages from 'doc.extracted' topic...
2025-08-04 19:09:52 - classifier - ERROR - ❌ Could not initialize Gemini: GEMINI_API_KEY not found in environment variables.
2025-08-04 19:09:53 - classifier - INFO - 🧠 Local ML model and vectorizer loaded successfully.
2025-08-04 19:09:53 - classifier - INFO - Classifier service starting...
2025-08-04 19:09:53 - classifier - INFO - Successfully connected to Kafka.
2025-08-04 19:09:53 - classifier - INFO - Classifier agent started. Waiting for messages from 'doc.extracted' topic...
2025-08-04 19:12:00 - classifier - INFO - Received new message from Kafka: doc_id '9589f651-b11b-4303-9574-b254132ffb47'
2025-08-04 19:12:00 - classifier - INFO - [Local ML 🤖] Prediction: Technical (confidence: 0.056)
2025-08-04 19:12:00 - classifier - INFO - Doc '9589f651-b11b-4303-9574-b254132ffb47' classified as 'technical' by Local ML fallback (Confidence: 0.056)
2025-08-04 19:12:00 - classifier - INFO - Successfully emitted event for doc_id '9589f651-b11b-4303-9574-b254132ffb47' to 'doc.classified' topic.
2025-08-04 19:19:29 - classifier - INFO - Received new message from Kafka: doc_id '32028589-7c43-4368-857b-45aa388c4b52'
2025-08-04 19:19:29 - classifier - INFO - [Local ML 🤖] Prediction: Resume (confidence: 0.029)
2025-08-04 19:19:29 - classifier - INFO - Doc '32028589-7c43-4368-857b-45aa388c4b52' classified as 'resume' by Local ML fallback (Confidence: 0.029)
2025-08-04 19:19:29 - classifier - INFO - Successfully emitted event for doc_id '32028589-7c43-4368-857b-45aa388c4b52' to 'doc.classified' topic.
2025-08-04 19:20:43 - classifier - ERROR - ❌ Could not initialize Gemini: GEMINI_API_KEY not found in environment variables.
2025-08-04 19:20:44 - classifier - INFO - 🧠 Local ML model and vectorizer loaded successfully.
2025-08-04 19:20:44 - classifier - INFO - Classifier service starting...
2025-08-04 19:20:44 - classifier - INFO - Successfully connected to Kafka.
2025-08-04 19:20:44 - classifier - INFO - Classifier agent started. Waiting for messages from 'doc.extracted' topic...
2025-08-04 19:20:56 - classifier - INFO - Received new message from Kafka: doc_id '5aed82cc-fcf9-4684-a88f-688df46dceb1'
2025-08-04 19:20:56 - classifier - INFO - [Local ML 🤖] Prediction: Resume (confidence: 0.029)
2025-08-04 19:20:56 - classifier - INFO - Doc '5aed82cc-fcf9-4684-a88f-688df46dceb1' classified as 'resume' by Local ML boosted (Confidence: 0.7)
2025-08-04 19:20:56 - classifier - INFO - Successfully emitted event for doc_id '5aed82cc-fcf9-4684-a88f-688df46dceb1' to 'doc.classified' topic.
2025-08-04 19:25:53 - classifier - ERROR - ❌ Could not initialize Gemini: GEMINI_API_KEY not found in environment variables.
2025-08-04 19:25:55 - classifier - INFO - 🧠 Local ML model and vectorizer loaded successfully.
2025-08-04 19:25:55 - classifier - INFO - Classifier service starting...
2025-08-04 19:25:55 - classifier - INFO - Successfully connected to Kafka.
2025-08-04 19:25:55 - classifier - INFO - Classifier agent started. Waiting for messages from 'doc.extracted' topic...
2025-08-04 19:26:10 - classifier - ERROR - ❌ Could not initialize Gemini: GEMINI_API_KEY not found in environment variables.
2025-08-04 19:26:10 - classifier - INFO - 🧠 Local ML model and vectorizer loaded successfully.
2025-08-04 19:26:10 - classifier - INFO - Classifier service starting...
2025-08-04 19:26:10 - classifier - INFO - Successfully connected to Kafka.
2025-08-04 19:26:10 - classifier - INFO - Classifier agent started. Waiting for messages from 'doc.extracted' topic...
2025-08-04 19:26:14 - classifier - INFO - Received new message from Kafka: doc_id '735c1ed7-0357-4608-8fde-383e208fedb2'
2025-08-04 19:26:14 - classifier - INFO - [Local ML 🤖] Prediction: Resume (confidence: 0.029)
2025-08-04 19:26:14 - classifier - INFO - Doc '735c1ed7-0357-4608-8fde-383e208fedb2' classified as 'resume' by Local ML boosted (Confidence: 0.7)
2025-08-04 19:26:14 - classifier - INFO - Successfully emitted event for doc_id '735c1ed7-0357-4608-8fde-383e208fedb2' to 'doc.classified' topic.
2025-08-04 19:26:51 - classifier - ERROR - ❌ Could not initialize Gemini: GEMINI_API_KEY not found in environment variables.
2025-08-04 19:26:52 - classifier - INFO - 🧠 Local ML model and vectorizer loaded successfully.
2025-08-04 19:26:52 - classifier - INFO - Classifier service starting...
2025-08-04 19:26:52 - classifier - INFO - Successfully connected to Kafka.
2025-08-04 19:26:52 - classifier - INFO - Classifier agent started. Waiting for messages from 'doc.extracted' topic...
2025-08-04 19:30:53 - classifier - ERROR - ❌ Could not initialize Gemini: GEMINI_API_KEY not found in environment variables.
2025-08-04 19:30:54 - classifier - INFO - 🧠 Local ML model and vectorizer loaded successfully.
2025-08-04 19:30:54 - classifier - INFO - Classifier service starting...
2025-08-04 19:30:54 - classifier - INFO - Successfully connected to Kafka.
2025-08-04 19:30:54 - classifier - INFO - Classifier agent started. Waiting for messages from 'doc.extracted' topic...
2025-08-04 19:32:41 - classifier - ERROR - ❌ Could not initialize Gemini: GEMINI_API_KEY not found in environment variables.
2025-08-04 19:32:42 - classifier - INFO - 🧠 Local ML model and vectorizer loaded successfully.
2025-08-04 19:32:42 - classifier - INFO - Classifier service starting...
2025-08-04 19:32:42 - classifier - INFO - Successfully connected to Kafka.
2025-08-04 19:32:42 - classifier - INFO - Classifier agent started. Waiting for messages from 'doc.extracted' topic...
2025-08-04 19:33:13 - classifier - INFO - Received new message from Kafka: doc_id '26f0e1b3-e6c6-49dc-9578-22a4bfc47dcc'
2025-08-04 19:33:13 - classifier - INFO - [Local ML 🤖] Prediction: Technical (confidence: 0.027)
2025-08-04 19:33:13 - classifier - INFO - Doc '26f0e1b3-e6c6-49dc-9578-22a4bfc47dcc' classified as 'technical' by Local ML boosted (Confidence: 0.7)
2025-08-04 19:33:13 - classifier - INFO - Successfully emitted event for doc_id '26f0e1b3-e6c6-49dc-9578-22a4bfc47dcc' to 'doc.classified' topic.
2025-08-04 19:35:14 - classifier - INFO - Received new message from Kafka: doc_id 'b7dbd367-88a6-45a7-bba2-8d7cdfdebfd6'
2025-08-04 19:35:14 - classifier - INFO - [Local ML 🤖] Prediction: Resume (confidence: 0.029)
2025-08-04 19:35:14 - classifier - INFO - Doc 'b7dbd367-88a6-45a7-bba2-8d7cdfdebfd6' classified as 'resume' by Local ML boosted (Confidence: 0.7)
2025-08-04 19:35:14 - classifier - INFO - Successfully emitted event for doc_id 'b7dbd367-88a6-45a7-bba2-8d7cdfdebfd6' to 'doc.classified' topic.
2025-08-04 22:06:36 - classifier - ERROR - ❌ Could not initialize Gemini: GEMINI_API_KEY not found in environment variables.
2025-08-04 22:06:46 - classifier - INFO - 🧠 Local ML model and vectorizer loaded successfully.
2025-08-04 22:06:46 - classifier - INFO - Classifier service starting...
2025-08-04 22:06:46 - classifier - INFO - Successfully connected to Kafka.
2025-08-04 22:06:46 - classifier - INFO - Classifier agent started. Waiting for messages from 'doc.extracted' topic...
2025-08-04 22:06:52 - classifier - INFO - Received new message from Kafka: doc_id '977cb1bc-e79d-431f-8f94-5a64e56c13d9'
2025-08-04 22:06:52 - classifier - INFO - [Local ML 🤖] Prediction: Train Ticket (confidence: 0.024)
2025-08-04 22:06:52 - classifier - INFO - Doc '977cb1bc-e79d-431f-8f94-5a64e56c13d9' classified as 'train ticket' by Local ML boosted (Confidence: 0.7)
2025-08-04 22:06:52 - classifier - INFO - Successfully emitted event for doc_id '977cb1bc-e79d-431f-8f94-5a64e56c13d9' to 'doc.classified' topic.
2025-08-04 22:15:36 - classifier - ERROR - ❌ Could not initialize Gemini: GEMINI_API_KEY not found in environment variables.
2025-08-04 22:15:37 - classifier - INFO - 🧠 Local ML model and vectorizer loaded successfully.
2025-08-04 22:15:37 - classifier - INFO - Classifier service starting...
2025-08-04 22:15:37 - classifier - INFO - Successfully connected to Kafka.
2025-08-04 22:15:37 - classifier - INFO - Classifier agent started. Waiting for messages from 'doc.extracted' topic...
2025-08-04 22:15:58 - classifier - INFO - Received new message from Kafka: doc_id '81212428-02c6-4b4c-88f5-71c0358c4536'
2025-08-04 22:15:58 - classifier - INFO - [Local ML 🤖] Prediction: Resume (confidence: 0.049)
2025-08-04 22:15:58 - classifier - INFO - Doc '81212428-02c6-4b4c-88f5-71c0358c4536' classified as 'resume' by Local ML boosted (Confidence: 0.7)
2025-08-04 22:15:58 - classifier - INFO - Successfully emitted event for doc_id '81212428-02c6-4b4c-88f5-71c0358c4536' to 'doc.classified' topic.
2025-08-05 08:14:03 - classifier - ERROR - ❌ Could not initialize Gemini: GEMINI_API_KEY not found in environment variables.
2025-08-05 08:14:04 - classifier - INFO - 🧠 Local ML model and vectorizer loaded successfully.
2025-08-05 08:14:04 - classifier - INFO - Classifier service starting...
2025-08-05 08:14:06 - classifier - ERROR - Could not connect to Kafka. Please ensure Kafka is running.
Traceback (most recent call last):
  File "D:\Langs\Team_Docs\Local working prototype\Document-Ingestion-and-Classification\Backend\classifier\classifier.py", line 77, in <module>
    producer = KafkaProducer(
               ^^^^^^^^^^^^^^
  File "D:\Langs\Team_Docs\Local working prototype\Document-Ingestion-and-Classification\Backend\venv\Lib\site-packages\kafka\producer\kafka.py", line 481, in __init__
    client = self.config['kafka_client'](
             ^^^^^^^^^^^^^^^^^^^^^^^^^^^^
  File "D:\Langs\Team_Docs\Local working prototype\Document-Ingestion-and-Classification\Backend\venv\Lib\site-packages\kafka\client_async.py", line 262, in __init__
    self.config['api_version'] = self.check_version()
                                 ^^^^^^^^^^^^^^^^^^^^
  File "D:\Langs\Team_Docs\Local working prototype\Document-Ingestion-and-Classification\Backend\venv\Lib\site-packages\kafka\client_async.py", line 1074, in check_version
    raise Errors.NoBrokersAvailable()
kafka.errors.NoBrokersAvailable: NoBrokersAvailable
2025-08-05 08:46:36 - classifier - ERROR - ❌ Could not initialize Gemini: GEMINI_API_KEY not found in environment variables.
2025-08-05 08:46:38 - classifier - INFO - 🧠 Local ML model and vectorizer loaded successfully.
2025-08-05 08:46:38 - classifier - INFO - Classifier service starting...
2025-08-05 08:46:38 - classifier - INFO - Successfully connected to Kafka.
2025-08-05 08:46:38 - classifier - INFO - Classifier agent started. Waiting for messages from 'doc.extracted' topic...
2025-08-05 09:03:50 - classifier - ERROR - ❌ Could not initialize Gemini: GEMINI_API_KEY not found in environment variables.
2025-08-05 09:03:51 - classifier - INFO - 🧠 Local ML model and vectorizer loaded successfully.
2025-08-05 09:03:51 - classifier - INFO - Classifier service starting...
2025-08-05 09:03:51 - classifier - INFO - Successfully connected to Kafka.
2025-08-05 09:03:51 - classifier - INFO - Classifier agent started. Waiting for messages from 'doc.extracted' topic...
2025-08-05 09:04:17 - classifier - ERROR - ❌ Could not initialize Gemini: GEMINI_API_KEY not found in environment variables.
2025-08-05 09:04:18 - classifier - INFO - 🧠 Local ML model and vectorizer loaded successfully.
2025-08-05 09:04:18 - classifier - INFO - Classifier service starting...
2025-08-05 09:04:18 - classifier - INFO - Successfully connected to Kafka.
2025-08-05 09:04:18 - classifier - INFO - Classifier agent started. Waiting for messages from 'doc.extracted' topic...
2025-08-05 09:08:53 - classifier - ERROR - ❌ Could not initialize Gemini: GEMINI_API_KEY not found in environment variables.
2025-08-05 09:08:54 - classifier - INFO - 🧠 Local ML model and vectorizer loaded successfully.
2025-08-05 09:08:54 - classifier - INFO - Classifier service starting...
2025-08-05 09:08:54 - classifier - INFO - Successfully connected to Kafka.
2025-08-05 09:08:54 - classifier - INFO - Classifier agent started. Waiting for messages from 'doc.extracted' topic...
2025-08-05 09:13:14 - classifier - ERROR - ❌ Could not initialize Gemini: GEMINI_API_KEY not found in environment variables.
2025-08-05 09:13:15 - classifier - INFO - 🧠 Local ML model and vectorizer loaded successfully.
2025-08-05 09:13:15 - classifier - INFO - Classifier service starting...
2025-08-05 09:13:15 - classifier - INFO - Successfully connected to Kafka.
2025-08-05 09:13:15 - classifier - INFO - Classifier agent started. Waiting for messages from 'doc.extracted' topic...
2025-08-05 09:16:31 - classifier - ERROR - ❌ Could not initialize Gemini: GEMINI_API_KEY not found in environment variables.
2025-08-05 09:16:32 - classifier - INFO - 🧠 Local ML model and vectorizer loaded successfully.
2025-08-05 09:16:32 - classifier - INFO - Classifier service starting...
2025-08-05 09:16:32 - classifier - INFO - Successfully connected to Kafka.
2025-08-05 09:16:32 - classifier - INFO - Classifier agent started. Waiting for messages from 'doc.extracted' topic...
2025-08-05 12:46:32 - classifier - ERROR - ❌ Could not initialize Gemini: GEMINI_API_KEY not found in environment variables.
2025-08-05 12:46:42 - classifier - INFO - 🧠 Local ML model and vectorizer loaded successfully.
2025-08-05 12:46:42 - classifier - INFO - Classifier service starting...
2025-08-05 12:46:42 - classifier - INFO - Successfully connected to Kafka.
2025-08-05 12:46:42 - classifier - INFO - Classifier agent started. Waiting for messages from 'doc.extracted' topic...
2025-08-05 12:47:50 - classifier - INFO - Received new message from Kafka: doc_id 'ab7b9eae-daea-49f6-b783-da39914b4ce6'
2025-08-05 12:47:50 - classifier - INFO - [Local ML 🤖] Prediction: Technical (confidence: 0.056)
2025-08-05 12:47:50 - classifier - INFO - Doc 'ab7b9eae-daea-49f6-b783-da39914b4ce6' classified as 'technical' by Local ML boosted (Confidence: 0.7)
2025-08-05 12:47:50 - classifier - INFO - Successfully emitted event for doc_id 'ab7b9eae-daea-49f6-b783-da39914b4ce6' to 'doc.classified' topic.
2025-08-05 23:29:58 - classifier - ERROR - ❌ Could not initialize Gemini: GEMINI_API_KEY not found in environment variables.
2025-08-05 23:30:06 - classifier - INFO - 🧠 Local ML model and vectorizer loaded successfully.
2025-08-05 23:30:06 - classifier - INFO - Classifier service starting...
2025-08-05 23:30:06 - classifier - INFO - Database connection established
2025-08-05 23:30:06 - classifier - INFO - Successfully connected to Kafka.
2025-08-05 23:30:06 - classifier - INFO - Classifier agent started. Waiting for messages from 'doc.extracted' topic...
2025-08-05 23:30:09 - classifier - INFO - Received new message from Kafka: doc_id '08b16be1-85a4-4fcf-849b-9a4ebe445dc5'
2025-08-05 23:30:10 - classifier - INFO - [Local ML 🤖] Prediction: Marksheet (confidence: 0.024)
2025-08-05 23:30:10 - classifier - INFO - Doc '08b16be1-85a4-4fcf-849b-9a4ebe445dc5' classified as 'marksheet' by Local ML boosted (Confidence: 0.7)
2025-08-05 23:30:10 - classifier - INFO - Successfully emitted event for doc_id '08b16be1-85a4-4fcf-849b-9a4ebe445dc5' to 'doc.classified' topic.
2025-08-05 23:30:10 - classifier - INFO - Received new message from Kafka: doc_id 'cb5b6f70-1f04-4bff-baf0-9e24c863cbc2'
2025-08-05 23:30:10 - classifier - INFO - [Local ML 🤖] Prediction: Marksheet (confidence: 0.024)
2025-08-05 23:30:10 - classifier - INFO - Doc 'cb5b6f70-1f04-4bff-baf0-9e24c863cbc2' classified as 'marksheet' by Local ML boosted (Confidence: 0.7)
2025-08-05 23:30:10 - classifier - INFO - Successfully emitted event for doc_id 'cb5b6f70-1f04-4bff-baf0-9e24c863cbc2' to 'doc.classified' topic.
2025-08-05 23:41:16 - classifier - ERROR - ❌ Could not initialize Gemini: GEMINI_API_KEY not found in environment variables.
2025-08-05 23:41:16 - classifier - INFO - 🧠 Local ML model and vectorizer loaded successfully.
2025-08-05 23:41:16 - classifier - INFO - Classifier service starting...
2025-08-05 23:41:17 - classifier - INFO - Database connection established
2025-08-05 23:41:17 - classifier - INFO - Successfully connected to Kafka.
2025-08-05 23:41:17 - classifier - INFO - Classifier agent started. Waiting for messages from 'doc.extracted' topic...
2025-08-06 09:16:56 - classifier - ERROR - ❌ Could not initialize Gemini: GEMINI_API_KEY not found in environment variables.
2025-08-06 09:16:57 - classifier - INFO - 🧠 Local ML model and vectorizer loaded successfully.
2025-08-06 09:16:57 - classifier - INFO - Classifier service starting...
2025-08-06 09:16:57 - classifier - INFO - Database connection established
2025-08-06 09:16:57 - classifier - INFO - Successfully connected to Kafka.
2025-08-06 09:16:57 - classifier - INFO - Classifier agent started. Waiting for messages from 'doc.extracted' topic...
2025-08-06 13:14:57 - classifier - ERROR - ❌ Could not initialize Gemini: GEMINI_API_KEY not found in environment variables.
2025-08-06 13:15:23 - classifier - ERROR - ❌ Could not initialize Gemini: GEMINI_API_KEY not found in environment variables.
2025-08-06 13:15:32 - classifier - INFO - 🧠 Local ML model and vectorizer loaded successfully.
2025-08-06 13:15:32 - classifier - INFO - Classifier service starting...
2025-08-06 13:15:32 - classifier - INFO - Database connection established
2025-08-06 13:15:32 - classifier - INFO - Successfully connected to Kafka.
2025-08-06 13:15:32 - classifier - INFO - Classifier agent started. Waiting for messages from 'doc.extracted' topic...
2025-08-06 13:17:24 - classifier - INFO - Received new message from Kafka: doc_id '03b91f6e-506f-4f76-bac8-9471fb11b9bd'
2025-08-06 13:17:24 - classifier - ERROR - [⚠ Local ML error]
Traceback (most recent call last):
  File "D:\Langs\Team_Docs\Local working prototype\Document-Ingestion-and-Classification\backend\classifier\genai_utils.py", line 91, in classify_document
    proba = classifier_model.predict_proba(vec)[0]
            ^^^^^^^^^^^^^^^^^^^^^^^^^^^^^^
AttributeError: 'LinearSVC' object has no attribute 'predict_proba'. Did you mean: '_predict_proba_lr'?
2025-08-06 13:17:24 - classifier - INFO - Doc '03b91f6e-506f-4f76-bac8-9471fb11b9bd' classified as 'other' by Fallback Error (Confidence: 0.0)
2025-08-06 13:17:24 - classifier - INFO - Successfully emitted event for doc_id '03b91f6e-506f-4f76-bac8-9471fb11b9bd' to 'doc.classified' topic.
2025-08-06 13:17:25 - classifier - INFO - Received new message from Kafka: doc_id '74e9e196-cf23-4918-8635-7a3173ad02b7'
2025-08-06 13:17:25 - classifier - ERROR - [⚠ Local ML error]
Traceback (most recent call last):
  File "D:\Langs\Team_Docs\Local working prototype\Document-Ingestion-and-Classification\backend\classifier\genai_utils.py", line 91, in classify_document
    proba = classifier_model.predict_proba(vec)[0]
            ^^^^^^^^^^^^^^^^^^^^^^^^^^^^^^
AttributeError: 'LinearSVC' object has no attribute 'predict_proba'. Did you mean: '_predict_proba_lr'?
2025-08-06 13:17:25 - classifier - INFO - Doc '74e9e196-cf23-4918-8635-7a3173ad02b7' classified as 'other' by Fallback Error (Confidence: 0.0)
2025-08-06 13:17:26 - classifier - INFO - Successfully emitted event for doc_id '74e9e196-cf23-4918-8635-7a3173ad02b7' to 'doc.classified' topic.
2025-08-06 13:24:53 - classifier - ERROR - ❌ Could not initialize Gemini: GEMINI_API_KEY not found in environment variables.
2025-08-06 13:24:54 - classifier - INFO - 🧠 Local ML model and vectorizer loaded successfully.
2025-08-06 13:24:54 - classifier - INFO - Classifier service starting...
2025-08-06 13:24:55 - classifier - INFO - Database connection established
2025-08-06 13:24:55 - classifier - INFO - Successfully connected to Kafka.
2025-08-06 13:24:55 - classifier - INFO - Classifier agent started. Waiting for messages from 'doc.extracted' topic...
2025-08-06 13:25:08 - classifier - INFO - Received new message from Kafka: doc_id '7b6a155c-4091-42ca-8483-4d49c05a0f27'
2025-08-06 13:25:08 - classifier - INFO - [Local ML 🤖] Prediction: Invoice (confidence: 0.658)
2025-08-06 13:25:08 - classifier - INFO - Doc '7b6a155c-4091-42ca-8483-4d49c05a0f27' classified as 'invoice' by Local ML boosted (Confidence: 0.99)
2025-08-06 13:25:09 - classifier - INFO - Successfully emitted event for doc_id '7b6a155c-4091-42ca-8483-4d49c05a0f27' to 'doc.classified' topic.
2025-08-06 13:25:09 - classifier - INFO - Received new message from Kafka: doc_id '6d2e5e1b-8dc0-4da4-9c5b-2361ebe18fa0'
2025-08-06 13:25:10 - classifier - INFO - [Local ML 🤖] Prediction: Invoice (confidence: 0.658)
2025-08-06 13:25:10 - classifier - INFO - Doc '6d2e5e1b-8dc0-4da4-9c5b-2361ebe18fa0' classified as 'invoice' by Local ML boosted (Confidence: 0.99)
2025-08-06 13:25:10 - classifier - INFO - Successfully emitted event for doc_id '6d2e5e1b-8dc0-4da4-9c5b-2361ebe18fa0' to 'doc.classified' topic.
2025-08-06 13:31:55 - classifier - INFO - Received new message from Kafka: doc_id '8ca11e6d-73d0-4c10-b19a-a394620ff234'
2025-08-06 13:31:55 - classifier - INFO - [Local ML 🤖] Prediction: Degree Certificate (confidence: 0.132)
2025-08-06 13:31:55 - classifier - INFO - Doc '8ca11e6d-73d0-4c10-b19a-a394620ff234' classified as 'degree certificate' by Local ML boosted (Confidence: 0.7)
2025-08-06 13:31:55 - classifier - INFO - Successfully emitted event for doc_id '8ca11e6d-73d0-4c10-b19a-a394620ff234' to 'doc.classified' topic.
2025-08-06 13:31:56 - classifier - INFO - Received new message from Kafka: doc_id '3854ce50-dc8c-4891-aeb1-8c85342e4292'
2025-08-06 13:31:56 - classifier - INFO - [Local ML 🤖] Prediction: Degree Certificate (confidence: 0.132)
2025-08-06 13:31:56 - classifier - INFO - Doc '3854ce50-dc8c-4891-aeb1-8c85342e4292' classified as 'degree certificate' by Local ML boosted (Confidence: 0.7)
2025-08-06 13:31:57 - classifier - INFO - Successfully emitted event for doc_id '3854ce50-dc8c-4891-aeb1-8c85342e4292' to 'doc.classified' topic.
2025-08-06 13:39:32 - classifier - ERROR - ❌ Could not initialize Gemini: GEMINI_API_KEY not found in environment variables.
2025-08-06 13:39:46 - classifier - INFO - 🧠 Local ML model and vectorizer loaded successfully.
2025-08-06 13:39:46 - classifier - INFO - Classifier service starting...
2025-08-06 13:39:46 - classifier - INFO - Database connection established
2025-08-06 13:39:46 - classifier - INFO - Successfully connected to Kafka.
2025-08-06 13:39:46 - classifier - INFO - Classifier agent started. Waiting for messages from 'doc.extracted' topic...
2025-08-06 13:39:50 - classifier - INFO - Received new message from Kafka: doc_id '746d852e-eb87-4f5c-884a-1c4023f34c2e'
2025-08-06 13:39:50 - classifier - INFO - [Local ML 🤖] Prediction: Marksheet (confidence: 0.759)
2025-08-06 13:39:50 - classifier - INFO - Doc '746d852e-eb87-4f5c-884a-1c4023f34c2e' classified as 'marksheet' by Local ML boosted (Confidence: 0.76)
2025-08-06 13:39:50 - classifier - INFO - Successfully emitted event for doc_id '746d852e-eb87-4f5c-884a-1c4023f34c2e' to 'doc.classified' topic.
2025-08-06 13:39:50 - classifier - INFO - Received new message from Kafka: doc_id 'd91a363d-cb0f-4b70-aa67-80f71099a64e'
2025-08-06 13:39:50 - classifier - INFO - [Local ML 🤖] Prediction: Marksheet (confidence: 0.759)
2025-08-06 13:39:50 - classifier - INFO - Doc 'd91a363d-cb0f-4b70-aa67-80f71099a64e' classified as 'marksheet' by Local ML boosted (Confidence: 0.76)
2025-08-06 13:39:50 - classifier - INFO - Successfully emitted event for doc_id 'd91a363d-cb0f-4b70-aa67-80f71099a64e' to 'doc.classified' topic.
2025-08-06 13:41:00 - classifier - INFO - Received new message from Kafka: doc_id 'a09894a8-6fe1-4b19-8d9a-694513fd6f79'
2025-08-06 13:41:00 - classifier - INFO - [Local ML 🤖] Prediction: Prescription (confidence: 0.124)
2025-08-06 13:41:00 - classifier - INFO - Doc 'a09894a8-6fe1-4b19-8d9a-694513fd6f79' classified as 'prescription' by Local ML boosted (Confidence: 0.7)
2025-08-06 13:41:00 - classifier - INFO - Successfully emitted event for doc_id 'a09894a8-6fe1-4b19-8d9a-694513fd6f79' to 'doc.classified' topic.
2025-08-06 13:41:01 - classifier - INFO - Received new message from Kafka: doc_id '7d1aa6f6-6745-48ee-8615-62677f350a11'
2025-08-06 13:41:01 - classifier - INFO - [Local ML 🤖] Prediction: Prescription (confidence: 0.117)
2025-08-06 13:41:01 - classifier - INFO - Doc '7d1aa6f6-6745-48ee-8615-62677f350a11' classified as 'prescription' by Local ML boosted (Confidence: 0.7)
2025-08-06 13:41:01 - classifier - INFO - Successfully emitted event for doc_id '7d1aa6f6-6745-48ee-8615-62677f350a11' to 'doc.classified' topic.
2025-08-06 13:41:01 - classifier - INFO - Received new message from Kafka: doc_id '3d3403bf-f574-449a-92ae-798329d37d5d'
2025-08-06 13:41:01 - classifier - INFO - [Local ML 🤖] Prediction: Brochure (confidence: 0.155)
2025-08-06 13:41:01 - classifier - INFO - Doc '3d3403bf-f574-449a-92ae-798329d37d5d' classified as 'brochure' by Local ML boosted (Confidence: 0.7)
2025-08-06 13:41:02 - classifier - INFO - Successfully emitted event for doc_id '3d3403bf-f574-449a-92ae-798329d37d5d' to 'doc.classified' topic.
2025-08-06 13:41:48 - classifier - INFO - Received new message from Kafka: doc_id '28057b64-f26c-4e3d-9448-4b5532f41009'
2025-08-06 13:41:48 - classifier - INFO - [Local ML 🤖] Prediction: Technical (confidence: 0.111)
2025-08-06 13:41:48 - classifier - INFO - Doc '28057b64-f26c-4e3d-9448-4b5532f41009' classified as 'technical' by Local ML boosted (Confidence: 0.7)
2025-08-06 13:41:48 - classifier - INFO - Successfully emitted event for doc_id '28057b64-f26c-4e3d-9448-4b5532f41009' to 'doc.classified' topic.
2025-08-06 13:41:49 - classifier - INFO - Received new message from Kafka: doc_id 'cbd830f5-1579-4063-9faa-353bf68d51db'
2025-08-06 13:41:49 - classifier - INFO - [Local ML 🤖] Prediction: Resume (confidence: 0.247)
2025-08-06 13:41:49 - classifier - INFO - Doc 'cbd830f5-1579-4063-9faa-353bf68d51db' classified as 'resume' by Local ML boosted (Confidence: 0.7)
2025-08-06 13:41:50 - classifier - INFO - Successfully emitted event for doc_id 'cbd830f5-1579-4063-9faa-353bf68d51db' to 'doc.classified' topic.
2025-08-06 13:41:52 - classifier - INFO - Received new message from Kafka: doc_id '0e3d3922-b413-4488-819f-b5f110fa78ca'
2025-08-06 13:41:52 - classifier - INFO - [Local ML 🤖] Prediction: Business Pitch Deck (confidence: 0.195)
2025-08-06 13:41:52 - classifier - INFO - Doc '0e3d3922-b413-4488-819f-b5f110fa78ca' classified as 'business pitch deck' by Local ML boosted (Confidence: 0.7)
2025-08-06 13:41:52 - classifier - INFO - Successfully emitted event for doc_id '0e3d3922-b413-4488-819f-b5f110fa78ca' to 'doc.classified' topic.
2025-08-06 13:45:01 - classifier - ERROR - ❌ Could not initialize Gemini: GEMINI_API_KEY not found in environment variables.
2025-08-06 13:45:02 - classifier - INFO - 🧠 Local ML model and vectorizer loaded successfully.
2025-08-06 13:45:02 - classifier - INFO - Classifier service starting...
2025-08-06 13:45:02 - classifier - INFO - Database connection established
2025-08-06 13:45:02 - classifier - INFO - Successfully connected to Kafka.
2025-08-06 13:45:02 - classifier - INFO - Classifier agent started. Waiting for messages from 'doc.extracted' topic...
2025-08-06 13:46:01 - classifier - INFO - Received new message from Kafka: doc_id 'd1ce2865-fcb2-44a3-a237-ed582913a20b'
2025-08-06 13:46:01 - classifier - INFO - [Local ML 🤖] Prediction: Prescription (confidence: 0.117)
2025-08-06 13:46:01 - classifier - INFO - Doc 'd1ce2865-fcb2-44a3-a237-ed582913a20b' classified as 'prescription' by Local ML boosted (Confidence: 0.7)
2025-08-06 13:46:01 - classifier - INFO - Successfully emitted event for doc_id 'd1ce2865-fcb2-44a3-a237-ed582913a20b' to 'doc.classified' topic.
2025-08-06 13:46:02 - classifier - INFO - Received new message from Kafka: doc_id 'd62179ca-9990-428a-8dcd-37becbfe3f82'
2025-08-06 13:46:02 - classifier - INFO - [Local ML 🤖] Prediction: Brochure (confidence: 0.155)
2025-08-06 13:46:02 - classifier - INFO - Doc 'd62179ca-9990-428a-8dcd-37becbfe3f82' classified as 'brochure' by Local ML boosted (Confidence: 0.7)
2025-08-06 13:46:02 - classifier - INFO - Successfully emitted event for doc_id 'd62179ca-9990-428a-8dcd-37becbfe3f82' to 'doc.classified' topic.
2025-08-06 13:46:02 - classifier - INFO - Received new message from Kafka: doc_id '637bac53-af65-499c-9f7a-7e6b2b5b34e4'
2025-08-06 13:46:02 - classifier - INFO - [Local ML 🤖] Prediction: Prescription (confidence: 0.124)
2025-08-06 13:46:02 - classifier - INFO - Doc '637bac53-af65-499c-9f7a-7e6b2b5b34e4' classified as 'prescription' by Local ML boosted (Confidence: 0.7)
2025-08-06 13:46:02 - classifier - INFO - Successfully emitted event for doc_id '637bac53-af65-499c-9f7a-7e6b2b5b34e4' to 'doc.classified' topic.
2025-08-06 13:46:49 - classifier - INFO - Received new message from Kafka: doc_id 'b0ebd6fa-2da4-42fa-a12e-05358e11dbae'
2025-08-06 13:46:49 - classifier - INFO - [Local ML 🤖] Prediction: Resume (confidence: 0.247)
2025-08-06 13:46:49 - classifier - INFO - Doc 'b0ebd6fa-2da4-42fa-a12e-05358e11dbae' classified as 'resume' by Local ML boosted (Confidence: 0.7)
2025-08-06 13:46:49 - classifier - INFO - Successfully emitted event for doc_id 'b0ebd6fa-2da4-42fa-a12e-05358e11dbae' to 'doc.classified' topic.
2025-08-06 13:47:08 - classifier - INFO - Received new message from Kafka: doc_id '7e0a33d7-3990-4428-b018-805bed465a05'
2025-08-06 13:47:08 - classifier - INFO - [Local ML 🤖] Prediction: Business Pitch Deck (confidence: 0.195)
2025-08-06 13:47:08 - classifier - INFO - Doc '7e0a33d7-3990-4428-b018-805bed465a05' classified as 'business pitch deck' by Local ML boosted (Confidence: 0.7)
2025-08-06 13:47:08 - classifier - INFO - Successfully emitted event for doc_id '7e0a33d7-3990-4428-b018-805bed465a05' to 'doc.classified' topic.
2025-08-06 13:47:08 - classifier - INFO - Received new message from Kafka: doc_id '2280d2d3-10c9-4626-b6da-46572ea4b76e'
2025-08-06 13:47:08 - classifier - INFO - [Local ML 🤖] Prediction: Technical (confidence: 0.111)
2025-08-06 13:47:08 - classifier - INFO - Doc '2280d2d3-10c9-4626-b6da-46572ea4b76e' classified as 'technical' by Local ML boosted (Confidence: 0.7)
2025-08-06 13:47:08 - classifier - INFO - Successfully emitted event for doc_id '2280d2d3-10c9-4626-b6da-46572ea4b76e' to 'doc.classified' topic.
2025-08-06 13:47:39 - classifier - INFO - Received new message from Kafka: doc_id 'f882920b-53ec-495c-90de-11c7130bf932'
2025-08-06 13:47:39 - classifier - INFO - [Local ML 🤖] Prediction: Prescription (confidence: 0.117)
2025-08-06 13:47:39 - classifier - INFO - Doc 'f882920b-53ec-495c-90de-11c7130bf932' classified as 'prescription' by Local ML boosted (Confidence: 0.7)
2025-08-06 13:47:39 - classifier - INFO - Successfully emitted event for doc_id 'f882920b-53ec-495c-90de-11c7130bf932' to 'doc.classified' topic.
2025-08-06 13:47:40 - classifier - INFO - Received new message from Kafka: doc_id 'eddcb60a-1520-40b4-83a9-fecc7c8f9175'
2025-08-06 13:47:40 - classifier - INFO - [Local ML 🤖] Prediction: Resume (confidence: 0.253)
2025-08-06 13:47:40 - classifier - INFO - Doc 'eddcb60a-1520-40b4-83a9-fecc7c8f9175' classified as 'resume' by Local ML boosted (Confidence: 0.7)
2025-08-06 13:47:40 - classifier - INFO - Successfully emitted event for doc_id 'eddcb60a-1520-40b4-83a9-fecc7c8f9175' to 'doc.classified' topic.
2025-08-06 13:47:40 - classifier - INFO - Received new message from Kafka: doc_id '0f2f5cc2-e327-4d5c-942f-b88386073ac7'
2025-08-06 13:47:40 - classifier - INFO - [Local ML 🤖] Prediction: Brochure (confidence: 0.161)
2025-08-06 13:47:40 - classifier - INFO - Doc '0f2f5cc2-e327-4d5c-942f-b88386073ac7' classified as 'brochure' by Local ML boosted (Confidence: 0.7)
2025-08-06 13:47:41 - classifier - INFO - Successfully emitted event for doc_id '0f2f5cc2-e327-4d5c-942f-b88386073ac7' to 'doc.classified' topic.
2025-08-06 13:47:41 - classifier - INFO - Received new message from Kafka: doc_id 'f240a915-39d4-4498-b905-83d36a272eed'
2025-08-06 13:47:41 - classifier - INFO - [Local ML 🤖] Prediction: Prescription (confidence: 0.127)
2025-08-06 13:47:41 - classifier - INFO - Doc 'f240a915-39d4-4498-b905-83d36a272eed' classified as 'prescription' by Local ML boosted (Confidence: 0.7)
2025-08-06 13:47:41 - classifier - INFO - Successfully emitted event for doc_id 'f240a915-39d4-4498-b905-83d36a272eed' to 'doc.classified' topic.
2025-08-06 13:47:41 - classifier - INFO - Received new message from Kafka: doc_id 'e7d830af-abd2-4d64-a71d-f3018804c1ce'
2025-08-06 13:47:41 - classifier - INFO - [Local ML 🤖] Prediction: Advertisement (confidence: 0.127)
2025-08-06 13:47:41 - classifier - INFO - Doc 'e7d830af-abd2-4d64-a71d-f3018804c1ce' classified as 'advertisement' by Local ML boosted (Confidence: 0.7)
2025-08-06 13:47:41 - classifier - INFO - Successfully emitted event for doc_id 'e7d830af-abd2-4d64-a71d-f3018804c1ce' to 'doc.classified' topic.
2025-08-06 13:47:42 - classifier - INFO - Received new message from Kafka: doc_id '77781b69-62b3-4f80-af8e-a12197ab69ea'
2025-08-06 13:47:42 - classifier - INFO - [Local ML 🤖] Prediction: Prescription (confidence: 0.116)
2025-08-06 13:47:42 - classifier - INFO - Doc '77781b69-62b3-4f80-af8e-a12197ab69ea' classified as 'prescription' by Local ML boosted (Confidence: 0.7)
2025-08-06 13:47:42 - classifier - INFO - Successfully emitted event for doc_id '77781b69-62b3-4f80-af8e-a12197ab69ea' to 'doc.classified' topic.
2025-08-06 13:47:42 - classifier - INFO - Received new message from Kafka: doc_id '1e06e079-c291-4c7b-8b42-09917c097302'
2025-08-06 13:47:42 - classifier - INFO - [Local ML 🤖] Prediction: Prescription (confidence: 0.122)
2025-08-06 13:47:42 - classifier - INFO - Doc '1e06e079-c291-4c7b-8b42-09917c097302' classified as 'prescription' by Local ML boosted (Confidence: 0.7)
2025-08-06 13:47:42 - classifier - INFO - Successfully emitted event for doc_id '1e06e079-c291-4c7b-8b42-09917c097302' to 'doc.classified' topic.
2025-08-06 13:47:42 - classifier - INFO - Received new message from Kafka: doc_id '00c3c65e-4317-4497-a5cd-6a2d442bbcd2'
2025-08-06 13:47:43 - classifier - INFO - [Local ML 🤖] Prediction: Brochure (confidence: 0.155)
2025-08-06 13:47:43 - classifier - INFO - Doc '00c3c65e-4317-4497-a5cd-6a2d442bbcd2' classified as 'brochure' by Local ML boosted (Confidence: 0.7)
2025-08-06 13:47:43 - classifier - INFO - Successfully emitted event for doc_id '00c3c65e-4317-4497-a5cd-6a2d442bbcd2' to 'doc.classified' topic.
2025-08-06 13:47:43 - classifier - INFO - Received new message from Kafka: doc_id '7e0592ae-3e73-4609-8d49-b7890dacc26a'
2025-08-06 13:47:43 - classifier - INFO - [Local ML 🤖] Prediction: Prescription (confidence: 0.12)
2025-08-06 13:47:43 - classifier - INFO - Doc '7e0592ae-3e73-4609-8d49-b7890dacc26a' classified as 'prescription' by Local ML boosted (Confidence: 0.7)
2025-08-06 13:47:43 - classifier - INFO - Successfully emitted event for doc_id '7e0592ae-3e73-4609-8d49-b7890dacc26a' to 'doc.classified' topic.
2025-08-06 13:47:43 - classifier - INFO - Received new message from Kafka: doc_id '7ba00f84-0914-4f3a-8987-7c80fcd9527e'
2025-08-06 13:47:43 - classifier - INFO - [Local ML 🤖] Prediction: Brochure (confidence: 0.125)
2025-08-06 13:47:43 - classifier - INFO - Doc '7ba00f84-0914-4f3a-8987-7c80fcd9527e' classified as 'brochure' by Local ML boosted (Confidence: 0.7)
2025-08-06 13:47:44 - classifier - INFO - Successfully emitted event for doc_id '7ba00f84-0914-4f3a-8987-7c80fcd9527e' to 'doc.classified' topic.
2025-08-06 13:47:44 - classifier - INFO - Received new message from Kafka: doc_id '130aa634-e15c-4b1e-ae3d-4a1175dec15c'
2025-08-06 13:47:44 - classifier - INFO - [Local ML 🤖] Prediction: Resume (confidence: 0.241)
2025-08-06 13:47:44 - classifier - INFO - Doc '130aa634-e15c-4b1e-ae3d-4a1175dec15c' classified as 'resume' by Local ML boosted (Confidence: 0.7)
2025-08-06 13:47:44 - classifier - INFO - Successfully emitted event for doc_id '130aa634-e15c-4b1e-ae3d-4a1175dec15c' to 'doc.classified' topic.
2025-08-06 13:47:45 - classifier - INFO - Received new message from Kafka: doc_id 'b07c997b-ac96-477b-8e2b-8590b4c43729'
2025-08-06 13:47:45 - classifier - INFO - [Local ML 🤖] Prediction: Resume (confidence: 0.283)
2025-08-06 13:47:45 - classifier - INFO - Doc 'b07c997b-ac96-477b-8e2b-8590b4c43729' classified as 'resume' by Local ML boosted (Confidence: 0.7)
2025-08-06 13:47:45 - classifier - INFO - Successfully emitted event for doc_id 'b07c997b-ac96-477b-8e2b-8590b4c43729' to 'doc.classified' topic.
2025-08-06 13:48:01 - classifier - INFO - Received new message from Kafka: doc_id '54b03a37-7a7c-4acf-af49-caad27e8ef00'
2025-08-06 13:48:01 - classifier - INFO - [Local ML 🤖] Prediction: Resume (confidence: 0.218)
2025-08-06 13:48:01 - classifier - INFO - Doc '54b03a37-7a7c-4acf-af49-caad27e8ef00' classified as 'resume' by Local ML boosted (Confidence: 0.7)
2025-08-06 13:48:01 - classifier - INFO - Successfully emitted event for doc_id '54b03a37-7a7c-4acf-af49-caad27e8ef00' to 'doc.classified' topic.
2025-08-06 13:48:01 - classifier - INFO - Received new message from Kafka: doc_id '1a27cc1f-5ed4-4e98-8786-cf77068c8496'
2025-08-06 13:48:01 - classifier - INFO - [Local ML 🤖] Prediction: Prescription (confidence: 0.124)
2025-08-06 13:48:01 - classifier - INFO - Doc '1a27cc1f-5ed4-4e98-8786-cf77068c8496' classified as 'prescription' by Local ML boosted (Confidence: 0.7)
2025-08-06 13:48:02 - classifier - INFO - Successfully emitted event for doc_id '1a27cc1f-5ed4-4e98-8786-cf77068c8496' to 'doc.classified' topic.
2025-08-06 13:48:02 - classifier - INFO - Received new message from Kafka: doc_id '7a845d4f-ef1c-435e-aa46-2cf7b98fb351'
2025-08-06 13:48:02 - classifier - INFO - [Local ML 🤖] Prediction: Resume (confidence: 0.255)
2025-08-06 13:48:02 - classifier - INFO - Doc '7a845d4f-ef1c-435e-aa46-2cf7b98fb351' classified as 'resume' by Local ML boosted (Confidence: 0.7)
2025-08-06 13:48:02 - classifier - INFO - Successfully emitted event for doc_id '7a845d4f-ef1c-435e-aa46-2cf7b98fb351' to 'doc.classified' topic.
2025-08-06 13:48:18 - classifier - INFO - Received new message from Kafka: doc_id '03dcb159-e5fb-4a6d-9e49-7aa84fbb6f7b'
2025-08-06 13:48:18 - classifier - INFO - [Local ML 🤖] Prediction: Resume (confidence: 0.182)
2025-08-06 13:48:18 - classifier - INFO - Doc '03dcb159-e5fb-4a6d-9e49-7aa84fbb6f7b' classified as 'resume' by Local ML boosted (Confidence: 0.7)
2025-08-06 13:48:18 - classifier - INFO - Successfully emitted event for doc_id '03dcb159-e5fb-4a6d-9e49-7aa84fbb6f7b' to 'doc.classified' topic.
2025-08-06 13:48:19 - classifier - INFO - Received new message from Kafka: doc_id '8f5d17dc-a266-4b1d-bcb4-ecb280a2195c'
2025-08-06 13:48:19 - classifier - INFO - [Local ML 🤖] Prediction: Resume (confidence: 0.196)
2025-08-06 13:48:19 - classifier - INFO - Doc '8f5d17dc-a266-4b1d-bcb4-ecb280a2195c' classified as 'resume' by Local ML boosted (Confidence: 0.7)
2025-08-06 13:48:19 - classifier - INFO - Successfully emitted event for doc_id '8f5d17dc-a266-4b1d-bcb4-ecb280a2195c' to 'doc.classified' topic.
2025-08-06 13:48:34 - classifier - INFO - Received new message from Kafka: doc_id '626c11e6-4521-4392-8d25-04550a5793b9'
2025-08-06 13:48:34 - classifier - INFO - [Local ML 🤖] Prediction: Resume (confidence: 0.275)
2025-08-06 13:48:34 - classifier - INFO - Doc '626c11e6-4521-4392-8d25-04550a5793b9' classified as 'resume' by Local ML boosted (Confidence: 0.7)
2025-08-06 13:48:35 - classifier - INFO - Successfully emitted event for doc_id '626c11e6-4521-4392-8d25-04550a5793b9' to 'doc.classified' topic.
2025-08-06 13:48:35 - classifier - INFO - Received new message from Kafka: doc_id 'b1349bab-166d-4707-bfd1-d60b642008aa'
2025-08-06 13:48:35 - classifier - INFO - [Local ML 🤖] Prediction: Prescription (confidence: 0.117)
2025-08-06 13:48:35 - classifier - INFO - Doc 'b1349bab-166d-4707-bfd1-d60b642008aa' classified as 'prescription' by Local ML boosted (Confidence: 0.7)
2025-08-06 13:48:35 - classifier - INFO - Successfully emitted event for doc_id 'b1349bab-166d-4707-bfd1-d60b642008aa' to 'doc.classified' topic.
2025-08-06 13:48:36 - classifier - INFO - Received new message from Kafka: doc_id '7b98d023-9190-4994-962f-cf3e6c11fc42'
2025-08-06 13:48:36 - classifier - INFO - [Local ML 🤖] Prediction: Prescription (confidence: 0.122)
2025-08-06 13:48:36 - classifier - INFO - Doc '7b98d023-9190-4994-962f-cf3e6c11fc42' classified as 'prescription' by Local ML boosted (Confidence: 0.7)
2025-08-06 13:48:36 - classifier - INFO - Successfully emitted event for doc_id '7b98d023-9190-4994-962f-cf3e6c11fc42' to 'doc.classified' topic.
2025-08-06 13:49:22 - classifier - INFO - Received new message from Kafka: doc_id 'f1e5eb04-e44d-48ef-b022-87d613a8b992'
2025-08-06 13:49:22 - classifier - INFO - [Local ML 🤖] Prediction: Technical (confidence: 0.111)
2025-08-06 13:49:22 - classifier - INFO - Doc 'f1e5eb04-e44d-48ef-b022-87d613a8b992' classified as 'technical' by Local ML boosted (Confidence: 0.7)
2025-08-06 13:49:22 - classifier - INFO - Successfully emitted event for doc_id 'f1e5eb04-e44d-48ef-b022-87d613a8b992' to 'doc.classified' topic.
2025-08-06 13:49:23 - classifier - INFO - Received new message from Kafka: doc_id 'c40e6a2c-c487-4b06-897c-9971355b9ecb'
2025-08-06 13:49:23 - classifier - INFO - [Local ML 🤖] Prediction: Resume (confidence: 0.247)
2025-08-06 13:49:23 - classifier - INFO - Doc 'c40e6a2c-c487-4b06-897c-9971355b9ecb' classified as 'resume' by Local ML boosted (Confidence: 0.7)
2025-08-06 13:49:23 - classifier - INFO - Successfully emitted event for doc_id 'c40e6a2c-c487-4b06-897c-9971355b9ecb' to 'doc.classified' topic.
2025-08-06 13:49:25 - classifier - INFO - Received new message from Kafka: doc_id '433d97e8-28d5-4fdb-81c3-850101aecaa7'
2025-08-06 13:49:25 - classifier - INFO - [Local ML 🤖] Prediction: Business Pitch Deck (confidence: 0.195)
2025-08-06 13:49:25 - classifier - INFO - Doc '433d97e8-28d5-4fdb-81c3-850101aecaa7' classified as 'business pitch deck' by Local ML boosted (Confidence: 0.7)
2025-08-06 13:49:25 - classifier - INFO - Successfully emitted event for doc_id '433d97e8-28d5-4fdb-81c3-850101aecaa7' to 'doc.classified' topic.
2025-08-06 13:49:25 - classifier - INFO - Received new message from Kafka: doc_id '3463cfe8-c501-40fd-bdab-3ac9b520438a'
2025-08-06 13:49:25 - classifier - INFO - [Local ML 🤖] Prediction: Advertisement (confidence: 0.127)
2025-08-06 13:49:25 - classifier - INFO - Doc '3463cfe8-c501-40fd-bdab-3ac9b520438a' classified as 'advertisement' by Local ML boosted (Confidence: 0.7)
2025-08-06 13:49:25 - classifier - INFO - Successfully emitted event for doc_id '3463cfe8-c501-40fd-bdab-3ac9b520438a' to 'doc.classified' topic.
2025-08-06 13:49:25 - classifier - INFO - Received new message from Kafka: doc_id 'ddf1d6c9-eeac-420a-9fa7-b091f27ee647'
2025-08-06 13:49:26 - classifier - INFO - [Local ML 🤖] Prediction: Resume (confidence: 0.253)
2025-08-06 13:49:26 - classifier - INFO - Doc 'ddf1d6c9-eeac-420a-9fa7-b091f27ee647' classified as 'resume' by Local ML boosted (Confidence: 0.7)
2025-08-06 13:49:26 - classifier - INFO - Successfully emitted event for doc_id 'ddf1d6c9-eeac-420a-9fa7-b091f27ee647' to 'doc.classified' topic.
2025-08-06 13:49:26 - classifier - INFO - Received new message from Kafka: doc_id 'a6c6a6cf-d1f6-46c6-8879-8f98006aae8f'
2025-08-06 13:49:26 - classifier - INFO - [Local ML 🤖] Prediction: Brochure (confidence: 0.161)
2025-08-06 13:49:26 - classifier - INFO - Doc 'a6c6a6cf-d1f6-46c6-8879-8f98006aae8f' classified as 'brochure' by Local ML boosted (Confidence: 0.7)
2025-08-06 13:49:26 - classifier - INFO - Successfully emitted event for doc_id 'a6c6a6cf-d1f6-46c6-8879-8f98006aae8f' to 'doc.classified' topic.
2025-08-06 13:49:26 - classifier - INFO - Received new message from Kafka: doc_id 'e8bcbae3-227f-48e7-82fb-9ff8678e23bb'
2025-08-06 13:49:26 - classifier - INFO - [Local ML 🤖] Prediction: Prescription (confidence: 0.127)
2025-08-06 13:49:26 - classifier - INFO - Doc 'e8bcbae3-227f-48e7-82fb-9ff8678e23bb' classified as 'prescription' by Local ML boosted (Confidence: 0.7)
2025-08-06 13:49:27 - classifier - INFO - Successfully emitted event for doc_id 'e8bcbae3-227f-48e7-82fb-9ff8678e23bb' to 'doc.classified' topic.
2025-08-06 13:49:27 - classifier - INFO - Received new message from Kafka: doc_id 'e6fdcf20-26fc-4c9c-ac17-2075fc066562'
2025-08-06 13:49:27 - classifier - INFO - [Local ML 🤖] Prediction: Prescription (confidence: 0.122)
2025-08-06 13:49:27 - classifier - INFO - Doc 'e6fdcf20-26fc-4c9c-ac17-2075fc066562' classified as 'prescription' by Local ML boosted (Confidence: 0.7)
2025-08-06 13:49:27 - classifier - INFO - Successfully emitted event for doc_id 'e6fdcf20-26fc-4c9c-ac17-2075fc066562' to 'doc.classified' topic.
2025-08-06 13:49:27 - classifier - INFO - Received new message from Kafka: doc_id '0c46142d-6827-40f4-b99e-4070b1f28276'
2025-08-06 13:49:27 - classifier - INFO - [Local ML 🤖] Prediction: Prescription (confidence: 0.116)
2025-08-06 13:49:27 - classifier - INFO - Doc '0c46142d-6827-40f4-b99e-4070b1f28276' classified as 'prescription' by Local ML boosted (Confidence: 0.7)
2025-08-06 13:49:27 - classifier - INFO - Successfully emitted event for doc_id '0c46142d-6827-40f4-b99e-4070b1f28276' to 'doc.classified' topic.
2025-08-06 13:49:28 - classifier - INFO - Received new message from Kafka: doc_id '74061fe2-86f3-4c0b-b195-9a860be5475d'
2025-08-06 13:49:28 - classifier - INFO - [Local ML 🤖] Prediction: Brochure (confidence: 0.125)
2025-08-06 13:49:28 - classifier - INFO - Doc '74061fe2-86f3-4c0b-b195-9a860be5475d' classified as 'brochure' by Local ML boosted (Confidence: 0.7)
2025-08-06 13:49:28 - classifier - INFO - Successfully emitted event for doc_id '74061fe2-86f3-4c0b-b195-9a860be5475d' to 'doc.classified' topic.
2025-08-06 13:49:28 - classifier - INFO - Received new message from Kafka: doc_id '8d6fdb73-2f31-410a-b3c3-6561409fac4b'
2025-08-06 13:49:28 - classifier - INFO - [Local ML 🤖] Prediction: Prescription (confidence: 0.12)
2025-08-06 13:49:28 - classifier - INFO - Doc '8d6fdb73-2f31-410a-b3c3-6561409fac4b' classified as 'prescription' by Local ML boosted (Confidence: 0.7)
2025-08-06 13:49:28 - classifier - INFO - Successfully emitted event for doc_id '8d6fdb73-2f31-410a-b3c3-6561409fac4b' to 'doc.classified' topic.
2025-08-06 13:49:28 - classifier - INFO - Received new message from Kafka: doc_id 'aa3fd548-8dc2-41a4-8893-8dc79d428769'
2025-08-06 13:49:28 - classifier - INFO - [Local ML 🤖] Prediction: Resume (confidence: 0.241)
2025-08-06 13:49:28 - classifier - INFO - Doc 'aa3fd548-8dc2-41a4-8893-8dc79d428769' classified as 'resume' by Local ML boosted (Confidence: 0.7)
2025-08-06 13:49:28 - classifier - INFO - Successfully emitted event for doc_id 'aa3fd548-8dc2-41a4-8893-8dc79d428769' to 'doc.classified' topic.
2025-08-06 13:49:29 - classifier - INFO - Received new message from Kafka: doc_id '28c67eaa-6aac-427a-bfc8-3447af511153'
2025-08-06 13:49:29 - classifier - INFO - [Local ML 🤖] Prediction: Resume (confidence: 0.283)
2025-08-06 13:49:29 - classifier - INFO - Doc '28c67eaa-6aac-427a-bfc8-3447af511153' classified as 'resume' by Local ML boosted (Confidence: 0.7)
2025-08-06 13:49:29 - classifier - INFO - Successfully emitted event for doc_id '28c67eaa-6aac-427a-bfc8-3447af511153' to 'doc.classified' topic.
2025-08-06 13:49:30 - classifier - INFO - Received new message from Kafka: doc_id '1b9c63e0-cc53-4267-ac3a-5d6bf29f6115'
2025-08-06 13:49:30 - classifier - INFO - [Local ML 🤖] Prediction: Resume (confidence: 0.218)
2025-08-06 13:49:30 - classifier - INFO - Doc '1b9c63e0-cc53-4267-ac3a-5d6bf29f6115' classified as 'resume' by Local ML boosted (Confidence: 0.7)
2025-08-06 13:49:30 - classifier - INFO - Successfully emitted event for doc_id '1b9c63e0-cc53-4267-ac3a-5d6bf29f6115' to 'doc.classified' topic.
2025-08-06 13:49:30 - classifier - INFO - Received new message from Kafka: doc_id '22980beb-2b6d-4f61-a858-113efbaaac3d'
2025-08-06 13:49:30 - classifier - INFO - [Local ML 🤖] Prediction: Resume (confidence: 0.255)
2025-08-06 13:49:30 - classifier - INFO - Doc '22980beb-2b6d-4f61-a858-113efbaaac3d' classified as 'resume' by Local ML boosted (Confidence: 0.7)
2025-08-06 13:49:31 - classifier - INFO - Successfully emitted event for doc_id '22980beb-2b6d-4f61-a858-113efbaaac3d' to 'doc.classified' topic.
2025-08-06 13:49:31 - classifier - INFO - Received new message from Kafka: doc_id '0da7a032-9a48-42e4-9468-09fa715a2b49'
2025-08-06 13:49:31 - classifier - INFO - [Local ML 🤖] Prediction: Resume (confidence: 0.182)
2025-08-06 13:49:31 - classifier - INFO - Doc '0da7a032-9a48-42e4-9468-09fa715a2b49' classified as 'resume' by Local ML boosted (Confidence: 0.7)
2025-08-06 13:49:31 - classifier - INFO - Successfully emitted event for doc_id '0da7a032-9a48-42e4-9468-09fa715a2b49' to 'doc.classified' topic.
2025-08-06 13:49:32 - classifier - INFO - Received new message from Kafka: doc_id 'c68723b9-e307-4d47-b9e0-8c5bd32ef69b'
2025-08-06 13:49:32 - classifier - INFO - [Local ML 🤖] Prediction: Resume (confidence: 0.196)
2025-08-06 13:49:32 - classifier - INFO - Doc 'c68723b9-e307-4d47-b9e0-8c5bd32ef69b' classified as 'resume' by Local ML boosted (Confidence: 0.7)
2025-08-06 13:49:32 - classifier - INFO - Successfully emitted event for doc_id 'c68723b9-e307-4d47-b9e0-8c5bd32ef69b' to 'doc.classified' topic.
2025-08-06 13:49:33 - classifier - INFO - Received new message from Kafka: doc_id 'f763d388-a8ca-4ff9-a0b2-642103d29749'
2025-08-06 13:49:33 - classifier - INFO - [Local ML 🤖] Prediction: Resume (confidence: 0.275)
2025-08-06 13:49:33 - classifier - INFO - Doc 'f763d388-a8ca-4ff9-a0b2-642103d29749' classified as 'resume' by Local ML boosted (Confidence: 0.7)
2025-08-06 13:49:33 - classifier - INFO - Successfully emitted event for doc_id 'f763d388-a8ca-4ff9-a0b2-642103d29749' to 'doc.classified' topic.
2025-08-06 13:49:33 - classifier - INFO - Received new message from Kafka: doc_id '841fe294-47cb-486c-a5b2-e956cf9d2cfc'
2025-08-06 13:49:33 - classifier - INFO - [Local ML 🤖] Prediction: Prescription (confidence: 0.122)
2025-08-06 13:49:33 - classifier - INFO - Doc '841fe294-47cb-486c-a5b2-e956cf9d2cfc' classified as 'prescription' by Local ML boosted (Confidence: 0.7)
2025-08-06 13:49:33 - classifier - INFO - Successfully emitted event for doc_id '841fe294-47cb-486c-a5b2-e956cf9d2cfc' to 'doc.classified' topic.
2025-08-06 13:49:33 - classifier - INFO - Received new message from Kafka: doc_id 'b02aa041-bee8-4a25-8aac-996dd8afbe4a'
2025-08-06 13:49:33 - classifier - INFO - [Local ML 🤖] Prediction: Prescription (confidence: 0.117)
2025-08-06 13:49:33 - classifier - INFO - Doc 'b02aa041-bee8-4a25-8aac-996dd8afbe4a' classified as 'prescription' by Local ML boosted (Confidence: 0.7)
2025-08-06 13:49:34 - classifier - INFO - Successfully emitted event for doc_id 'b02aa041-bee8-4a25-8aac-996dd8afbe4a' to 'doc.classified' topic.
2025-08-06 13:59:48 - classifier - INFO - Received new message from Kafka: doc_id '0ddaf22e-96b1-4eff-8b1b-4f83029f0287'
2025-08-06 13:59:48 - classifier - INFO - [Local ML 🤖] Prediction: Resume (confidence: 0.247)
2025-08-06 13:59:48 - classifier - INFO - Doc '0ddaf22e-96b1-4eff-8b1b-4f83029f0287' classified as 'resume' by Local ML boosted (Confidence: 0.7)
2025-08-06 13:59:48 - classifier - INFO - Successfully emitted event for doc_id '0ddaf22e-96b1-4eff-8b1b-4f83029f0287' to 'doc.classified' topic.
2025-08-06 14:00:14 - classifier - INFO - Received new message from Kafka: doc_id 'd4a0d26e-04b2-4c54-a5fe-ddb615ec20ba'
2025-08-06 14:00:14 - classifier - INFO - [Local ML 🤖] Prediction: Prescription (confidence: 0.117)
2025-08-06 14:00:14 - classifier - INFO - Doc 'd4a0d26e-04b2-4c54-a5fe-ddb615ec20ba' classified as 'prescription' by Local ML boosted (Confidence: 0.7)
2025-08-06 14:00:14 - classifier - INFO - Successfully emitted event for doc_id 'd4a0d26e-04b2-4c54-a5fe-ddb615ec20ba' to 'doc.classified' topic.
2025-08-06 14:00:30 - classifier - INFO - Received new message from Kafka: doc_id 'a431fc63-afc6-4bff-8a66-6957b96bf5fe'
2025-08-06 14:00:30 - classifier - INFO - [Local ML 🤖] Prediction: Brochure (confidence: 0.155)
2025-08-06 14:00:30 - classifier - INFO - Doc 'a431fc63-afc6-4bff-8a66-6957b96bf5fe' classified as 'brochure' by Local ML boosted (Confidence: 0.7)
2025-08-06 14:00:30 - classifier - INFO - Successfully emitted event for doc_id 'a431fc63-afc6-4bff-8a66-6957b96bf5fe' to 'doc.classified' topic.
2025-08-06 14:00:45 - classifier - INFO - Received new message from Kafka: doc_id '68ec5529-be95-4b48-b0da-0c33aa78e570'
2025-08-06 14:00:45 - classifier - INFO - [Local ML 🤖] Prediction: Prescription (confidence: 0.124)
2025-08-06 14:00:45 - classifier - INFO - Doc '68ec5529-be95-4b48-b0da-0c33aa78e570' classified as 'prescription' by Local ML boosted (Confidence: 0.7)
2025-08-06 14:00:45 - classifier - INFO - Successfully emitted event for doc_id '68ec5529-be95-4b48-b0da-0c33aa78e570' to 'doc.classified' topic.
2025-08-06 14:01:01 - classifier - INFO - Received new message from Kafka: doc_id 'dae744a5-948e-4e60-b441-5582514b3893'
2025-08-06 14:01:01 - classifier - INFO - [Local ML 🤖] Prediction: Technical (confidence: 0.111)
2025-08-06 14:01:01 - classifier - INFO - Doc 'dae744a5-948e-4e60-b441-5582514b3893' classified as 'technical' by Local ML boosted (Confidence: 0.7)
2025-08-06 14:01:01 - classifier - INFO - Successfully emitted event for doc_id 'dae744a5-948e-4e60-b441-5582514b3893' to 'doc.classified' topic.
2025-08-06 14:01:01 - classifier - INFO - Received new message from Kafka: doc_id 'a0c26a5c-f457-4991-85bf-7cf2923a5e23'
2025-08-06 14:01:01 - classifier - INFO - [Local ML 🤖] Prediction: Resume (confidence: 0.247)
2025-08-06 14:01:01 - classifier - INFO - Doc 'a0c26a5c-f457-4991-85bf-7cf2923a5e23' classified as 'resume' by Local ML boosted (Confidence: 0.7)
2025-08-06 14:01:01 - classifier - INFO - Successfully emitted event for doc_id 'a0c26a5c-f457-4991-85bf-7cf2923a5e23' to 'doc.classified' topic.
2025-08-06 14:01:16 - classifier - INFO - Received new message from Kafka: doc_id 'fae460f2-75e3-4640-b2b6-9c431b970f3d'
2025-08-06 14:01:17 - classifier - INFO - [Local ML 🤖] Prediction: Advertisement (confidence: 0.127)
2025-08-06 14:01:17 - classifier - INFO - Doc 'fae460f2-75e3-4640-b2b6-9c431b970f3d' classified as 'advertisement' by Local ML boosted (Confidence: 0.7)
2025-08-06 14:01:17 - classifier - INFO - Successfully emitted event for doc_id 'fae460f2-75e3-4640-b2b6-9c431b970f3d' to 'doc.classified' topic.
2025-08-06 14:01:18 - classifier - INFO - Received new message from Kafka: doc_id '3630937e-e05f-409a-bbd8-b442a2ed45f5'
2025-08-06 14:01:19 - classifier - INFO - [Local ML 🤖] Prediction: Business Pitch Deck (confidence: 0.195)
2025-08-06 14:01:19 - classifier - INFO - Doc '3630937e-e05f-409a-bbd8-b442a2ed45f5' classified as 'business pitch deck' by Local ML boosted (Confidence: 0.7)
2025-08-06 14:01:19 - classifier - INFO - Successfully emitted event for doc_id '3630937e-e05f-409a-bbd8-b442a2ed45f5' to 'doc.classified' topic.
2025-08-06 14:01:34 - classifier - INFO - Received new message from Kafka: doc_id '836b14f0-9b02-4eb9-b64b-7465e6f3b1ff'
2025-08-06 14:01:34 - classifier - INFO - [Local ML 🤖] Prediction: Resume (confidence: 0.253)
2025-08-06 14:01:34 - classifier - INFO - Doc '836b14f0-9b02-4eb9-b64b-7465e6f3b1ff' classified as 'resume' by Local ML boosted (Confidence: 0.7)
2025-08-06 14:01:34 - classifier - INFO - Successfully emitted event for doc_id '836b14f0-9b02-4eb9-b64b-7465e6f3b1ff' to 'doc.classified' topic.
2025-08-06 14:01:34 - classifier - INFO - Received new message from Kafka: doc_id '6d4002cb-376a-40ea-86d4-dc63b72a2a49'
2025-08-06 14:01:34 - classifier - INFO - [Local ML 🤖] Prediction: Brochure (confidence: 0.161)
2025-08-06 14:01:34 - classifier - INFO - Doc '6d4002cb-376a-40ea-86d4-dc63b72a2a49' classified as 'brochure' by Local ML boosted (Confidence: 0.7)
2025-08-06 14:01:34 - classifier - INFO - Successfully emitted event for doc_id '6d4002cb-376a-40ea-86d4-dc63b72a2a49' to 'doc.classified' topic.
2025-08-06 14:01:35 - classifier - INFO - Received new message from Kafka: doc_id 'bbda5dd2-234b-4572-b3cb-01709ee91377'
2025-08-06 14:01:35 - classifier - INFO - [Local ML 🤖] Prediction: Prescription (confidence: 0.116)
2025-08-06 14:01:35 - classifier - INFO - Doc 'bbda5dd2-234b-4572-b3cb-01709ee91377' classified as 'prescription' by Local ML boosted (Confidence: 0.7)
2025-08-06 14:01:35 - classifier - INFO - Successfully emitted event for doc_id 'bbda5dd2-234b-4572-b3cb-01709ee91377' to 'doc.classified' topic.
2025-08-06 14:01:35 - classifier - INFO - Received new message from Kafka: doc_id '8475491c-ca0d-46af-a132-587069f71bd7'
2025-08-06 14:01:35 - classifier - INFO - [Local ML 🤖] Prediction: Prescription (confidence: 0.122)
2025-08-06 14:01:35 - classifier - INFO - Doc '8475491c-ca0d-46af-a132-587069f71bd7' classified as 'prescription' by Local ML boosted (Confidence: 0.7)
2025-08-06 14:01:35 - classifier - INFO - Successfully emitted event for doc_id '8475491c-ca0d-46af-a132-587069f71bd7' to 'doc.classified' topic.
2025-08-06 14:01:50 - classifier - INFO - Received new message from Kafka: doc_id 'b9a397c3-ba90-4d4d-9d2f-11b97c7ea12d'
2025-08-06 14:01:50 - classifier - INFO - [Local ML 🤖] Prediction: Prescription (confidence: 0.12)
2025-08-06 14:01:50 - classifier - INFO - Doc 'b9a397c3-ba90-4d4d-9d2f-11b97c7ea12d' classified as 'prescription' by Local ML boosted (Confidence: 0.7)
2025-08-06 14:01:50 - classifier - INFO - Successfully emitted event for doc_id 'b9a397c3-ba90-4d4d-9d2f-11b97c7ea12d' to 'doc.classified' topic.
2025-08-06 14:01:50 - classifier - INFO - Received new message from Kafka: doc_id 'e8b50a54-c2ed-4299-b450-482c242ab8ef'
2025-08-06 14:01:50 - classifier - INFO - [Local ML 🤖] Prediction: Prescription (confidence: 0.127)
2025-08-06 14:01:50 - classifier - INFO - Doc 'e8b50a54-c2ed-4299-b450-482c242ab8ef' classified as 'prescription' by Local ML boosted (Confidence: 0.7)
2025-08-06 14:01:51 - classifier - INFO - Successfully emitted event for doc_id 'e8b50a54-c2ed-4299-b450-482c242ab8ef' to 'doc.classified' topic.
2025-08-06 14:01:51 - classifier - INFO - Received new message from Kafka: doc_id 'e8376561-258c-40ad-bd18-70249c70ed2d'
2025-08-06 14:01:51 - classifier - INFO - [Local ML 🤖] Prediction: Brochure (confidence: 0.125)
2025-08-06 14:01:51 - classifier - INFO - Doc 'e8376561-258c-40ad-bd18-70249c70ed2d' classified as 'brochure' by Local ML boosted (Confidence: 0.7)
2025-08-06 14:01:51 - classifier - INFO - Successfully emitted event for doc_id 'e8376561-258c-40ad-bd18-70249c70ed2d' to 'doc.classified' topic.
2025-08-06 14:01:51 - classifier - INFO - Received new message from Kafka: doc_id '0ca3e5a1-4f94-48aa-bdf9-06395946e0ca'
2025-08-06 14:01:51 - classifier - INFO - [Local ML 🤖] Prediction: Resume (confidence: 0.241)
2025-08-06 14:01:51 - classifier - INFO - Doc '0ca3e5a1-4f94-48aa-bdf9-06395946e0ca' classified as 'resume' by Local ML boosted (Confidence: 0.7)
2025-08-06 14:01:51 - classifier - INFO - Successfully emitted event for doc_id '0ca3e5a1-4f94-48aa-bdf9-06395946e0ca' to 'doc.classified' topic.
2025-08-06 14:01:51 - classifier - INFO - Received new message from Kafka: doc_id '6ee6ded2-8fd0-4c81-ad8d-1de0e4565dfa'
2025-08-06 14:01:51 - classifier - INFO - [Local ML 🤖] Prediction: Resume (confidence: 0.218)
2025-08-06 14:01:51 - classifier - INFO - Doc '6ee6ded2-8fd0-4c81-ad8d-1de0e4565dfa' classified as 'resume' by Local ML boosted (Confidence: 0.7)
2025-08-06 14:01:51 - classifier - INFO - Successfully emitted event for doc_id '6ee6ded2-8fd0-4c81-ad8d-1de0e4565dfa' to 'doc.classified' topic.
2025-08-06 14:01:52 - classifier - INFO - Received new message from Kafka: doc_id '4cbde763-02c2-414c-96d7-3fcda7c3536e'
2025-08-06 14:01:52 - classifier - INFO - [Local ML 🤖] Prediction: Resume (confidence: 0.283)
2025-08-06 14:01:52 - classifier - INFO - Doc '4cbde763-02c2-414c-96d7-3fcda7c3536e' classified as 'resume' by Local ML boosted (Confidence: 0.7)
2025-08-06 14:01:52 - classifier - INFO - Successfully emitted event for doc_id '4cbde763-02c2-414c-96d7-3fcda7c3536e' to 'doc.classified' topic.
2025-08-06 14:01:52 - classifier - INFO - Received new message from Kafka: doc_id '8b82b406-2f3f-43a4-8b06-4fb7b0b334fb'
2025-08-06 14:01:52 - classifier - INFO - [Local ML 🤖] Prediction: Resume (confidence: 0.255)
2025-08-06 14:01:52 - classifier - INFO - Doc '8b82b406-2f3f-43a4-8b06-4fb7b0b334fb' classified as 'resume' by Local ML boosted (Confidence: 0.7)
2025-08-06 14:01:52 - classifier - INFO - Successfully emitted event for doc_id '8b82b406-2f3f-43a4-8b06-4fb7b0b334fb' to 'doc.classified' topic.
2025-08-06 14:02:23 - classifier - INFO - Received new message from Kafka: doc_id 'da6bc856-10ce-41a1-8008-3d8f787b6fee'
2025-08-06 14:02:23 - classifier - INFO - [Local ML 🤖] Prediction: Resume (confidence: 0.182)
2025-08-06 14:02:23 - classifier - INFO - Doc 'da6bc856-10ce-41a1-8008-3d8f787b6fee' classified as 'resume' by Local ML boosted (Confidence: 0.7)
2025-08-06 14:02:23 - classifier - INFO - Successfully emitted event for doc_id 'da6bc856-10ce-41a1-8008-3d8f787b6fee' to 'doc.classified' topic.
2025-08-06 14:02:23 - classifier - INFO - Received new message from Kafka: doc_id 'e1538d0c-3027-4255-81f9-8585c9b9995d'
2025-08-06 14:02:23 - classifier - INFO - [Local ML 🤖] Prediction: Resume (confidence: 0.196)
2025-08-06 14:02:23 - classifier - INFO - Doc 'e1538d0c-3027-4255-81f9-8585c9b9995d' classified as 'resume' by Local ML boosted (Confidence: 0.7)
2025-08-06 14:02:23 - classifier - INFO - Successfully emitted event for doc_id 'e1538d0c-3027-4255-81f9-8585c9b9995d' to 'doc.classified' topic.
2025-08-06 14:02:38 - classifier - INFO - Received new message from Kafka: doc_id '798bed82-d15c-44a4-9130-1b8ca72dc692'
2025-08-06 14:02:39 - classifier - INFO - [Local ML 🤖] Prediction: Resume (confidence: 0.275)
2025-08-06 14:02:39 - classifier - INFO - Doc '798bed82-d15c-44a4-9130-1b8ca72dc692' classified as 'resume' by Local ML boosted (Confidence: 0.7)
2025-08-06 14:02:39 - classifier - INFO - Successfully emitted event for doc_id '798bed82-d15c-44a4-9130-1b8ca72dc692' to 'doc.classified' topic.
2025-08-06 14:02:39 - classifier - INFO - Received new message from Kafka: doc_id 'ff02f4bf-ca44-490a-a016-f7c0f86e8af7'
2025-08-06 14:02:39 - classifier - INFO - [Local ML 🤖] Prediction: Prescription (confidence: 0.122)
2025-08-06 14:02:39 - classifier - INFO - Doc 'ff02f4bf-ca44-490a-a016-f7c0f86e8af7' classified as 'prescription' by Local ML boosted (Confidence: 0.7)
2025-08-06 14:02:39 - classifier - INFO - Successfully emitted event for doc_id 'ff02f4bf-ca44-490a-a016-f7c0f86e8af7' to 'doc.classified' topic.
2025-08-06 14:02:54 - classifier - INFO - Received new message from Kafka: doc_id '38c2f4e4-4d5b-439f-b9e9-df7848c06cb5'
2025-08-06 14:02:54 - classifier - INFO - [Local ML 🤖] Prediction: Prescription (confidence: 0.117)
2025-08-06 14:02:54 - classifier - INFO - Doc '38c2f4e4-4d5b-439f-b9e9-df7848c06cb5' classified as 'prescription' by Local ML boosted (Confidence: 0.7)
2025-08-06 14:02:54 - classifier - INFO - Successfully emitted event for doc_id '38c2f4e4-4d5b-439f-b9e9-df7848c06cb5' to 'doc.classified' topic.
2025-08-06 14:11:47 - classifier - ERROR - ❌ Could not initialize Gemini: GEMINI_API_KEY not found in environment variables.
2025-08-06 14:11:48 - classifier - INFO - 🧠 Local ML model and vectorizer loaded successfully.
2025-08-06 14:11:48 - classifier - INFO - Classifier service starting...
2025-08-06 14:11:48 - classifier - INFO - Database connection established
2025-08-06 14:11:48 - classifier - INFO - Successfully connected to Kafka.
2025-08-06 14:11:48 - classifier - INFO - Classifier agent started. Waiting for messages from 'doc.extracted' topic...
2025-08-06 14:12:21 - classifier - INFO - Received new message from Kafka: doc_id 'c0bfd1ef-90ac-4c27-99c7-403342a829aa'
2025-08-06 14:12:21 - classifier - INFO - [Local ML 🤖] Prediction: Prescription (confidence: 0.117)
2025-08-06 14:12:21 - classifier - INFO - Doc 'c0bfd1ef-90ac-4c27-99c7-403342a829aa' classified as 'prescription' by Local ML boosted (Confidence: 0.7)
2025-08-06 14:12:21 - classifier - INFO - Successfully emitted event for doc_id 'c0bfd1ef-90ac-4c27-99c7-403342a829aa' to 'doc.classified' topic.
2025-08-06 14:12:21 - classifier - INFO - Received new message from Kafka: doc_id '0abf7461-688b-4fd5-a265-a5246b2f0c60'
2025-08-06 14:12:21 - classifier - INFO - [Local ML 🤖] Prediction: Prescription (confidence: 0.124)
2025-08-06 14:12:21 - classifier - INFO - Doc '0abf7461-688b-4fd5-a265-a5246b2f0c60' classified as 'prescription' by Local ML boosted (Confidence: 0.7)
2025-08-06 14:12:21 - classifier - INFO - Successfully emitted event for doc_id '0abf7461-688b-4fd5-a265-a5246b2f0c60' to 'doc.classified' topic.
2025-08-06 14:12:21 - classifier - INFO - Received new message from Kafka: doc_id '811539a7-38b8-4437-a438-bd19c721066e'
2025-08-06 14:12:21 - classifier - INFO - [Local ML 🤖] Prediction: Brochure (confidence: 0.155)
2025-08-06 14:12:21 - classifier - INFO - Doc '811539a7-38b8-4437-a438-bd19c721066e' classified as 'brochure' by Local ML boosted (Confidence: 0.7)
2025-08-06 14:12:22 - classifier - INFO - Successfully emitted event for doc_id '811539a7-38b8-4437-a438-bd19c721066e' to 'doc.classified' topic.
2025-08-06 14:12:22 - classifier - INFO - Received new message from Kafka: doc_id '8c1e1084-d548-49aa-a3a5-c3236ca04579'
2025-08-06 14:12:22 - classifier - INFO - [Local ML 🤖] Prediction: Technical (confidence: 0.111)
2025-08-06 14:12:22 - classifier - INFO - Doc '8c1e1084-d548-49aa-a3a5-c3236ca04579' classified as 'technical' by Local ML boosted (Confidence: 0.7)
2025-08-06 14:12:23 - classifier - INFO - Successfully emitted event for doc_id '8c1e1084-d548-49aa-a3a5-c3236ca04579' to 'doc.classified' topic.
2025-08-06 14:12:24 - classifier - INFO - Received new message from Kafka: doc_id '2d99136e-9765-4d61-9149-f69f36962b21'
2025-08-06 14:12:24 - classifier - INFO - [Local ML 🤖] Prediction: Resume (confidence: 0.247)
2025-08-06 14:12:24 - classifier - INFO - Doc '2d99136e-9765-4d61-9149-f69f36962b21' classified as 'resume' by Local ML boosted (Confidence: 0.7)
2025-08-06 14:12:24 - classifier - INFO - Successfully emitted event for doc_id '2d99136e-9765-4d61-9149-f69f36962b21' to 'doc.classified' topic.
2025-08-06 14:12:28 - classifier - INFO - Received new message from Kafka: doc_id '236ff091-f2aa-4506-99a5-138cc5771224'
2025-08-06 14:12:28 - classifier - INFO - [Local ML 🤖] Prediction: Business Pitch Deck (confidence: 0.195)
2025-08-06 14:12:28 - classifier - INFO - Doc '236ff091-f2aa-4506-99a5-138cc5771224' classified as 'business pitch deck' by Local ML boosted (Confidence: 0.7)
2025-08-06 14:12:28 - classifier - INFO - Successfully emitted event for doc_id '236ff091-f2aa-4506-99a5-138cc5771224' to 'doc.classified' topic.
2025-08-06 14:12:28 - classifier - INFO - Received new message from Kafka: doc_id '43ae0665-e15d-4cbd-a78b-95ec8b4f54ca'
2025-08-06 14:12:29 - classifier - INFO - [Local ML 🤖] Prediction: Advertisement (confidence: 0.127)
2025-08-06 14:12:29 - classifier - INFO - Doc '43ae0665-e15d-4cbd-a78b-95ec8b4f54ca' classified as 'advertisement' by Local ML boosted (Confidence: 0.7)
2025-08-06 14:12:29 - classifier - INFO - Successfully emitted event for doc_id '43ae0665-e15d-4cbd-a78b-95ec8b4f54ca' to 'doc.classified' topic.
2025-08-06 14:12:29 - classifier - INFO - Received new message from Kafka: doc_id '8e832a7d-4bb2-4a48-b5ce-7bca2e7e3d66'
2025-08-06 14:12:29 - classifier - INFO - [Local ML 🤖] Prediction: Resume (confidence: 0.253)
2025-08-06 14:12:29 - classifier - INFO - Doc '8e832a7d-4bb2-4a48-b5ce-7bca2e7e3d66' classified as 'resume' by Local ML boosted (Confidence: 0.7)
2025-08-06 14:12:29 - classifier - INFO - Successfully emitted event for doc_id '8e832a7d-4bb2-4a48-b5ce-7bca2e7e3d66' to 'doc.classified' topic.
2025-08-06 14:12:30 - classifier - INFO - Received new message from Kafka: doc_id '39156701-9273-4685-9f1c-4462eacdda37'
2025-08-06 14:12:30 - classifier - INFO - [Local ML 🤖] Prediction: Brochure (confidence: 0.161)
2025-08-06 14:12:30 - classifier - INFO - Doc '39156701-9273-4685-9f1c-4462eacdda37' classified as 'brochure' by Local ML boosted (Confidence: 0.7)
2025-08-06 14:12:30 - classifier - INFO - Successfully emitted event for doc_id '39156701-9273-4685-9f1c-4462eacdda37' to 'doc.classified' topic.
2025-08-06 14:12:30 - classifier - INFO - Received new message from Kafka: doc_id '78d60d6a-93cb-4832-8eb2-1db38d2d5f3e'
2025-08-06 14:12:30 - classifier - INFO - [Local ML 🤖] Prediction: Prescription (confidence: 0.127)
2025-08-06 14:12:30 - classifier - INFO - Doc '78d60d6a-93cb-4832-8eb2-1db38d2d5f3e' classified as 'prescription' by Local ML boosted (Confidence: 0.7)
2025-08-06 14:12:30 - classifier - INFO - Successfully emitted event for doc_id '78d60d6a-93cb-4832-8eb2-1db38d2d5f3e' to 'doc.classified' topic.
2025-08-06 14:12:30 - classifier - INFO - Received new message from Kafka: doc_id '6cbd1c37-10dd-4f18-8845-9bb4e05e6ae9'
2025-08-06 14:12:30 - classifier - INFO - [Local ML 🤖] Prediction: Prescription (confidence: 0.122)
2025-08-06 14:12:30 - classifier - INFO - Doc '6cbd1c37-10dd-4f18-8845-9bb4e05e6ae9' classified as 'prescription' by Local ML boosted (Confidence: 0.7)
2025-08-06 14:12:30 - classifier - INFO - Successfully emitted event for doc_id '6cbd1c37-10dd-4f18-8845-9bb4e05e6ae9' to 'doc.classified' topic.
2025-08-06 14:12:30 - classifier - INFO - Received new message from Kafka: doc_id '1eb579f3-141e-49b3-be3b-79178e024982'
2025-08-06 14:12:31 - classifier - INFO - [Local ML 🤖] Prediction: Prescription (confidence: 0.116)
2025-08-06 14:12:31 - classifier - INFO - Doc '1eb579f3-141e-49b3-be3b-79178e024982' classified as 'prescription' by Local ML boosted (Confidence: 0.7)
2025-08-06 14:12:31 - classifier - INFO - Successfully emitted event for doc_id '1eb579f3-141e-49b3-be3b-79178e024982' to 'doc.classified' topic.
2025-08-06 14:12:31 - classifier - INFO - Received new message from Kafka: doc_id 'be830d35-3b86-4572-9486-88b2df3d44a8'
2025-08-06 14:12:31 - classifier - INFO - [Local ML 🤖] Prediction: Prescription (confidence: 0.12)
2025-08-06 14:12:31 - classifier - INFO - Doc 'be830d35-3b86-4572-9486-88b2df3d44a8' classified as 'prescription' by Local ML boosted (Confidence: 0.7)
2025-08-06 14:12:31 - classifier - INFO - Successfully emitted event for doc_id 'be830d35-3b86-4572-9486-88b2df3d44a8' to 'doc.classified' topic.
2025-08-06 14:12:31 - classifier - INFO - Received new message from Kafka: doc_id 'a054d47f-8661-410b-ab74-98c376ea638d'
2025-08-06 14:12:31 - classifier - INFO - [Local ML 🤖] Prediction: Brochure (confidence: 0.125)
2025-08-06 14:12:31 - classifier - INFO - Doc 'a054d47f-8661-410b-ab74-98c376ea638d' classified as 'brochure' by Local ML boosted (Confidence: 0.7)
2025-08-06 14:12:31 - classifier - INFO - Successfully emitted event for doc_id 'a054d47f-8661-410b-ab74-98c376ea638d' to 'doc.classified' topic.
2025-08-06 14:12:32 - classifier - INFO - Received new message from Kafka: doc_id 'e3a9f632-1625-414e-9a2a-842f5232ce31'
2025-08-06 14:12:32 - classifier - INFO - [Local ML 🤖] Prediction: Resume (confidence: 0.283)
2025-08-06 14:12:32 - classifier - INFO - Doc 'e3a9f632-1625-414e-9a2a-842f5232ce31' classified as 'resume' by Local ML boosted (Confidence: 0.7)
2025-08-06 14:12:32 - classifier - INFO - Successfully emitted event for doc_id 'e3a9f632-1625-414e-9a2a-842f5232ce31' to 'doc.classified' topic.
2025-08-06 14:12:32 - classifier - INFO - Received new message from Kafka: doc_id '0f2aae40-a0f0-42db-8146-482e1725bec2'
2025-08-06 14:12:32 - classifier - INFO - [Local ML 🤖] Prediction: Resume (confidence: 0.241)
2025-08-06 14:12:32 - classifier - INFO - Doc '0f2aae40-a0f0-42db-8146-482e1725bec2' classified as 'resume' by Local ML boosted (Confidence: 0.7)
2025-08-06 14:12:32 - classifier - INFO - Successfully emitted event for doc_id '0f2aae40-a0f0-42db-8146-482e1725bec2' to 'doc.classified' topic.
2025-08-06 14:12:33 - classifier - INFO - Received new message from Kafka: doc_id 'a72b94a5-86e0-4328-995c-9a832608b1ab'
2025-08-06 14:12:33 - classifier - INFO - [Local ML 🤖] Prediction: Resume (confidence: 0.218)
2025-08-06 14:12:33 - classifier - INFO - Doc 'a72b94a5-86e0-4328-995c-9a832608b1ab' classified as 'resume' by Local ML boosted (Confidence: 0.7)
2025-08-06 14:12:33 - classifier - INFO - Successfully emitted event for doc_id 'a72b94a5-86e0-4328-995c-9a832608b1ab' to 'doc.classified' topic.
2025-08-06 14:12:34 - classifier - INFO - Received new message from Kafka: doc_id '1f7f44c3-548a-4697-8755-7cffa93a6589'
2025-08-06 14:12:34 - classifier - INFO - [Local ML 🤖] Prediction: Resume (confidence: 0.182)
2025-08-06 14:12:34 - classifier - INFO - Doc '1f7f44c3-548a-4697-8755-7cffa93a6589' classified as 'resume' by Local ML boosted (Confidence: 0.7)
2025-08-06 14:12:34 - classifier - INFO - Successfully emitted event for doc_id '1f7f44c3-548a-4697-8755-7cffa93a6589' to 'doc.classified' topic.
2025-08-06 14:12:34 - classifier - INFO - Received new message from Kafka: doc_id '26b660cf-a342-47dc-8b6b-27a2ad500fd3'
2025-08-06 14:12:34 - classifier - INFO - [Local ML 🤖] Prediction: Resume (confidence: 0.196)
2025-08-06 14:12:34 - classifier - INFO - Doc '26b660cf-a342-47dc-8b6b-27a2ad500fd3' classified as 'resume' by Local ML boosted (Confidence: 0.7)
2025-08-06 14:12:35 - classifier - INFO - Successfully emitted event for doc_id '26b660cf-a342-47dc-8b6b-27a2ad500fd3' to 'doc.classified' topic.
2025-08-06 14:12:35 - classifier - INFO - Received new message from Kafka: doc_id 'f74586fc-65de-405f-ad0b-b3f965b66be1'
2025-08-06 14:12:35 - classifier - INFO - [Local ML 🤖] Prediction: Resume (confidence: 0.275)
2025-08-06 14:12:35 - classifier - INFO - Doc 'f74586fc-65de-405f-ad0b-b3f965b66be1' classified as 'resume' by Local ML boosted (Confidence: 0.7)
2025-08-06 14:12:35 - classifier - INFO - Successfully emitted event for doc_id 'f74586fc-65de-405f-ad0b-b3f965b66be1' to 'doc.classified' topic.
2025-08-06 14:12:36 - classifier - INFO - Received new message from Kafka: doc_id 'de1da92f-c90f-464c-b454-17f414271309'
2025-08-06 14:12:36 - classifier - INFO - [Local ML 🤖] Prediction: Resume (confidence: 0.255)
2025-08-06 14:12:36 - classifier - INFO - Doc 'de1da92f-c90f-464c-b454-17f414271309' classified as 'resume' by Local ML boosted (Confidence: 0.7)
2025-08-06 14:12:36 - classifier - INFO - Successfully emitted event for doc_id 'de1da92f-c90f-464c-b454-17f414271309' to 'doc.classified' topic.
2025-08-06 14:12:36 - classifier - INFO - Received new message from Kafka: doc_id 'a32140bc-c29d-4af0-8e2f-8b7b80b4b52e'
2025-08-06 14:12:36 - classifier - INFO - [Local ML 🤖] Prediction: Prescription (confidence: 0.122)
2025-08-06 14:12:36 - classifier - INFO - Doc 'a32140bc-c29d-4af0-8e2f-8b7b80b4b52e' classified as 'prescription' by Local ML boosted (Confidence: 0.7)
2025-08-06 14:12:36 - classifier - INFO - Successfully emitted event for doc_id 'a32140bc-c29d-4af0-8e2f-8b7b80b4b52e' to 'doc.classified' topic.
2025-08-06 14:12:36 - classifier - INFO - Received new message from Kafka: doc_id '64951599-d455-438c-b39d-f13250e9f70d'
2025-08-06 14:12:36 - classifier - INFO - [Local ML 🤖] Prediction: Prescription (confidence: 0.117)
2025-08-06 14:12:36 - classifier - INFO - Doc '64951599-d455-438c-b39d-f13250e9f70d' classified as 'prescription' by Local ML boosted (Confidence: 0.7)
2025-08-06 14:12:37 - classifier - INFO - Successfully emitted event for doc_id '64951599-d455-438c-b39d-f13250e9f70d' to 'doc.classified' topic.
2025-08-06 14:17:57 - classifier - INFO - ✨ Gemini model loaded successfully.
2025-08-06 14:17:58 - classifier - INFO - 🧠 Local ML model and vectorizer loaded successfully.
2025-08-06 14:17:58 - classifier - INFO - Classifier service starting...
2025-08-06 14:17:58 - classifier - INFO - Database connection established
2025-08-06 14:17:58 - classifier - INFO - Successfully connected to Kafka.
2025-08-06 14:17:58 - classifier - INFO - Classifier agent started. Waiting for messages from 'doc.extracted' topic...
2025-08-06 14:18:26 - classifier - INFO - Received new message from Kafka: doc_id 'fab769f1-ef10-4d4d-bcd7-eaa90e0e5c75'
2025-08-06 14:18:27 - classifier - ERROR - [⚠ Gemini error]
Traceback (most recent call last):
  File "D:\Langs\Team_Docs\Local working prototype\Document-Ingestion-and-Classification\backend\classifier\genai_utils.py", line 70, in classify_document
    gemini_response = gemini_model.generate_content(prompt)
                      ^^^^^^^^^^^^^^^^^^^^^^^^^^^^^^^^^^^^^
  File "D:\Langs\Team_Docs\Local working prototype\Document-Ingestion-and-Classification\backend\venv\Lib\site-packages\google\generativeai\generative_models.py", line 331, in generate_content
    response = self._client.generate_content(
               ^^^^^^^^^^^^^^^^^^^^^^^^^^^^^^
  File "D:\Langs\Team_Docs\Local working prototype\Document-Ingestion-and-Classification\backend\venv\Lib\site-packages\google\ai\generativelanguage_v1beta\services\generative_service\client.py", line 835, in generate_content
    response = rpc(
               ^^^^
  File "D:\Langs\Team_Docs\Local working prototype\Document-Ingestion-and-Classification\backend\venv\Lib\site-packages\google\api_core\gapic_v1\method.py", line 131, in __call__
    return wrapped_func(*args, **kwargs)
           ^^^^^^^^^^^^^^^^^^^^^^^^^^^^^
  File "D:\Langs\Team_Docs\Local working prototype\Document-Ingestion-and-Classification\backend\venv\Lib\site-packages\google\api_core\retry\retry_unary.py", line 294, in retry_wrapped_func
    return retry_target(
           ^^^^^^^^^^^^^
  File "D:\Langs\Team_Docs\Local working prototype\Document-Ingestion-and-Classification\backend\venv\Lib\site-packages\google\api_core\retry\retry_unary.py", line 156, in retry_target
    next_sleep = _retry_error_helper(
                 ^^^^^^^^^^^^^^^^^^^^
  File "D:\Langs\Team_Docs\Local working prototype\Document-Ingestion-and-Classification\backend\venv\Lib\site-packages\google\api_core\retry\retry_base.py", line 214, in _retry_error_helper
    raise final_exc from source_exc
  File "D:\Langs\Team_Docs\Local working prototype\Document-Ingestion-and-Classification\backend\venv\Lib\site-packages\google\api_core\retry\retry_unary.py", line 147, in retry_target
    result = target()
             ^^^^^^^^
  File "D:\Langs\Team_Docs\Local working prototype\Document-Ingestion-and-Classification\backend\venv\Lib\site-packages\google\api_core\timeout.py", line 130, in func_with_timeout
    return func(*args, **kwargs)
           ^^^^^^^^^^^^^^^^^^^^^
  File "D:\Langs\Team_Docs\Local working prototype\Document-Ingestion-and-Classification\backend\venv\Lib\site-packages\google\api_core\grpc_helpers.py", line 78, in error_remapped_callable
    raise exceptions.from_grpc_error(exc) from exc
google.api_core.exceptions.InvalidArgument: 400 API key expired. Please renew the API key. [reason: "API_KEY_INVALID"
domain: "googleapis.com"
metadata {
  key: "service"
  value: "generativelanguage.googleapis.com"
}
, locale: "en-US"
message: "API key expired. Please renew the API key."
]
2025-08-06 14:18:27 - classifier - INFO - [Local ML 🤖] Prediction: Prescription (confidence: 0.117)
2025-08-06 14:18:27 - classifier - INFO - Doc 'fab769f1-ef10-4d4d-bcd7-eaa90e0e5c75' classified as 'prescription' by Local ML boosted (Confidence: 0.7)
2025-08-06 14:18:27 - classifier - INFO - Successfully emitted event for doc_id 'fab769f1-ef10-4d4d-bcd7-eaa90e0e5c75' to 'doc.classified' topic.
2025-08-06 14:18:28 - classifier - INFO - Received new message from Kafka: doc_id 'ac96b456-4b3b-4a57-b2d8-c39147b5d9ca'
2025-08-06 14:18:28 - classifier - ERROR - [⚠ Gemini error]
Traceback (most recent call last):
  File "D:\Langs\Team_Docs\Local working prototype\Document-Ingestion-and-Classification\backend\classifier\genai_utils.py", line 70, in classify_document
    gemini_response = gemini_model.generate_content(prompt)
                      ^^^^^^^^^^^^^^^^^^^^^^^^^^^^^^^^^^^^^
  File "D:\Langs\Team_Docs\Local working prototype\Document-Ingestion-and-Classification\backend\venv\Lib\site-packages\google\generativeai\generative_models.py", line 331, in generate_content
    response = self._client.generate_content(
               ^^^^^^^^^^^^^^^^^^^^^^^^^^^^^^
  File "D:\Langs\Team_Docs\Local working prototype\Document-Ingestion-and-Classification\backend\venv\Lib\site-packages\google\ai\generativelanguage_v1beta\services\generative_service\client.py", line 835, in generate_content
    response = rpc(
               ^^^^
  File "D:\Langs\Team_Docs\Local working prototype\Document-Ingestion-and-Classification\backend\venv\Lib\site-packages\google\api_core\gapic_v1\method.py", line 131, in __call__
    return wrapped_func(*args, **kwargs)
           ^^^^^^^^^^^^^^^^^^^^^^^^^^^^^
  File "D:\Langs\Team_Docs\Local working prototype\Document-Ingestion-and-Classification\backend\venv\Lib\site-packages\google\api_core\retry\retry_unary.py", line 294, in retry_wrapped_func
    return retry_target(
           ^^^^^^^^^^^^^
  File "D:\Langs\Team_Docs\Local working prototype\Document-Ingestion-and-Classification\backend\venv\Lib\site-packages\google\api_core\retry\retry_unary.py", line 156, in retry_target
    next_sleep = _retry_error_helper(
                 ^^^^^^^^^^^^^^^^^^^^
  File "D:\Langs\Team_Docs\Local working prototype\Document-Ingestion-and-Classification\backend\venv\Lib\site-packages\google\api_core\retry\retry_base.py", line 214, in _retry_error_helper
    raise final_exc from source_exc
  File "D:\Langs\Team_Docs\Local working prototype\Document-Ingestion-and-Classification\backend\venv\Lib\site-packages\google\api_core\retry\retry_unary.py", line 147, in retry_target
    result = target()
             ^^^^^^^^
  File "D:\Langs\Team_Docs\Local working prototype\Document-Ingestion-and-Classification\backend\venv\Lib\site-packages\google\api_core\timeout.py", line 130, in func_with_timeout
    return func(*args, **kwargs)
           ^^^^^^^^^^^^^^^^^^^^^
  File "D:\Langs\Team_Docs\Local working prototype\Document-Ingestion-and-Classification\backend\venv\Lib\site-packages\google\api_core\grpc_helpers.py", line 78, in error_remapped_callable
    raise exceptions.from_grpc_error(exc) from exc
google.api_core.exceptions.InvalidArgument: 400 API key expired. Please renew the API key. [reason: "API_KEY_INVALID"
domain: "googleapis.com"
metadata {
  key: "service"
  value: "generativelanguage.googleapis.com"
}
, locale: "en-US"
message: "API key expired. Please renew the API key."
]
2025-08-06 14:18:28 - classifier - INFO - [Local ML 🤖] Prediction: Prescription (confidence: 0.124)
2025-08-06 14:18:28 - classifier - INFO - Doc 'ac96b456-4b3b-4a57-b2d8-c39147b5d9ca' classified as 'prescription' by Local ML boosted (Confidence: 0.7)
2025-08-06 14:18:28 - classifier - INFO - Successfully emitted event for doc_id 'ac96b456-4b3b-4a57-b2d8-c39147b5d9ca' to 'doc.classified' topic.
2025-08-06 14:18:28 - classifier - INFO - Received new message from Kafka: doc_id 'ac8396cb-add1-4d7d-880c-5099c5cc7552'
2025-08-06 14:18:29 - classifier - ERROR - [⚠ Gemini error]
Traceback (most recent call last):
  File "D:\Langs\Team_Docs\Local working prototype\Document-Ingestion-and-Classification\backend\classifier\genai_utils.py", line 70, in classify_document
    gemini_response = gemini_model.generate_content(prompt)
                      ^^^^^^^^^^^^^^^^^^^^^^^^^^^^^^^^^^^^^
  File "D:\Langs\Team_Docs\Local working prototype\Document-Ingestion-and-Classification\backend\venv\Lib\site-packages\google\generativeai\generative_models.py", line 331, in generate_content
    response = self._client.generate_content(
               ^^^^^^^^^^^^^^^^^^^^^^^^^^^^^^
  File "D:\Langs\Team_Docs\Local working prototype\Document-Ingestion-and-Classification\backend\venv\Lib\site-packages\google\ai\generativelanguage_v1beta\services\generative_service\client.py", line 835, in generate_content
    response = rpc(
               ^^^^
  File "D:\Langs\Team_Docs\Local working prototype\Document-Ingestion-and-Classification\backend\venv\Lib\site-packages\google\api_core\gapic_v1\method.py", line 131, in __call__
    return wrapped_func(*args, **kwargs)
           ^^^^^^^^^^^^^^^^^^^^^^^^^^^^^
  File "D:\Langs\Team_Docs\Local working prototype\Document-Ingestion-and-Classification\backend\venv\Lib\site-packages\google\api_core\retry\retry_unary.py", line 294, in retry_wrapped_func
    return retry_target(
           ^^^^^^^^^^^^^
  File "D:\Langs\Team_Docs\Local working prototype\Document-Ingestion-and-Classification\backend\venv\Lib\site-packages\google\api_core\retry\retry_unary.py", line 156, in retry_target
    next_sleep = _retry_error_helper(
                 ^^^^^^^^^^^^^^^^^^^^
  File "D:\Langs\Team_Docs\Local working prototype\Document-Ingestion-and-Classification\backend\venv\Lib\site-packages\google\api_core\retry\retry_base.py", line 214, in _retry_error_helper
    raise final_exc from source_exc
  File "D:\Langs\Team_Docs\Local working prototype\Document-Ingestion-and-Classification\backend\venv\Lib\site-packages\google\api_core\retry\retry_unary.py", line 147, in retry_target
    result = target()
             ^^^^^^^^
  File "D:\Langs\Team_Docs\Local working prototype\Document-Ingestion-and-Classification\backend\venv\Lib\site-packages\google\api_core\timeout.py", line 130, in func_with_timeout
    return func(*args, **kwargs)
           ^^^^^^^^^^^^^^^^^^^^^
  File "D:\Langs\Team_Docs\Local working prototype\Document-Ingestion-and-Classification\backend\venv\Lib\site-packages\google\api_core\grpc_helpers.py", line 78, in error_remapped_callable
    raise exceptions.from_grpc_error(exc) from exc
google.api_core.exceptions.InvalidArgument: 400 API key expired. Please renew the API key. [reason: "API_KEY_INVALID"
domain: "googleapis.com"
metadata {
  key: "service"
  value: "generativelanguage.googleapis.com"
}
, locale: "en-US"
message: "API key expired. Please renew the API key."
]
2025-08-06 14:18:29 - classifier - INFO - [Local ML 🤖] Prediction: Brochure (confidence: 0.155)
2025-08-06 14:18:29 - classifier - INFO - Doc 'ac8396cb-add1-4d7d-880c-5099c5cc7552' classified as 'brochure' by Local ML boosted (Confidence: 0.7)
2025-08-06 14:18:29 - classifier - INFO - Successfully emitted event for doc_id 'ac8396cb-add1-4d7d-880c-5099c5cc7552' to 'doc.classified' topic.
2025-08-06 14:18:29 - classifier - INFO - Received new message from Kafka: doc_id '0454af31-6bb0-4379-b89e-15d99bd4fe9f'
2025-08-06 14:18:30 - classifier - ERROR - [⚠ Gemini error]
Traceback (most recent call last):
  File "D:\Langs\Team_Docs\Local working prototype\Document-Ingestion-and-Classification\backend\classifier\genai_utils.py", line 70, in classify_document
    gemini_response = gemini_model.generate_content(prompt)
                      ^^^^^^^^^^^^^^^^^^^^^^^^^^^^^^^^^^^^^
  File "D:\Langs\Team_Docs\Local working prototype\Document-Ingestion-and-Classification\backend\venv\Lib\site-packages\google\generativeai\generative_models.py", line 331, in generate_content
    response = self._client.generate_content(
               ^^^^^^^^^^^^^^^^^^^^^^^^^^^^^^
  File "D:\Langs\Team_Docs\Local working prototype\Document-Ingestion-and-Classification\backend\venv\Lib\site-packages\google\ai\generativelanguage_v1beta\services\generative_service\client.py", line 835, in generate_content
    response = rpc(
               ^^^^
  File "D:\Langs\Team_Docs\Local working prototype\Document-Ingestion-and-Classification\backend\venv\Lib\site-packages\google\api_core\gapic_v1\method.py", line 131, in __call__
    return wrapped_func(*args, **kwargs)
           ^^^^^^^^^^^^^^^^^^^^^^^^^^^^^
  File "D:\Langs\Team_Docs\Local working prototype\Document-Ingestion-and-Classification\backend\venv\Lib\site-packages\google\api_core\retry\retry_unary.py", line 294, in retry_wrapped_func
    return retry_target(
           ^^^^^^^^^^^^^
  File "D:\Langs\Team_Docs\Local working prototype\Document-Ingestion-and-Classification\backend\venv\Lib\site-packages\google\api_core\retry\retry_unary.py", line 156, in retry_target
    next_sleep = _retry_error_helper(
                 ^^^^^^^^^^^^^^^^^^^^
  File "D:\Langs\Team_Docs\Local working prototype\Document-Ingestion-and-Classification\backend\venv\Lib\site-packages\google\api_core\retry\retry_base.py", line 214, in _retry_error_helper
    raise final_exc from source_exc
  File "D:\Langs\Team_Docs\Local working prototype\Document-Ingestion-and-Classification\backend\venv\Lib\site-packages\google\api_core\retry\retry_unary.py", line 147, in retry_target
    result = target()
             ^^^^^^^^
  File "D:\Langs\Team_Docs\Local working prototype\Document-Ingestion-and-Classification\backend\venv\Lib\site-packages\google\api_core\timeout.py", line 130, in func_with_timeout
    return func(*args, **kwargs)
           ^^^^^^^^^^^^^^^^^^^^^
  File "D:\Langs\Team_Docs\Local working prototype\Document-Ingestion-and-Classification\backend\venv\Lib\site-packages\google\api_core\grpc_helpers.py", line 78, in error_remapped_callable
    raise exceptions.from_grpc_error(exc) from exc
google.api_core.exceptions.InvalidArgument: 400 API key expired. Please renew the API key. [reason: "API_KEY_INVALID"
domain: "googleapis.com"
metadata {
  key: "service"
  value: "generativelanguage.googleapis.com"
}
, locale: "en-US"
message: "API key expired. Please renew the API key."
]
2025-08-06 14:18:30 - classifier - INFO - [Local ML 🤖] Prediction: Resume (confidence: 0.247)
2025-08-06 14:18:30 - classifier - INFO - Doc '0454af31-6bb0-4379-b89e-15d99bd4fe9f' classified as 'resume' by Local ML boosted (Confidence: 0.7)
2025-08-06 14:18:30 - classifier - INFO - Successfully emitted event for doc_id '0454af31-6bb0-4379-b89e-15d99bd4fe9f' to 'doc.classified' topic.
2025-08-06 14:18:30 - classifier - INFO - Received new message from Kafka: doc_id 'b2d208be-b722-4ae1-906f-b816794740fb'
2025-08-06 14:18:31 - classifier - ERROR - [⚠ Gemini error]
Traceback (most recent call last):
  File "D:\Langs\Team_Docs\Local working prototype\Document-Ingestion-and-Classification\backend\classifier\genai_utils.py", line 70, in classify_document
    gemini_response = gemini_model.generate_content(prompt)
                      ^^^^^^^^^^^^^^^^^^^^^^^^^^^^^^^^^^^^^
  File "D:\Langs\Team_Docs\Local working prototype\Document-Ingestion-and-Classification\backend\venv\Lib\site-packages\google\generativeai\generative_models.py", line 331, in generate_content
    response = self._client.generate_content(
               ^^^^^^^^^^^^^^^^^^^^^^^^^^^^^^
  File "D:\Langs\Team_Docs\Local working prototype\Document-Ingestion-and-Classification\backend\venv\Lib\site-packages\google\ai\generativelanguage_v1beta\services\generative_service\client.py", line 835, in generate_content
    response = rpc(
               ^^^^
  File "D:\Langs\Team_Docs\Local working prototype\Document-Ingestion-and-Classification\backend\venv\Lib\site-packages\google\api_core\gapic_v1\method.py", line 131, in __call__
    return wrapped_func(*args, **kwargs)
           ^^^^^^^^^^^^^^^^^^^^^^^^^^^^^
  File "D:\Langs\Team_Docs\Local working prototype\Document-Ingestion-and-Classification\backend\venv\Lib\site-packages\google\api_core\retry\retry_unary.py", line 294, in retry_wrapped_func
    return retry_target(
           ^^^^^^^^^^^^^
  File "D:\Langs\Team_Docs\Local working prototype\Document-Ingestion-and-Classification\backend\venv\Lib\site-packages\google\api_core\retry\retry_unary.py", line 156, in retry_target
    next_sleep = _retry_error_helper(
                 ^^^^^^^^^^^^^^^^^^^^
  File "D:\Langs\Team_Docs\Local working prototype\Document-Ingestion-and-Classification\backend\venv\Lib\site-packages\google\api_core\retry\retry_base.py", line 214, in _retry_error_helper
    raise final_exc from source_exc
  File "D:\Langs\Team_Docs\Local working prototype\Document-Ingestion-and-Classification\backend\venv\Lib\site-packages\google\api_core\retry\retry_unary.py", line 147, in retry_target
    result = target()
             ^^^^^^^^
  File "D:\Langs\Team_Docs\Local working prototype\Document-Ingestion-and-Classification\backend\venv\Lib\site-packages\google\api_core\timeout.py", line 130, in func_with_timeout
    return func(*args, **kwargs)
           ^^^^^^^^^^^^^^^^^^^^^
  File "D:\Langs\Team_Docs\Local working prototype\Document-Ingestion-and-Classification\backend\venv\Lib\site-packages\google\api_core\grpc_helpers.py", line 78, in error_remapped_callable
    raise exceptions.from_grpc_error(exc) from exc
google.api_core.exceptions.InvalidArgument: 400 API key expired. Please renew the API key. [reason: "API_KEY_INVALID"
domain: "googleapis.com"
metadata {
  key: "service"
  value: "generativelanguage.googleapis.com"
}
, locale: "en-US"
message: "API key expired. Please renew the API key."
]
2025-08-06 14:18:31 - classifier - INFO - [Local ML 🤖] Prediction: Technical (confidence: 0.111)
2025-08-06 14:18:31 - classifier - INFO - Doc 'b2d208be-b722-4ae1-906f-b816794740fb' classified as 'technical' by Local ML boosted (Confidence: 0.7)
2025-08-06 14:18:31 - classifier - INFO - Successfully emitted event for doc_id 'b2d208be-b722-4ae1-906f-b816794740fb' to 'doc.classified' topic.
2025-08-06 14:18:33 - classifier - INFO - Received new message from Kafka: doc_id 'aae7aa0c-e460-4afd-ab98-64e2573cfe59'
2025-08-06 14:18:33 - classifier - ERROR - [⚠ Gemini error]
Traceback (most recent call last):
  File "D:\Langs\Team_Docs\Local working prototype\Document-Ingestion-and-Classification\backend\classifier\genai_utils.py", line 70, in classify_document
    gemini_response = gemini_model.generate_content(prompt)
                      ^^^^^^^^^^^^^^^^^^^^^^^^^^^^^^^^^^^^^
  File "D:\Langs\Team_Docs\Local working prototype\Document-Ingestion-and-Classification\backend\venv\Lib\site-packages\google\generativeai\generative_models.py", line 331, in generate_content
    response = self._client.generate_content(
               ^^^^^^^^^^^^^^^^^^^^^^^^^^^^^^
  File "D:\Langs\Team_Docs\Local working prototype\Document-Ingestion-and-Classification\backend\venv\Lib\site-packages\google\ai\generativelanguage_v1beta\services\generative_service\client.py", line 835, in generate_content
    response = rpc(
               ^^^^
  File "D:\Langs\Team_Docs\Local working prototype\Document-Ingestion-and-Classification\backend\venv\Lib\site-packages\google\api_core\gapic_v1\method.py", line 131, in __call__
    return wrapped_func(*args, **kwargs)
           ^^^^^^^^^^^^^^^^^^^^^^^^^^^^^
  File "D:\Langs\Team_Docs\Local working prototype\Document-Ingestion-and-Classification\backend\venv\Lib\site-packages\google\api_core\retry\retry_unary.py", line 294, in retry_wrapped_func
    return retry_target(
           ^^^^^^^^^^^^^
  File "D:\Langs\Team_Docs\Local working prototype\Document-Ingestion-and-Classification\backend\venv\Lib\site-packages\google\api_core\retry\retry_unary.py", line 156, in retry_target
    next_sleep = _retry_error_helper(
                 ^^^^^^^^^^^^^^^^^^^^
  File "D:\Langs\Team_Docs\Local working prototype\Document-Ingestion-and-Classification\backend\venv\Lib\site-packages\google\api_core\retry\retry_base.py", line 214, in _retry_error_helper
    raise final_exc from source_exc
  File "D:\Langs\Team_Docs\Local working prototype\Document-Ingestion-and-Classification\backend\venv\Lib\site-packages\google\api_core\retry\retry_unary.py", line 147, in retry_target
    result = target()
             ^^^^^^^^
  File "D:\Langs\Team_Docs\Local working prototype\Document-Ingestion-and-Classification\backend\venv\Lib\site-packages\google\api_core\timeout.py", line 130, in func_with_timeout
    return func(*args, **kwargs)
           ^^^^^^^^^^^^^^^^^^^^^
  File "D:\Langs\Team_Docs\Local working prototype\Document-Ingestion-and-Classification\backend\venv\Lib\site-packages\google\api_core\grpc_helpers.py", line 78, in error_remapped_callable
    raise exceptions.from_grpc_error(exc) from exc
google.api_core.exceptions.InvalidArgument: 400 API key expired. Please renew the API key. [reason: "API_KEY_INVALID"
domain: "googleapis.com"
metadata {
  key: "service"
  value: "generativelanguage.googleapis.com"
}
, locale: "en-US"
message: "API key expired. Please renew the API key."
]
2025-08-06 14:18:33 - classifier - INFO - [Local ML 🤖] Prediction: Business Pitch Deck (confidence: 0.195)
2025-08-06 14:18:33 - classifier - INFO - Doc 'aae7aa0c-e460-4afd-ab98-64e2573cfe59' classified as 'business pitch deck' by Local ML boosted (Confidence: 0.7)
2025-08-06 14:18:34 - classifier - INFO - Successfully emitted event for doc_id 'aae7aa0c-e460-4afd-ab98-64e2573cfe59' to 'doc.classified' topic.
2025-08-06 14:18:34 - classifier - INFO - Received new message from Kafka: doc_id '0214d968-34a9-46e3-be92-d22021adb0ca'
2025-08-06 14:18:35 - classifier - ERROR - [⚠ Gemini error]
Traceback (most recent call last):
  File "D:\Langs\Team_Docs\Local working prototype\Document-Ingestion-and-Classification\backend\classifier\genai_utils.py", line 70, in classify_document
    gemini_response = gemini_model.generate_content(prompt)
                      ^^^^^^^^^^^^^^^^^^^^^^^^^^^^^^^^^^^^^
  File "D:\Langs\Team_Docs\Local working prototype\Document-Ingestion-and-Classification\backend\venv\Lib\site-packages\google\generativeai\generative_models.py", line 331, in generate_content
    response = self._client.generate_content(
               ^^^^^^^^^^^^^^^^^^^^^^^^^^^^^^
  File "D:\Langs\Team_Docs\Local working prototype\Document-Ingestion-and-Classification\backend\venv\Lib\site-packages\google\ai\generativelanguage_v1beta\services\generative_service\client.py", line 835, in generate_content
    response = rpc(
               ^^^^
  File "D:\Langs\Team_Docs\Local working prototype\Document-Ingestion-and-Classification\backend\venv\Lib\site-packages\google\api_core\gapic_v1\method.py", line 131, in __call__
    return wrapped_func(*args, **kwargs)
           ^^^^^^^^^^^^^^^^^^^^^^^^^^^^^
  File "D:\Langs\Team_Docs\Local working prototype\Document-Ingestion-and-Classification\backend\venv\Lib\site-packages\google\api_core\retry\retry_unary.py", line 294, in retry_wrapped_func
    return retry_target(
           ^^^^^^^^^^^^^
  File "D:\Langs\Team_Docs\Local working prototype\Document-Ingestion-and-Classification\backend\venv\Lib\site-packages\google\api_core\retry\retry_unary.py", line 156, in retry_target
    next_sleep = _retry_error_helper(
                 ^^^^^^^^^^^^^^^^^^^^
  File "D:\Langs\Team_Docs\Local working prototype\Document-Ingestion-and-Classification\backend\venv\Lib\site-packages\google\api_core\retry\retry_base.py", line 214, in _retry_error_helper
    raise final_exc from source_exc
  File "D:\Langs\Team_Docs\Local working prototype\Document-Ingestion-and-Classification\backend\venv\Lib\site-packages\google\api_core\retry\retry_unary.py", line 147, in retry_target
    result = target()
             ^^^^^^^^
  File "D:\Langs\Team_Docs\Local working prototype\Document-Ingestion-and-Classification\backend\venv\Lib\site-packages\google\api_core\timeout.py", line 130, in func_with_timeout
    return func(*args, **kwargs)
           ^^^^^^^^^^^^^^^^^^^^^
  File "D:\Langs\Team_Docs\Local working prototype\Document-Ingestion-and-Classification\backend\venv\Lib\site-packages\google\api_core\grpc_helpers.py", line 78, in error_remapped_callable
    raise exceptions.from_grpc_error(exc) from exc
google.api_core.exceptions.InvalidArgument: 400 API key expired. Please renew the API key. [reason: "API_KEY_INVALID"
domain: "googleapis.com"
metadata {
  key: "service"
  value: "generativelanguage.googleapis.com"
}
, locale: "en-US"
message: "API key expired. Please renew the API key."
]
2025-08-06 14:18:35 - classifier - INFO - [Local ML 🤖] Prediction: Advertisement (confidence: 0.127)
2025-08-06 14:18:35 - classifier - INFO - Doc '0214d968-34a9-46e3-be92-d22021adb0ca' classified as 'advertisement' by Local ML boosted (Confidence: 0.7)
2025-08-06 14:18:35 - classifier - INFO - Successfully emitted event for doc_id '0214d968-34a9-46e3-be92-d22021adb0ca' to 'doc.classified' topic.
2025-08-06 14:18:35 - classifier - INFO - Received new message from Kafka: doc_id '92f771db-7346-4dbe-9a9d-5b2529b976c0'
2025-08-06 14:18:35 - classifier - ERROR - [⚠ Gemini error]
Traceback (most recent call last):
  File "D:\Langs\Team_Docs\Local working prototype\Document-Ingestion-and-Classification\backend\classifier\genai_utils.py", line 70, in classify_document
    gemini_response = gemini_model.generate_content(prompt)
                      ^^^^^^^^^^^^^^^^^^^^^^^^^^^^^^^^^^^^^
  File "D:\Langs\Team_Docs\Local working prototype\Document-Ingestion-and-Classification\backend\venv\Lib\site-packages\google\generativeai\generative_models.py", line 331, in generate_content
    response = self._client.generate_content(
               ^^^^^^^^^^^^^^^^^^^^^^^^^^^^^^
  File "D:\Langs\Team_Docs\Local working prototype\Document-Ingestion-and-Classification\backend\venv\Lib\site-packages\google\ai\generativelanguage_v1beta\services\generative_service\client.py", line 835, in generate_content
    response = rpc(
               ^^^^
  File "D:\Langs\Team_Docs\Local working prototype\Document-Ingestion-and-Classification\backend\venv\Lib\site-packages\google\api_core\gapic_v1\method.py", line 131, in __call__
    return wrapped_func(*args, **kwargs)
           ^^^^^^^^^^^^^^^^^^^^^^^^^^^^^
  File "D:\Langs\Team_Docs\Local working prototype\Document-Ingestion-and-Classification\backend\venv\Lib\site-packages\google\api_core\retry\retry_unary.py", line 294, in retry_wrapped_func
    return retry_target(
           ^^^^^^^^^^^^^
  File "D:\Langs\Team_Docs\Local working prototype\Document-Ingestion-and-Classification\backend\venv\Lib\site-packages\google\api_core\retry\retry_unary.py", line 156, in retry_target
    next_sleep = _retry_error_helper(
                 ^^^^^^^^^^^^^^^^^^^^
  File "D:\Langs\Team_Docs\Local working prototype\Document-Ingestion-and-Classification\backend\venv\Lib\site-packages\google\api_core\retry\retry_base.py", line 214, in _retry_error_helper
    raise final_exc from source_exc
  File "D:\Langs\Team_Docs\Local working prototype\Document-Ingestion-and-Classification\backend\venv\Lib\site-packages\google\api_core\retry\retry_unary.py", line 147, in retry_target
    result = target()
             ^^^^^^^^
  File "D:\Langs\Team_Docs\Local working prototype\Document-Ingestion-and-Classification\backend\venv\Lib\site-packages\google\api_core\timeout.py", line 130, in func_with_timeout
    return func(*args, **kwargs)
           ^^^^^^^^^^^^^^^^^^^^^
  File "D:\Langs\Team_Docs\Local working prototype\Document-Ingestion-and-Classification\backend\venv\Lib\site-packages\google\api_core\grpc_helpers.py", line 78, in error_remapped_callable
    raise exceptions.from_grpc_error(exc) from exc
google.api_core.exceptions.InvalidArgument: 400 API key expired. Please renew the API key. [reason: "API_KEY_INVALID"
domain: "googleapis.com"
metadata {
  key: "service"
  value: "generativelanguage.googleapis.com"
}
, locale: "en-US"
message: "API key expired. Please renew the API key."
]
2025-08-06 14:18:35 - classifier - INFO - [Local ML 🤖] Prediction: Resume (confidence: 0.253)
2025-08-06 14:18:35 - classifier - INFO - Doc '92f771db-7346-4dbe-9a9d-5b2529b976c0' classified as 'resume' by Local ML boosted (Confidence: 0.7)
2025-08-06 14:18:36 - classifier - INFO - Successfully emitted event for doc_id '92f771db-7346-4dbe-9a9d-5b2529b976c0' to 'doc.classified' topic.
2025-08-06 14:18:36 - classifier - INFO - Received new message from Kafka: doc_id '4db87ff6-e08d-4afa-a5e8-4134afd71a2b'
2025-08-06 14:18:36 - classifier - ERROR - [⚠ Gemini error]
Traceback (most recent call last):
  File "D:\Langs\Team_Docs\Local working prototype\Document-Ingestion-and-Classification\backend\classifier\genai_utils.py", line 70, in classify_document
    gemini_response = gemini_model.generate_content(prompt)
                      ^^^^^^^^^^^^^^^^^^^^^^^^^^^^^^^^^^^^^
  File "D:\Langs\Team_Docs\Local working prototype\Document-Ingestion-and-Classification\backend\venv\Lib\site-packages\google\generativeai\generative_models.py", line 331, in generate_content
    response = self._client.generate_content(
               ^^^^^^^^^^^^^^^^^^^^^^^^^^^^^^
  File "D:\Langs\Team_Docs\Local working prototype\Document-Ingestion-and-Classification\backend\venv\Lib\site-packages\google\ai\generativelanguage_v1beta\services\generative_service\client.py", line 835, in generate_content
    response = rpc(
               ^^^^
  File "D:\Langs\Team_Docs\Local working prototype\Document-Ingestion-and-Classification\backend\venv\Lib\site-packages\google\api_core\gapic_v1\method.py", line 131, in __call__
    return wrapped_func(*args, **kwargs)
           ^^^^^^^^^^^^^^^^^^^^^^^^^^^^^
  File "D:\Langs\Team_Docs\Local working prototype\Document-Ingestion-and-Classification\backend\venv\Lib\site-packages\google\api_core\retry\retry_unary.py", line 294, in retry_wrapped_func
    return retry_target(
           ^^^^^^^^^^^^^
  File "D:\Langs\Team_Docs\Local working prototype\Document-Ingestion-and-Classification\backend\venv\Lib\site-packages\google\api_core\retry\retry_unary.py", line 156, in retry_target
    next_sleep = _retry_error_helper(
                 ^^^^^^^^^^^^^^^^^^^^
  File "D:\Langs\Team_Docs\Local working prototype\Document-Ingestion-and-Classification\backend\venv\Lib\site-packages\google\api_core\retry\retry_base.py", line 214, in _retry_error_helper
    raise final_exc from source_exc
  File "D:\Langs\Team_Docs\Local working prototype\Document-Ingestion-and-Classification\backend\venv\Lib\site-packages\google\api_core\retry\retry_unary.py", line 147, in retry_target
    result = target()
             ^^^^^^^^
  File "D:\Langs\Team_Docs\Local working prototype\Document-Ingestion-and-Classification\backend\venv\Lib\site-packages\google\api_core\timeout.py", line 130, in func_with_timeout
    return func(*args, **kwargs)
           ^^^^^^^^^^^^^^^^^^^^^
  File "D:\Langs\Team_Docs\Local working prototype\Document-Ingestion-and-Classification\backend\venv\Lib\site-packages\google\api_core\grpc_helpers.py", line 78, in error_remapped_callable
    raise exceptions.from_grpc_error(exc) from exc
google.api_core.exceptions.InvalidArgument: 400 API key expired. Please renew the API key. [reason: "API_KEY_INVALID"
domain: "googleapis.com"
metadata {
  key: "service"
  value: "generativelanguage.googleapis.com"
}
, locale: "en-US"
message: "API key expired. Please renew the API key."
]
2025-08-06 14:18:36 - classifier - INFO - [Local ML 🤖] Prediction: Brochure (confidence: 0.161)
2025-08-06 14:18:36 - classifier - INFO - Doc '4db87ff6-e08d-4afa-a5e8-4134afd71a2b' classified as 'brochure' by Local ML boosted (Confidence: 0.7)
2025-08-06 14:18:36 - classifier - INFO - Successfully emitted event for doc_id '4db87ff6-e08d-4afa-a5e8-4134afd71a2b' to 'doc.classified' topic.
2025-08-06 14:18:36 - classifier - INFO - Received new message from Kafka: doc_id '30a0dae0-0d0f-4896-98ec-870d956a7205'
2025-08-06 14:18:37 - classifier - ERROR - [⚠ Gemini error]
Traceback (most recent call last):
  File "D:\Langs\Team_Docs\Local working prototype\Document-Ingestion-and-Classification\backend\classifier\genai_utils.py", line 70, in classify_document
    gemini_response = gemini_model.generate_content(prompt)
                      ^^^^^^^^^^^^^^^^^^^^^^^^^^^^^^^^^^^^^
  File "D:\Langs\Team_Docs\Local working prototype\Document-Ingestion-and-Classification\backend\venv\Lib\site-packages\google\generativeai\generative_models.py", line 331, in generate_content
    response = self._client.generate_content(
               ^^^^^^^^^^^^^^^^^^^^^^^^^^^^^^
  File "D:\Langs\Team_Docs\Local working prototype\Document-Ingestion-and-Classification\backend\venv\Lib\site-packages\google\ai\generativelanguage_v1beta\services\generative_service\client.py", line 835, in generate_content
    response = rpc(
               ^^^^
  File "D:\Langs\Team_Docs\Local working prototype\Document-Ingestion-and-Classification\backend\venv\Lib\site-packages\google\api_core\gapic_v1\method.py", line 131, in __call__
    return wrapped_func(*args, **kwargs)
           ^^^^^^^^^^^^^^^^^^^^^^^^^^^^^
  File "D:\Langs\Team_Docs\Local working prototype\Document-Ingestion-and-Classification\backend\venv\Lib\site-packages\google\api_core\retry\retry_unary.py", line 294, in retry_wrapped_func
    return retry_target(
           ^^^^^^^^^^^^^
  File "D:\Langs\Team_Docs\Local working prototype\Document-Ingestion-and-Classification\backend\venv\Lib\site-packages\google\api_core\retry\retry_unary.py", line 156, in retry_target
    next_sleep = _retry_error_helper(
                 ^^^^^^^^^^^^^^^^^^^^
  File "D:\Langs\Team_Docs\Local working prototype\Document-Ingestion-and-Classification\backend\venv\Lib\site-packages\google\api_core\retry\retry_base.py", line 214, in _retry_error_helper
    raise final_exc from source_exc
  File "D:\Langs\Team_Docs\Local working prototype\Document-Ingestion-and-Classification\backend\venv\Lib\site-packages\google\api_core\retry\retry_unary.py", line 147, in retry_target
    result = target()
             ^^^^^^^^
  File "D:\Langs\Team_Docs\Local working prototype\Document-Ingestion-and-Classification\backend\venv\Lib\site-packages\google\api_core\timeout.py", line 130, in func_with_timeout
    return func(*args, **kwargs)
           ^^^^^^^^^^^^^^^^^^^^^
  File "D:\Langs\Team_Docs\Local working prototype\Document-Ingestion-and-Classification\backend\venv\Lib\site-packages\google\api_core\grpc_helpers.py", line 78, in error_remapped_callable
    raise exceptions.from_grpc_error(exc) from exc
google.api_core.exceptions.InvalidArgument: 400 API key expired. Please renew the API key. [reason: "API_KEY_INVALID"
domain: "googleapis.com"
metadata {
  key: "service"
  value: "generativelanguage.googleapis.com"
}
, locale: "en-US"
message: "API key expired. Please renew the API key."
]
2025-08-06 14:18:37 - classifier - INFO - [Local ML 🤖] Prediction: Prescription (confidence: 0.127)
2025-08-06 14:18:37 - classifier - INFO - Doc '30a0dae0-0d0f-4896-98ec-870d956a7205' classified as 'prescription' by Local ML boosted (Confidence: 0.7)
2025-08-06 14:18:37 - classifier - INFO - Successfully emitted event for doc_id '30a0dae0-0d0f-4896-98ec-870d956a7205' to 'doc.classified' topic.
2025-08-06 14:18:37 - classifier - INFO - Received new message from Kafka: doc_id '6ab549e2-e628-4a65-8429-24eabbd655a5'
2025-08-06 14:18:38 - classifier - ERROR - [⚠ Gemini error]
Traceback (most recent call last):
  File "D:\Langs\Team_Docs\Local working prototype\Document-Ingestion-and-Classification\backend\classifier\genai_utils.py", line 70, in classify_document
    gemini_response = gemini_model.generate_content(prompt)
                      ^^^^^^^^^^^^^^^^^^^^^^^^^^^^^^^^^^^^^
  File "D:\Langs\Team_Docs\Local working prototype\Document-Ingestion-and-Classification\backend\venv\Lib\site-packages\google\generativeai\generative_models.py", line 331, in generate_content
    response = self._client.generate_content(
               ^^^^^^^^^^^^^^^^^^^^^^^^^^^^^^
  File "D:\Langs\Team_Docs\Local working prototype\Document-Ingestion-and-Classification\backend\venv\Lib\site-packages\google\ai\generativelanguage_v1beta\services\generative_service\client.py", line 835, in generate_content
    response = rpc(
               ^^^^
  File "D:\Langs\Team_Docs\Local working prototype\Document-Ingestion-and-Classification\backend\venv\Lib\site-packages\google\api_core\gapic_v1\method.py", line 131, in __call__
    return wrapped_func(*args, **kwargs)
           ^^^^^^^^^^^^^^^^^^^^^^^^^^^^^
  File "D:\Langs\Team_Docs\Local working prototype\Document-Ingestion-and-Classification\backend\venv\Lib\site-packages\google\api_core\retry\retry_unary.py", line 294, in retry_wrapped_func
    return retry_target(
           ^^^^^^^^^^^^^
  File "D:\Langs\Team_Docs\Local working prototype\Document-Ingestion-and-Classification\backend\venv\Lib\site-packages\google\api_core\retry\retry_unary.py", line 156, in retry_target
    next_sleep = _retry_error_helper(
                 ^^^^^^^^^^^^^^^^^^^^
  File "D:\Langs\Team_Docs\Local working prototype\Document-Ingestion-and-Classification\backend\venv\Lib\site-packages\google\api_core\retry\retry_base.py", line 214, in _retry_error_helper
    raise final_exc from source_exc
  File "D:\Langs\Team_Docs\Local working prototype\Document-Ingestion-and-Classification\backend\venv\Lib\site-packages\google\api_core\retry\retry_unary.py", line 147, in retry_target
    result = target()
             ^^^^^^^^
  File "D:\Langs\Team_Docs\Local working prototype\Document-Ingestion-and-Classification\backend\venv\Lib\site-packages\google\api_core\timeout.py", line 130, in func_with_timeout
    return func(*args, **kwargs)
           ^^^^^^^^^^^^^^^^^^^^^
  File "D:\Langs\Team_Docs\Local working prototype\Document-Ingestion-and-Classification\backend\venv\Lib\site-packages\google\api_core\grpc_helpers.py", line 78, in error_remapped_callable
    raise exceptions.from_grpc_error(exc) from exc
google.api_core.exceptions.InvalidArgument: 400 API key expired. Please renew the API key. [reason: "API_KEY_INVALID"
domain: "googleapis.com"
metadata {
  key: "service"
  value: "generativelanguage.googleapis.com"
}
, locale: "en-US"
message: "API key expired. Please renew the API key."
]
2025-08-06 14:18:38 - classifier - INFO - [Local ML 🤖] Prediction: Prescription (confidence: 0.122)
2025-08-06 14:18:38 - classifier - INFO - Doc '6ab549e2-e628-4a65-8429-24eabbd655a5' classified as 'prescription' by Local ML boosted (Confidence: 0.7)
2025-08-06 14:18:38 - classifier - INFO - Successfully emitted event for doc_id '6ab549e2-e628-4a65-8429-24eabbd655a5' to 'doc.classified' topic.
2025-08-06 14:18:38 - classifier - INFO - Received new message from Kafka: doc_id '77d27385-d454-45d2-9099-363c6cd78946'
2025-08-06 14:18:39 - classifier - ERROR - [⚠ Gemini error]
Traceback (most recent call last):
  File "D:\Langs\Team_Docs\Local working prototype\Document-Ingestion-and-Classification\backend\classifier\genai_utils.py", line 70, in classify_document
    gemini_response = gemini_model.generate_content(prompt)
                      ^^^^^^^^^^^^^^^^^^^^^^^^^^^^^^^^^^^^^
  File "D:\Langs\Team_Docs\Local working prototype\Document-Ingestion-and-Classification\backend\venv\Lib\site-packages\google\generativeai\generative_models.py", line 331, in generate_content
    response = self._client.generate_content(
               ^^^^^^^^^^^^^^^^^^^^^^^^^^^^^^
  File "D:\Langs\Team_Docs\Local working prototype\Document-Ingestion-and-Classification\backend\venv\Lib\site-packages\google\ai\generativelanguage_v1beta\services\generative_service\client.py", line 835, in generate_content
    response = rpc(
               ^^^^
  File "D:\Langs\Team_Docs\Local working prototype\Document-Ingestion-and-Classification\backend\venv\Lib\site-packages\google\api_core\gapic_v1\method.py", line 131, in __call__
    return wrapped_func(*args, **kwargs)
           ^^^^^^^^^^^^^^^^^^^^^^^^^^^^^
  File "D:\Langs\Team_Docs\Local working prototype\Document-Ingestion-and-Classification\backend\venv\Lib\site-packages\google\api_core\retry\retry_unary.py", line 294, in retry_wrapped_func
    return retry_target(
           ^^^^^^^^^^^^^
  File "D:\Langs\Team_Docs\Local working prototype\Document-Ingestion-and-Classification\backend\venv\Lib\site-packages\google\api_core\retry\retry_unary.py", line 156, in retry_target
    next_sleep = _retry_error_helper(
                 ^^^^^^^^^^^^^^^^^^^^
  File "D:\Langs\Team_Docs\Local working prototype\Document-Ingestion-and-Classification\backend\venv\Lib\site-packages\google\api_core\retry\retry_base.py", line 214, in _retry_error_helper
    raise final_exc from source_exc
  File "D:\Langs\Team_Docs\Local working prototype\Document-Ingestion-and-Classification\backend\venv\Lib\site-packages\google\api_core\retry\retry_unary.py", line 147, in retry_target
    result = target()
             ^^^^^^^^
  File "D:\Langs\Team_Docs\Local working prototype\Document-Ingestion-and-Classification\backend\venv\Lib\site-packages\google\api_core\timeout.py", line 130, in func_with_timeout
    return func(*args, **kwargs)
           ^^^^^^^^^^^^^^^^^^^^^
  File "D:\Langs\Team_Docs\Local working prototype\Document-Ingestion-and-Classification\backend\venv\Lib\site-packages\google\api_core\grpc_helpers.py", line 78, in error_remapped_callable
    raise exceptions.from_grpc_error(exc) from exc
google.api_core.exceptions.InvalidArgument: 400 API key expired. Please renew the API key. [reason: "API_KEY_INVALID"
domain: "googleapis.com"
metadata {
  key: "service"
  value: "generativelanguage.googleapis.com"
}
, locale: "en-US"
message: "API key expired. Please renew the API key."
]
2025-08-06 14:18:39 - classifier - INFO - [Local ML 🤖] Prediction: Prescription (confidence: 0.116)
2025-08-06 14:18:39 - classifier - INFO - Doc '77d27385-d454-45d2-9099-363c6cd78946' classified as 'prescription' by Local ML boosted (Confidence: 0.7)
2025-08-06 14:18:39 - classifier - INFO - Successfully emitted event for doc_id '77d27385-d454-45d2-9099-363c6cd78946' to 'doc.classified' topic.
2025-08-06 14:18:39 - classifier - INFO - Received new message from Kafka: doc_id '54951c0c-4fa1-47c5-961e-463c9cb10714'
2025-08-06 14:18:40 - classifier - ERROR - [⚠ Gemini error]
Traceback (most recent call last):
  File "D:\Langs\Team_Docs\Local working prototype\Document-Ingestion-and-Classification\backend\classifier\genai_utils.py", line 70, in classify_document
    gemini_response = gemini_model.generate_content(prompt)
                      ^^^^^^^^^^^^^^^^^^^^^^^^^^^^^^^^^^^^^
  File "D:\Langs\Team_Docs\Local working prototype\Document-Ingestion-and-Classification\backend\venv\Lib\site-packages\google\generativeai\generative_models.py", line 331, in generate_content
    response = self._client.generate_content(
               ^^^^^^^^^^^^^^^^^^^^^^^^^^^^^^
  File "D:\Langs\Team_Docs\Local working prototype\Document-Ingestion-and-Classification\backend\venv\Lib\site-packages\google\ai\generativelanguage_v1beta\services\generative_service\client.py", line 835, in generate_content
    response = rpc(
               ^^^^
  File "D:\Langs\Team_Docs\Local working prototype\Document-Ingestion-and-Classification\backend\venv\Lib\site-packages\google\api_core\gapic_v1\method.py", line 131, in __call__
    return wrapped_func(*args, **kwargs)
           ^^^^^^^^^^^^^^^^^^^^^^^^^^^^^
  File "D:\Langs\Team_Docs\Local working prototype\Document-Ingestion-and-Classification\backend\venv\Lib\site-packages\google\api_core\retry\retry_unary.py", line 294, in retry_wrapped_func
    return retry_target(
           ^^^^^^^^^^^^^
  File "D:\Langs\Team_Docs\Local working prototype\Document-Ingestion-and-Classification\backend\venv\Lib\site-packages\google\api_core\retry\retry_unary.py", line 156, in retry_target
    next_sleep = _retry_error_helper(
                 ^^^^^^^^^^^^^^^^^^^^
  File "D:\Langs\Team_Docs\Local working prototype\Document-Ingestion-and-Classification\backend\venv\Lib\site-packages\google\api_core\retry\retry_base.py", line 214, in _retry_error_helper
    raise final_exc from source_exc
  File "D:\Langs\Team_Docs\Local working prototype\Document-Ingestion-and-Classification\backend\venv\Lib\site-packages\google\api_core\retry\retry_unary.py", line 147, in retry_target
    result = target()
             ^^^^^^^^
  File "D:\Langs\Team_Docs\Local working prototype\Document-Ingestion-and-Classification\backend\venv\Lib\site-packages\google\api_core\timeout.py", line 130, in func_with_timeout
    return func(*args, **kwargs)
           ^^^^^^^^^^^^^^^^^^^^^
  File "D:\Langs\Team_Docs\Local working prototype\Document-Ingestion-and-Classification\backend\venv\Lib\site-packages\google\api_core\grpc_helpers.py", line 78, in error_remapped_callable
    raise exceptions.from_grpc_error(exc) from exc
google.api_core.exceptions.InvalidArgument: 400 API key expired. Please renew the API key. [reason: "API_KEY_INVALID"
domain: "googleapis.com"
metadata {
  key: "service"
  value: "generativelanguage.googleapis.com"
}
, locale: "en-US"
message: "API key expired. Please renew the API key."
]
2025-08-06 14:18:40 - classifier - INFO - [Local ML 🤖] Prediction: Prescription (confidence: 0.12)
2025-08-06 14:18:40 - classifier - INFO - Doc '54951c0c-4fa1-47c5-961e-463c9cb10714' classified as 'prescription' by Local ML boosted (Confidence: 0.7)
2025-08-06 14:18:40 - classifier - INFO - Successfully emitted event for doc_id '54951c0c-4fa1-47c5-961e-463c9cb10714' to 'doc.classified' topic.
2025-08-06 14:18:40 - classifier - INFO - Received new message from Kafka: doc_id '64bbdf04-d63a-43e2-ba41-e87b6c9e8fef'
2025-08-06 14:18:41 - classifier - ERROR - [⚠ Gemini error]
Traceback (most recent call last):
  File "D:\Langs\Team_Docs\Local working prototype\Document-Ingestion-and-Classification\backend\classifier\genai_utils.py", line 70, in classify_document
    gemini_response = gemini_model.generate_content(prompt)
                      ^^^^^^^^^^^^^^^^^^^^^^^^^^^^^^^^^^^^^
  File "D:\Langs\Team_Docs\Local working prototype\Document-Ingestion-and-Classification\backend\venv\Lib\site-packages\google\generativeai\generative_models.py", line 331, in generate_content
    response = self._client.generate_content(
               ^^^^^^^^^^^^^^^^^^^^^^^^^^^^^^
  File "D:\Langs\Team_Docs\Local working prototype\Document-Ingestion-and-Classification\backend\venv\Lib\site-packages\google\ai\generativelanguage_v1beta\services\generative_service\client.py", line 835, in generate_content
    response = rpc(
               ^^^^
  File "D:\Langs\Team_Docs\Local working prototype\Document-Ingestion-and-Classification\backend\venv\Lib\site-packages\google\api_core\gapic_v1\method.py", line 131, in __call__
    return wrapped_func(*args, **kwargs)
           ^^^^^^^^^^^^^^^^^^^^^^^^^^^^^
  File "D:\Langs\Team_Docs\Local working prototype\Document-Ingestion-and-Classification\backend\venv\Lib\site-packages\google\api_core\retry\retry_unary.py", line 294, in retry_wrapped_func
    return retry_target(
           ^^^^^^^^^^^^^
  File "D:\Langs\Team_Docs\Local working prototype\Document-Ingestion-and-Classification\backend\venv\Lib\site-packages\google\api_core\retry\retry_unary.py", line 156, in retry_target
    next_sleep = _retry_error_helper(
                 ^^^^^^^^^^^^^^^^^^^^
  File "D:\Langs\Team_Docs\Local working prototype\Document-Ingestion-and-Classification\backend\venv\Lib\site-packages\google\api_core\retry\retry_base.py", line 214, in _retry_error_helper
    raise final_exc from source_exc
  File "D:\Langs\Team_Docs\Local working prototype\Document-Ingestion-and-Classification\backend\venv\Lib\site-packages\google\api_core\retry\retry_unary.py", line 147, in retry_target
    result = target()
             ^^^^^^^^
  File "D:\Langs\Team_Docs\Local working prototype\Document-Ingestion-and-Classification\backend\venv\Lib\site-packages\google\api_core\timeout.py", line 130, in func_with_timeout
    return func(*args, **kwargs)
           ^^^^^^^^^^^^^^^^^^^^^
  File "D:\Langs\Team_Docs\Local working prototype\Document-Ingestion-and-Classification\backend\venv\Lib\site-packages\google\api_core\grpc_helpers.py", line 78, in error_remapped_callable
    raise exceptions.from_grpc_error(exc) from exc
google.api_core.exceptions.InvalidArgument: 400 API key expired. Please renew the API key. [reason: "API_KEY_INVALID"
domain: "googleapis.com"
metadata {
  key: "service"
  value: "generativelanguage.googleapis.com"
}
, locale: "en-US"
message: "API key expired. Please renew the API key."
]
2025-08-06 14:18:41 - classifier - INFO - [Local ML 🤖] Prediction: Brochure (confidence: 0.125)
2025-08-06 14:18:41 - classifier - INFO - Doc '64bbdf04-d63a-43e2-ba41-e87b6c9e8fef' classified as 'brochure' by Local ML boosted (Confidence: 0.7)
2025-08-06 14:18:41 - classifier - INFO - Successfully emitted event for doc_id '64bbdf04-d63a-43e2-ba41-e87b6c9e8fef' to 'doc.classified' topic.
2025-08-06 14:18:41 - classifier - INFO - Received new message from Kafka: doc_id 'd724349f-63c4-48c8-b05b-3edcd3d0fc1b'
2025-08-06 14:18:41 - classifier - ERROR - [⚠ Gemini error]
Traceback (most recent call last):
  File "D:\Langs\Team_Docs\Local working prototype\Document-Ingestion-and-Classification\backend\classifier\genai_utils.py", line 70, in classify_document
    gemini_response = gemini_model.generate_content(prompt)
                      ^^^^^^^^^^^^^^^^^^^^^^^^^^^^^^^^^^^^^
  File "D:\Langs\Team_Docs\Local working prototype\Document-Ingestion-and-Classification\backend\venv\Lib\site-packages\google\generativeai\generative_models.py", line 331, in generate_content
    response = self._client.generate_content(
               ^^^^^^^^^^^^^^^^^^^^^^^^^^^^^^
  File "D:\Langs\Team_Docs\Local working prototype\Document-Ingestion-and-Classification\backend\venv\Lib\site-packages\google\ai\generativelanguage_v1beta\services\generative_service\client.py", line 835, in generate_content
    response = rpc(
               ^^^^
  File "D:\Langs\Team_Docs\Local working prototype\Document-Ingestion-and-Classification\backend\venv\Lib\site-packages\google\api_core\gapic_v1\method.py", line 131, in __call__
    return wrapped_func(*args, **kwargs)
           ^^^^^^^^^^^^^^^^^^^^^^^^^^^^^
  File "D:\Langs\Team_Docs\Local working prototype\Document-Ingestion-and-Classification\backend\venv\Lib\site-packages\google\api_core\retry\retry_unary.py", line 294, in retry_wrapped_func
    return retry_target(
           ^^^^^^^^^^^^^
  File "D:\Langs\Team_Docs\Local working prototype\Document-Ingestion-and-Classification\backend\venv\Lib\site-packages\google\api_core\retry\retry_unary.py", line 156, in retry_target
    next_sleep = _retry_error_helper(
                 ^^^^^^^^^^^^^^^^^^^^
  File "D:\Langs\Team_Docs\Local working prototype\Document-Ingestion-and-Classification\backend\venv\Lib\site-packages\google\api_core\retry\retry_base.py", line 214, in _retry_error_helper
    raise final_exc from source_exc
  File "D:\Langs\Team_Docs\Local working prototype\Document-Ingestion-and-Classification\backend\venv\Lib\site-packages\google\api_core\retry\retry_unary.py", line 147, in retry_target
    result = target()
             ^^^^^^^^
  File "D:\Langs\Team_Docs\Local working prototype\Document-Ingestion-and-Classification\backend\venv\Lib\site-packages\google\api_core\timeout.py", line 130, in func_with_timeout
    return func(*args, **kwargs)
           ^^^^^^^^^^^^^^^^^^^^^
  File "D:\Langs\Team_Docs\Local working prototype\Document-Ingestion-and-Classification\backend\venv\Lib\site-packages\google\api_core\grpc_helpers.py", line 78, in error_remapped_callable
    raise exceptions.from_grpc_error(exc) from exc
google.api_core.exceptions.InvalidArgument: 400 API key expired. Please renew the API key. [reason: "API_KEY_INVALID"
domain: "googleapis.com"
metadata {
  key: "service"
  value: "generativelanguage.googleapis.com"
}
, locale: "en-US"
message: "API key expired. Please renew the API key."
]
2025-08-06 14:18:41 - classifier - INFO - [Local ML 🤖] Prediction: Resume (confidence: 0.283)
2025-08-06 14:18:41 - classifier - INFO - Doc 'd724349f-63c4-48c8-b05b-3edcd3d0fc1b' classified as 'resume' by Local ML boosted (Confidence: 0.7)
2025-08-06 14:18:41 - classifier - INFO - Successfully emitted event for doc_id 'd724349f-63c4-48c8-b05b-3edcd3d0fc1b' to 'doc.classified' topic.
2025-08-06 14:18:41 - classifier - INFO - Received new message from Kafka: doc_id '2fd111cd-c994-4c04-ade9-f90c94116b12'
2025-08-06 14:18:42 - classifier - ERROR - [⚠ Gemini error]
Traceback (most recent call last):
  File "D:\Langs\Team_Docs\Local working prototype\Document-Ingestion-and-Classification\backend\classifier\genai_utils.py", line 70, in classify_document
    gemini_response = gemini_model.generate_content(prompt)
                      ^^^^^^^^^^^^^^^^^^^^^^^^^^^^^^^^^^^^^
  File "D:\Langs\Team_Docs\Local working prototype\Document-Ingestion-and-Classification\backend\venv\Lib\site-packages\google\generativeai\generative_models.py", line 331, in generate_content
    response = self._client.generate_content(
               ^^^^^^^^^^^^^^^^^^^^^^^^^^^^^^
  File "D:\Langs\Team_Docs\Local working prototype\Document-Ingestion-and-Classification\backend\venv\Lib\site-packages\google\ai\generativelanguage_v1beta\services\generative_service\client.py", line 835, in generate_content
    response = rpc(
               ^^^^
  File "D:\Langs\Team_Docs\Local working prototype\Document-Ingestion-and-Classification\backend\venv\Lib\site-packages\google\api_core\gapic_v1\method.py", line 131, in __call__
    return wrapped_func(*args, **kwargs)
           ^^^^^^^^^^^^^^^^^^^^^^^^^^^^^
  File "D:\Langs\Team_Docs\Local working prototype\Document-Ingestion-and-Classification\backend\venv\Lib\site-packages\google\api_core\retry\retry_unary.py", line 294, in retry_wrapped_func
    return retry_target(
           ^^^^^^^^^^^^^
  File "D:\Langs\Team_Docs\Local working prototype\Document-Ingestion-and-Classification\backend\venv\Lib\site-packages\google\api_core\retry\retry_unary.py", line 156, in retry_target
    next_sleep = _retry_error_helper(
                 ^^^^^^^^^^^^^^^^^^^^
  File "D:\Langs\Team_Docs\Local working prototype\Document-Ingestion-and-Classification\backend\venv\Lib\site-packages\google\api_core\retry\retry_base.py", line 214, in _retry_error_helper
    raise final_exc from source_exc
  File "D:\Langs\Team_Docs\Local working prototype\Document-Ingestion-and-Classification\backend\venv\Lib\site-packages\google\api_core\retry\retry_unary.py", line 147, in retry_target
    result = target()
             ^^^^^^^^
  File "D:\Langs\Team_Docs\Local working prototype\Document-Ingestion-and-Classification\backend\venv\Lib\site-packages\google\api_core\timeout.py", line 130, in func_with_timeout
    return func(*args, **kwargs)
           ^^^^^^^^^^^^^^^^^^^^^
  File "D:\Langs\Team_Docs\Local working prototype\Document-Ingestion-and-Classification\backend\venv\Lib\site-packages\google\api_core\grpc_helpers.py", line 78, in error_remapped_callable
    raise exceptions.from_grpc_error(exc) from exc
google.api_core.exceptions.InvalidArgument: 400 API key expired. Please renew the API key. [reason: "API_KEY_INVALID"
domain: "googleapis.com"
metadata {
  key: "service"
  value: "generativelanguage.googleapis.com"
}
, locale: "en-US"
message: "API key expired. Please renew the API key."
]
2025-08-06 14:18:42 - classifier - INFO - [Local ML 🤖] Prediction: Resume (confidence: 0.218)
2025-08-06 14:18:42 - classifier - INFO - Doc '2fd111cd-c994-4c04-ade9-f90c94116b12' classified as 'resume' by Local ML boosted (Confidence: 0.7)
2025-08-06 14:18:43 - classifier - INFO - Successfully emitted event for doc_id '2fd111cd-c994-4c04-ade9-f90c94116b12' to 'doc.classified' topic.
2025-08-06 14:18:43 - classifier - INFO - Received new message from Kafka: doc_id '088db049-3b11-460c-b3e1-1a8768285994'
2025-08-06 14:18:43 - classifier - ERROR - [⚠ Gemini error]
Traceback (most recent call last):
  File "D:\Langs\Team_Docs\Local working prototype\Document-Ingestion-and-Classification\backend\classifier\genai_utils.py", line 70, in classify_document
    gemini_response = gemini_model.generate_content(prompt)
                      ^^^^^^^^^^^^^^^^^^^^^^^^^^^^^^^^^^^^^
  File "D:\Langs\Team_Docs\Local working prototype\Document-Ingestion-and-Classification\backend\venv\Lib\site-packages\google\generativeai\generative_models.py", line 331, in generate_content
    response = self._client.generate_content(
               ^^^^^^^^^^^^^^^^^^^^^^^^^^^^^^
  File "D:\Langs\Team_Docs\Local working prototype\Document-Ingestion-and-Classification\backend\venv\Lib\site-packages\google\ai\generativelanguage_v1beta\services\generative_service\client.py", line 835, in generate_content
    response = rpc(
               ^^^^
  File "D:\Langs\Team_Docs\Local working prototype\Document-Ingestion-and-Classification\backend\venv\Lib\site-packages\google\api_core\gapic_v1\method.py", line 131, in __call__
    return wrapped_func(*args, **kwargs)
           ^^^^^^^^^^^^^^^^^^^^^^^^^^^^^
  File "D:\Langs\Team_Docs\Local working prototype\Document-Ingestion-and-Classification\backend\venv\Lib\site-packages\google\api_core\retry\retry_unary.py", line 294, in retry_wrapped_func
    return retry_target(
           ^^^^^^^^^^^^^
  File "D:\Langs\Team_Docs\Local working prototype\Document-Ingestion-and-Classification\backend\venv\Lib\site-packages\google\api_core\retry\retry_unary.py", line 156, in retry_target
    next_sleep = _retry_error_helper(
                 ^^^^^^^^^^^^^^^^^^^^
  File "D:\Langs\Team_Docs\Local working prototype\Document-Ingestion-and-Classification\backend\venv\Lib\site-packages\google\api_core\retry\retry_base.py", line 214, in _retry_error_helper
    raise final_exc from source_exc
  File "D:\Langs\Team_Docs\Local working prototype\Document-Ingestion-and-Classification\backend\venv\Lib\site-packages\google\api_core\retry\retry_unary.py", line 147, in retry_target
    result = target()
             ^^^^^^^^
  File "D:\Langs\Team_Docs\Local working prototype\Document-Ingestion-and-Classification\backend\venv\Lib\site-packages\google\api_core\timeout.py", line 130, in func_with_timeout
    return func(*args, **kwargs)
           ^^^^^^^^^^^^^^^^^^^^^
  File "D:\Langs\Team_Docs\Local working prototype\Document-Ingestion-and-Classification\backend\venv\Lib\site-packages\google\api_core\grpc_helpers.py", line 78, in error_remapped_callable
    raise exceptions.from_grpc_error(exc) from exc
google.api_core.exceptions.InvalidArgument: 400 API key expired. Please renew the API key. [reason: "API_KEY_INVALID"
domain: "googleapis.com"
metadata {
  key: "service"
  value: "generativelanguage.googleapis.com"
}
, locale: "en-US"
message: "API key expired. Please renew the API key."
]
2025-08-06 14:18:43 - classifier - INFO - [Local ML 🤖] Prediction: Resume (confidence: 0.241)
2025-08-06 14:18:43 - classifier - INFO - Doc '088db049-3b11-460c-b3e1-1a8768285994' classified as 'resume' by Local ML boosted (Confidence: 0.7)
2025-08-06 14:18:43 - classifier - INFO - Successfully emitted event for doc_id '088db049-3b11-460c-b3e1-1a8768285994' to 'doc.classified' topic.
2025-08-06 14:18:43 - classifier - INFO - Received new message from Kafka: doc_id 'c51b88c8-3c89-4843-8a9c-20792a4a413d'
2025-08-06 14:18:44 - classifier - ERROR - [⚠ Gemini error]
Traceback (most recent call last):
  File "D:\Langs\Team_Docs\Local working prototype\Document-Ingestion-and-Classification\backend\classifier\genai_utils.py", line 70, in classify_document
    gemini_response = gemini_model.generate_content(prompt)
                      ^^^^^^^^^^^^^^^^^^^^^^^^^^^^^^^^^^^^^
  File "D:\Langs\Team_Docs\Local working prototype\Document-Ingestion-and-Classification\backend\venv\Lib\site-packages\google\generativeai\generative_models.py", line 331, in generate_content
    response = self._client.generate_content(
               ^^^^^^^^^^^^^^^^^^^^^^^^^^^^^^
  File "D:\Langs\Team_Docs\Local working prototype\Document-Ingestion-and-Classification\backend\venv\Lib\site-packages\google\ai\generativelanguage_v1beta\services\generative_service\client.py", line 835, in generate_content
    response = rpc(
               ^^^^
  File "D:\Langs\Team_Docs\Local working prototype\Document-Ingestion-and-Classification\backend\venv\Lib\site-packages\google\api_core\gapic_v1\method.py", line 131, in __call__
    return wrapped_func(*args, **kwargs)
           ^^^^^^^^^^^^^^^^^^^^^^^^^^^^^
  File "D:\Langs\Team_Docs\Local working prototype\Document-Ingestion-and-Classification\backend\venv\Lib\site-packages\google\api_core\retry\retry_unary.py", line 294, in retry_wrapped_func
    return retry_target(
           ^^^^^^^^^^^^^
  File "D:\Langs\Team_Docs\Local working prototype\Document-Ingestion-and-Classification\backend\venv\Lib\site-packages\google\api_core\retry\retry_unary.py", line 156, in retry_target
    next_sleep = _retry_error_helper(
                 ^^^^^^^^^^^^^^^^^^^^
  File "D:\Langs\Team_Docs\Local working prototype\Document-Ingestion-and-Classification\backend\venv\Lib\site-packages\google\api_core\retry\retry_base.py", line 214, in _retry_error_helper
    raise final_exc from source_exc
  File "D:\Langs\Team_Docs\Local working prototype\Document-Ingestion-and-Classification\backend\venv\Lib\site-packages\google\api_core\retry\retry_unary.py", line 147, in retry_target
    result = target()
             ^^^^^^^^
  File "D:\Langs\Team_Docs\Local working prototype\Document-Ingestion-and-Classification\backend\venv\Lib\site-packages\google\api_core\timeout.py", line 130, in func_with_timeout
    return func(*args, **kwargs)
           ^^^^^^^^^^^^^^^^^^^^^
  File "D:\Langs\Team_Docs\Local working prototype\Document-Ingestion-and-Classification\backend\venv\Lib\site-packages\google\api_core\grpc_helpers.py", line 78, in error_remapped_callable
    raise exceptions.from_grpc_error(exc) from exc
google.api_core.exceptions.InvalidArgument: 400 API key expired. Please renew the API key. [reason: "API_KEY_INVALID"
domain: "googleapis.com"
metadata {
  key: "service"
  value: "generativelanguage.googleapis.com"
}
, locale: "en-US"
message: "API key expired. Please renew the API key."
]
2025-08-06 14:18:44 - classifier - INFO - [Local ML 🤖] Prediction: Resume (confidence: 0.255)
2025-08-06 14:18:44 - classifier - INFO - Doc 'c51b88c8-3c89-4843-8a9c-20792a4a413d' classified as 'resume' by Local ML boosted (Confidence: 0.7)
2025-08-06 14:18:44 - classifier - INFO - Successfully emitted event for doc_id 'c51b88c8-3c89-4843-8a9c-20792a4a413d' to 'doc.classified' topic.
2025-08-06 14:18:44 - classifier - INFO - Received new message from Kafka: doc_id 'd78c918c-c272-40bd-94b1-49f1a1af3675'
2025-08-06 14:18:45 - classifier - ERROR - [⚠ Gemini error]
Traceback (most recent call last):
  File "D:\Langs\Team_Docs\Local working prototype\Document-Ingestion-and-Classification\backend\classifier\genai_utils.py", line 70, in classify_document
    gemini_response = gemini_model.generate_content(prompt)
                      ^^^^^^^^^^^^^^^^^^^^^^^^^^^^^^^^^^^^^
  File "D:\Langs\Team_Docs\Local working prototype\Document-Ingestion-and-Classification\backend\venv\Lib\site-packages\google\generativeai\generative_models.py", line 331, in generate_content
    response = self._client.generate_content(
               ^^^^^^^^^^^^^^^^^^^^^^^^^^^^^^
  File "D:\Langs\Team_Docs\Local working prototype\Document-Ingestion-and-Classification\backend\venv\Lib\site-packages\google\ai\generativelanguage_v1beta\services\generative_service\client.py", line 835, in generate_content
    response = rpc(
               ^^^^
  File "D:\Langs\Team_Docs\Local working prototype\Document-Ingestion-and-Classification\backend\venv\Lib\site-packages\google\api_core\gapic_v1\method.py", line 131, in __call__
    return wrapped_func(*args, **kwargs)
           ^^^^^^^^^^^^^^^^^^^^^^^^^^^^^
  File "D:\Langs\Team_Docs\Local working prototype\Document-Ingestion-and-Classification\backend\venv\Lib\site-packages\google\api_core\retry\retry_unary.py", line 294, in retry_wrapped_func
    return retry_target(
           ^^^^^^^^^^^^^
  File "D:\Langs\Team_Docs\Local working prototype\Document-Ingestion-and-Classification\backend\venv\Lib\site-packages\google\api_core\retry\retry_unary.py", line 156, in retry_target
    next_sleep = _retry_error_helper(
                 ^^^^^^^^^^^^^^^^^^^^
  File "D:\Langs\Team_Docs\Local working prototype\Document-Ingestion-and-Classification\backend\venv\Lib\site-packages\google\api_core\retry\retry_base.py", line 214, in _retry_error_helper
    raise final_exc from source_exc
  File "D:\Langs\Team_Docs\Local working prototype\Document-Ingestion-and-Classification\backend\venv\Lib\site-packages\google\api_core\retry\retry_unary.py", line 147, in retry_target
    result = target()
             ^^^^^^^^
  File "D:\Langs\Team_Docs\Local working prototype\Document-Ingestion-and-Classification\backend\venv\Lib\site-packages\google\api_core\timeout.py", line 130, in func_with_timeout
    return func(*args, **kwargs)
           ^^^^^^^^^^^^^^^^^^^^^
  File "D:\Langs\Team_Docs\Local working prototype\Document-Ingestion-and-Classification\backend\venv\Lib\site-packages\google\api_core\grpc_helpers.py", line 78, in error_remapped_callable
    raise exceptions.from_grpc_error(exc) from exc
google.api_core.exceptions.InvalidArgument: 400 API key expired. Please renew the API key. [reason: "API_KEY_INVALID"
domain: "googleapis.com"
metadata {
  key: "service"
  value: "generativelanguage.googleapis.com"
}
, locale: "en-US"
message: "API key expired. Please renew the API key."
]
2025-08-06 14:18:45 - classifier - INFO - [Local ML 🤖] Prediction: Resume (confidence: 0.182)
2025-08-06 14:18:45 - classifier - INFO - Doc 'd78c918c-c272-40bd-94b1-49f1a1af3675' classified as 'resume' by Local ML boosted (Confidence: 0.7)
2025-08-06 14:18:45 - classifier - INFO - Successfully emitted event for doc_id 'd78c918c-c272-40bd-94b1-49f1a1af3675' to 'doc.classified' topic.
2025-08-06 14:18:45 - classifier - INFO - Received new message from Kafka: doc_id '7adb96a4-c5ba-4985-b8a3-c4b00d3d314d'
2025-08-06 14:18:46 - classifier - ERROR - [⚠ Gemini error]
Traceback (most recent call last):
  File "D:\Langs\Team_Docs\Local working prototype\Document-Ingestion-and-Classification\backend\classifier\genai_utils.py", line 70, in classify_document
    gemini_response = gemini_model.generate_content(prompt)
                      ^^^^^^^^^^^^^^^^^^^^^^^^^^^^^^^^^^^^^
  File "D:\Langs\Team_Docs\Local working prototype\Document-Ingestion-and-Classification\backend\venv\Lib\site-packages\google\generativeai\generative_models.py", line 331, in generate_content
    response = self._client.generate_content(
               ^^^^^^^^^^^^^^^^^^^^^^^^^^^^^^
  File "D:\Langs\Team_Docs\Local working prototype\Document-Ingestion-and-Classification\backend\venv\Lib\site-packages\google\ai\generativelanguage_v1beta\services\generative_service\client.py", line 835, in generate_content
    response = rpc(
               ^^^^
  File "D:\Langs\Team_Docs\Local working prototype\Document-Ingestion-and-Classification\backend\venv\Lib\site-packages\google\api_core\gapic_v1\method.py", line 131, in __call__
    return wrapped_func(*args, **kwargs)
           ^^^^^^^^^^^^^^^^^^^^^^^^^^^^^
  File "D:\Langs\Team_Docs\Local working prototype\Document-Ingestion-and-Classification\backend\venv\Lib\site-packages\google\api_core\retry\retry_unary.py", line 294, in retry_wrapped_func
    return retry_target(
           ^^^^^^^^^^^^^
  File "D:\Langs\Team_Docs\Local working prototype\Document-Ingestion-and-Classification\backend\venv\Lib\site-packages\google\api_core\retry\retry_unary.py", line 156, in retry_target
    next_sleep = _retry_error_helper(
                 ^^^^^^^^^^^^^^^^^^^^
  File "D:\Langs\Team_Docs\Local working prototype\Document-Ingestion-and-Classification\backend\venv\Lib\site-packages\google\api_core\retry\retry_base.py", line 214, in _retry_error_helper
    raise final_exc from source_exc
  File "D:\Langs\Team_Docs\Local working prototype\Document-Ingestion-and-Classification\backend\venv\Lib\site-packages\google\api_core\retry\retry_unary.py", line 147, in retry_target
    result = target()
             ^^^^^^^^
  File "D:\Langs\Team_Docs\Local working prototype\Document-Ingestion-and-Classification\backend\venv\Lib\site-packages\google\api_core\timeout.py", line 130, in func_with_timeout
    return func(*args, **kwargs)
           ^^^^^^^^^^^^^^^^^^^^^
  File "D:\Langs\Team_Docs\Local working prototype\Document-Ingestion-and-Classification\backend\venv\Lib\site-packages\google\api_core\grpc_helpers.py", line 78, in error_remapped_callable
    raise exceptions.from_grpc_error(exc) from exc
google.api_core.exceptions.InvalidArgument: 400 API key expired. Please renew the API key. [reason: "API_KEY_INVALID"
domain: "googleapis.com"
metadata {
  key: "service"
  value: "generativelanguage.googleapis.com"
}
, locale: "en-US"
message: "API key expired. Please renew the API key."
]
2025-08-06 14:18:46 - classifier - INFO - [Local ML 🤖] Prediction: Resume (confidence: 0.196)
2025-08-06 14:18:46 - classifier - INFO - Doc '7adb96a4-c5ba-4985-b8a3-c4b00d3d314d' classified as 'resume' by Local ML boosted (Confidence: 0.7)
2025-08-06 14:18:46 - classifier - INFO - Successfully emitted event for doc_id '7adb96a4-c5ba-4985-b8a3-c4b00d3d314d' to 'doc.classified' topic.
2025-08-06 14:18:46 - classifier - INFO - Received new message from Kafka: doc_id '7caa3b70-ac49-406a-992c-570d26e663fe'
2025-08-06 14:18:47 - classifier - ERROR - [⚠ Gemini error]
Traceback (most recent call last):
  File "D:\Langs\Team_Docs\Local working prototype\Document-Ingestion-and-Classification\backend\classifier\genai_utils.py", line 70, in classify_document
    gemini_response = gemini_model.generate_content(prompt)
                      ^^^^^^^^^^^^^^^^^^^^^^^^^^^^^^^^^^^^^
  File "D:\Langs\Team_Docs\Local working prototype\Document-Ingestion-and-Classification\backend\venv\Lib\site-packages\google\generativeai\generative_models.py", line 331, in generate_content
    response = self._client.generate_content(
               ^^^^^^^^^^^^^^^^^^^^^^^^^^^^^^
  File "D:\Langs\Team_Docs\Local working prototype\Document-Ingestion-and-Classification\backend\venv\Lib\site-packages\google\ai\generativelanguage_v1beta\services\generative_service\client.py", line 835, in generate_content
    response = rpc(
               ^^^^
  File "D:\Langs\Team_Docs\Local working prototype\Document-Ingestion-and-Classification\backend\venv\Lib\site-packages\google\api_core\gapic_v1\method.py", line 131, in __call__
    return wrapped_func(*args, **kwargs)
           ^^^^^^^^^^^^^^^^^^^^^^^^^^^^^
  File "D:\Langs\Team_Docs\Local working prototype\Document-Ingestion-and-Classification\backend\venv\Lib\site-packages\google\api_core\retry\retry_unary.py", line 294, in retry_wrapped_func
    return retry_target(
           ^^^^^^^^^^^^^
  File "D:\Langs\Team_Docs\Local working prototype\Document-Ingestion-and-Classification\backend\venv\Lib\site-packages\google\api_core\retry\retry_unary.py", line 156, in retry_target
    next_sleep = _retry_error_helper(
                 ^^^^^^^^^^^^^^^^^^^^
  File "D:\Langs\Team_Docs\Local working prototype\Document-Ingestion-and-Classification\backend\venv\Lib\site-packages\google\api_core\retry\retry_base.py", line 214, in _retry_error_helper
    raise final_exc from source_exc
  File "D:\Langs\Team_Docs\Local working prototype\Document-Ingestion-and-Classification\backend\venv\Lib\site-packages\google\api_core\retry\retry_unary.py", line 147, in retry_target
    result = target()
             ^^^^^^^^
  File "D:\Langs\Team_Docs\Local working prototype\Document-Ingestion-and-Classification\backend\venv\Lib\site-packages\google\api_core\timeout.py", line 130, in func_with_timeout
    return func(*args, **kwargs)
           ^^^^^^^^^^^^^^^^^^^^^
  File "D:\Langs\Team_Docs\Local working prototype\Document-Ingestion-and-Classification\backend\venv\Lib\site-packages\google\api_core\grpc_helpers.py", line 78, in error_remapped_callable
    raise exceptions.from_grpc_error(exc) from exc
google.api_core.exceptions.InvalidArgument: 400 API key expired. Please renew the API key. [reason: "API_KEY_INVALID"
domain: "googleapis.com"
metadata {
  key: "service"
  value: "generativelanguage.googleapis.com"
}
, locale: "en-US"
message: "API key expired. Please renew the API key."
]
2025-08-06 14:18:47 - classifier - INFO - [Local ML 🤖] Prediction: Resume (confidence: 0.275)
2025-08-06 14:18:47 - classifier - INFO - Doc '7caa3b70-ac49-406a-992c-570d26e663fe' classified as 'resume' by Local ML boosted (Confidence: 0.7)
2025-08-06 14:18:47 - classifier - INFO - Successfully emitted event for doc_id '7caa3b70-ac49-406a-992c-570d26e663fe' to 'doc.classified' topic.
2025-08-06 14:18:47 - classifier - INFO - Received new message from Kafka: doc_id '2141459a-8399-4738-b6aa-524e2d831c54'
2025-08-06 14:18:48 - classifier - ERROR - [⚠ Gemini error]
Traceback (most recent call last):
  File "D:\Langs\Team_Docs\Local working prototype\Document-Ingestion-and-Classification\backend\classifier\genai_utils.py", line 70, in classify_document
    gemini_response = gemini_model.generate_content(prompt)
                      ^^^^^^^^^^^^^^^^^^^^^^^^^^^^^^^^^^^^^
  File "D:\Langs\Team_Docs\Local working prototype\Document-Ingestion-and-Classification\backend\venv\Lib\site-packages\google\generativeai\generative_models.py", line 331, in generate_content
    response = self._client.generate_content(
               ^^^^^^^^^^^^^^^^^^^^^^^^^^^^^^
  File "D:\Langs\Team_Docs\Local working prototype\Document-Ingestion-and-Classification\backend\venv\Lib\site-packages\google\ai\generativelanguage_v1beta\services\generative_service\client.py", line 835, in generate_content
    response = rpc(
               ^^^^
  File "D:\Langs\Team_Docs\Local working prototype\Document-Ingestion-and-Classification\backend\venv\Lib\site-packages\google\api_core\gapic_v1\method.py", line 131, in __call__
    return wrapped_func(*args, **kwargs)
           ^^^^^^^^^^^^^^^^^^^^^^^^^^^^^
  File "D:\Langs\Team_Docs\Local working prototype\Document-Ingestion-and-Classification\backend\venv\Lib\site-packages\google\api_core\retry\retry_unary.py", line 294, in retry_wrapped_func
    return retry_target(
           ^^^^^^^^^^^^^
  File "D:\Langs\Team_Docs\Local working prototype\Document-Ingestion-and-Classification\backend\venv\Lib\site-packages\google\api_core\retry\retry_unary.py", line 156, in retry_target
    next_sleep = _retry_error_helper(
                 ^^^^^^^^^^^^^^^^^^^^
  File "D:\Langs\Team_Docs\Local working prototype\Document-Ingestion-and-Classification\backend\venv\Lib\site-packages\google\api_core\retry\retry_base.py", line 214, in _retry_error_helper
    raise final_exc from source_exc
  File "D:\Langs\Team_Docs\Local working prototype\Document-Ingestion-and-Classification\backend\venv\Lib\site-packages\google\api_core\retry\retry_unary.py", line 147, in retry_target
    result = target()
             ^^^^^^^^
  File "D:\Langs\Team_Docs\Local working prototype\Document-Ingestion-and-Classification\backend\venv\Lib\site-packages\google\api_core\timeout.py", line 130, in func_with_timeout
    return func(*args, **kwargs)
           ^^^^^^^^^^^^^^^^^^^^^
  File "D:\Langs\Team_Docs\Local working prototype\Document-Ingestion-and-Classification\backend\venv\Lib\site-packages\google\api_core\grpc_helpers.py", line 78, in error_remapped_callable
    raise exceptions.from_grpc_error(exc) from exc
google.api_core.exceptions.InvalidArgument: 400 API key expired. Please renew the API key. [reason: "API_KEY_INVALID"
domain: "googleapis.com"
metadata {
  key: "service"
  value: "generativelanguage.googleapis.com"
}
, locale: "en-US"
message: "API key expired. Please renew the API key."
]
2025-08-06 14:18:48 - classifier - INFO - [Local ML 🤖] Prediction: Prescription (confidence: 0.122)
2025-08-06 14:18:48 - classifier - INFO - Doc '2141459a-8399-4738-b6aa-524e2d831c54' classified as 'prescription' by Local ML boosted (Confidence: 0.7)
2025-08-06 14:18:48 - classifier - INFO - Successfully emitted event for doc_id '2141459a-8399-4738-b6aa-524e2d831c54' to 'doc.classified' topic.
2025-08-06 14:18:48 - classifier - INFO - Received new message from Kafka: doc_id '4e4ba003-b822-4048-803a-7df31a36d885'
2025-08-06 14:18:48 - classifier - ERROR - [⚠ Gemini error]
Traceback (most recent call last):
  File "D:\Langs\Team_Docs\Local working prototype\Document-Ingestion-and-Classification\backend\classifier\genai_utils.py", line 70, in classify_document
    gemini_response = gemini_model.generate_content(prompt)
                      ^^^^^^^^^^^^^^^^^^^^^^^^^^^^^^^^^^^^^
  File "D:\Langs\Team_Docs\Local working prototype\Document-Ingestion-and-Classification\backend\venv\Lib\site-packages\google\generativeai\generative_models.py", line 331, in generate_content
    response = self._client.generate_content(
               ^^^^^^^^^^^^^^^^^^^^^^^^^^^^^^
  File "D:\Langs\Team_Docs\Local working prototype\Document-Ingestion-and-Classification\backend\venv\Lib\site-packages\google\ai\generativelanguage_v1beta\services\generative_service\client.py", line 835, in generate_content
    response = rpc(
               ^^^^
  File "D:\Langs\Team_Docs\Local working prototype\Document-Ingestion-and-Classification\backend\venv\Lib\site-packages\google\api_core\gapic_v1\method.py", line 131, in __call__
    return wrapped_func(*args, **kwargs)
           ^^^^^^^^^^^^^^^^^^^^^^^^^^^^^
  File "D:\Langs\Team_Docs\Local working prototype\Document-Ingestion-and-Classification\backend\venv\Lib\site-packages\google\api_core\retry\retry_unary.py", line 294, in retry_wrapped_func
    return retry_target(
           ^^^^^^^^^^^^^
  File "D:\Langs\Team_Docs\Local working prototype\Document-Ingestion-and-Classification\backend\venv\Lib\site-packages\google\api_core\retry\retry_unary.py", line 156, in retry_target
    next_sleep = _retry_error_helper(
                 ^^^^^^^^^^^^^^^^^^^^
  File "D:\Langs\Team_Docs\Local working prototype\Document-Ingestion-and-Classification\backend\venv\Lib\site-packages\google\api_core\retry\retry_base.py", line 214, in _retry_error_helper
    raise final_exc from source_exc
  File "D:\Langs\Team_Docs\Local working prototype\Document-Ingestion-and-Classification\backend\venv\Lib\site-packages\google\api_core\retry\retry_unary.py", line 147, in retry_target
    result = target()
             ^^^^^^^^
  File "D:\Langs\Team_Docs\Local working prototype\Document-Ingestion-and-Classification\backend\venv\Lib\site-packages\google\api_core\timeout.py", line 130, in func_with_timeout
    return func(*args, **kwargs)
           ^^^^^^^^^^^^^^^^^^^^^
  File "D:\Langs\Team_Docs\Local working prototype\Document-Ingestion-and-Classification\backend\venv\Lib\site-packages\google\api_core\grpc_helpers.py", line 78, in error_remapped_callable
    raise exceptions.from_grpc_error(exc) from exc
google.api_core.exceptions.InvalidArgument: 400 API key expired. Please renew the API key. [reason: "API_KEY_INVALID"
domain: "googleapis.com"
metadata {
  key: "service"
  value: "generativelanguage.googleapis.com"
}
, locale: "en-US"
message: "API key expired. Please renew the API key."
]
2025-08-06 14:18:48 - classifier - INFO - [Local ML 🤖] Prediction: Prescription (confidence: 0.117)
2025-08-06 14:18:48 - classifier - INFO - Doc '4e4ba003-b822-4048-803a-7df31a36d885' classified as 'prescription' by Local ML boosted (Confidence: 0.7)
2025-08-06 14:18:48 - classifier - INFO - Successfully emitted event for doc_id '4e4ba003-b822-4048-803a-7df31a36d885' to 'doc.classified' topic.
2025-08-06 14:23:13 - classifier - INFO - ✨ Gemini model loaded successfully.
2025-08-06 14:23:13 - classifier - INFO - 🧠 Local ML model and vectorizer loaded successfully.
2025-08-06 14:23:13 - classifier - INFO - Classifier service starting...
2025-08-06 14:23:13 - classifier - INFO - Database connection established
2025-08-06 14:23:13 - classifier - INFO - Successfully connected to Kafka.
2025-08-06 14:23:13 - classifier - INFO - Classifier agent started. Waiting for messages from 'doc.extracted' topic...
2025-08-06 14:23:23 - classifier - INFO - Received new message from Kafka: doc_id 'f31246c7-96e2-4071-b5fd-325218bded93'
2025-08-06 14:23:26 - classifier - INFO - [Gemini 🔍] Prediction: Degree Certificate (similarity: 0.759)
2025-08-06 14:23:26 - classifier - INFO - [Local ML 🤖] Prediction: Prescription (confidence: 0.124)
2025-08-06 14:23:26 - classifier - INFO - Doc 'f31246c7-96e2-4071-b5fd-325218bded93' classified as 'prescription' by Local ML boosted (Confidence: 0.7)
2025-08-06 14:23:26 - classifier - INFO - Successfully emitted event for doc_id 'f31246c7-96e2-4071-b5fd-325218bded93' to 'doc.classified' topic.
2025-08-06 14:23:26 - classifier - INFO - Received new message from Kafka: doc_id 'a38f19c7-10f4-4403-a3ee-3f4e80da9464'
2025-08-06 14:23:26 - classifier - INFO - [Gemini 🔍] Prediction: Degree Certificate (similarity: 0.759)
2025-08-06 14:23:26 - classifier - INFO - [Local ML 🤖] Prediction: Prescription (confidence: 0.117)
2025-08-06 14:23:27 - classifier - INFO - Doc 'a38f19c7-10f4-4403-a3ee-3f4e80da9464' classified as 'prescription' by Local ML boosted (Confidence: 0.7)
2025-08-06 14:23:27 - classifier - INFO - Successfully emitted event for doc_id 'a38f19c7-10f4-4403-a3ee-3f4e80da9464' to 'doc.classified' topic.
2025-08-06 14:23:27 - classifier - INFO - Received new message from Kafka: doc_id 'f60d4be9-870d-4d13-a7a6-5b2510f3a4b3'
2025-08-06 14:23:28 - classifier - INFO - [Gemini 🔍] Prediction: Degree Certificate (similarity: 0.759)
2025-08-06 14:23:28 - classifier - INFO - [Local ML 🤖] Prediction: Brochure (confidence: 0.155)
2025-08-06 14:23:28 - classifier - INFO - Doc 'f60d4be9-870d-4d13-a7a6-5b2510f3a4b3' classified as 'brochure' by Local ML boosted (Confidence: 0.7)
2025-08-06 14:23:28 - classifier - INFO - Successfully emitted event for doc_id 'f60d4be9-870d-4d13-a7a6-5b2510f3a4b3' to 'doc.classified' topic.
2025-08-06 14:23:28 - classifier - INFO - Received new message from Kafka: doc_id '4204e351-a31a-42bf-a404-4d985c596f43'
2025-08-06 14:23:29 - classifier - INFO - [Gemini 🔍] Prediction: Resume (similarity: 1.0)
2025-08-06 14:23:29 - classifier - INFO - [Local ML 🤖] Prediction: Resume (confidence: 0.247)
2025-08-06 14:23:29 - classifier - INFO - Doc '4204e351-a31a-42bf-a404-4d985c596f43' classified as 'resume' by Gemini (trusted) (Confidence: 0.95)
2025-08-06 14:23:29 - classifier - INFO - Successfully emitted event for doc_id '4204e351-a31a-42bf-a404-4d985c596f43' to 'doc.classified' topic.
2025-08-06 14:23:30 - classifier - INFO - Received new message from Kafka: doc_id '6612b790-4e10-4ffb-8e9b-4cdba706a207'
2025-08-06 14:23:31 - classifier - INFO - [Gemini 🔍] Prediction: Whitepaper (similarity: 1.0)
2025-08-06 14:23:31 - classifier - INFO - [Local ML 🤖] Prediction: Business Pitch Deck (confidence: 0.195)
2025-08-06 14:23:31 - classifier - INFO - Doc '6612b790-4e10-4ffb-8e9b-4cdba706a207' classified as 'whitepaper' by Gemini (trusted) (Confidence: 0.95)
2025-08-06 14:23:31 - classifier - INFO - Successfully emitted event for doc_id '6612b790-4e10-4ffb-8e9b-4cdba706a207' to 'doc.classified' topic.
2025-08-06 14:23:31 - classifier - INFO - Received new message from Kafka: doc_id 'd7e7d217-8ccc-44f0-8c58-bdc4862fa574'
2025-08-06 14:23:32 - classifier - INFO - [Gemini 🔍] Prediction: Degree Certificate (similarity: 0.759)
2025-08-06 14:23:32 - classifier - INFO - [Local ML 🤖] Prediction: Technical (confidence: 0.111)
2025-08-06 14:23:32 - classifier - INFO - Doc 'd7e7d217-8ccc-44f0-8c58-bdc4862fa574' classified as 'technical' by Local ML boosted (Confidence: 0.7)
2025-08-06 14:23:32 - classifier - INFO - Successfully emitted event for doc_id 'd7e7d217-8ccc-44f0-8c58-bdc4862fa574' to 'doc.classified' topic.
2025-08-06 14:23:32 - classifier - INFO - Received new message from Kafka: doc_id '70722120-8f3c-4248-b316-25e8de99b410'
2025-08-06 14:23:33 - classifier - INFO - [Gemini 🔍] Prediction: Receipt (similarity: 1.0)
2025-08-06 14:23:33 - classifier - INFO - [Local ML 🤖] Prediction: Advertisement (confidence: 0.127)
2025-08-06 14:23:33 - classifier - INFO - Doc '70722120-8f3c-4248-b316-25e8de99b410' classified as 'receipt' by Gemini (trusted) (Confidence: 0.95)
2025-08-06 14:23:33 - classifier - INFO - Successfully emitted event for doc_id '70722120-8f3c-4248-b316-25e8de99b410' to 'doc.classified' topic.
2025-08-06 14:23:33 - classifier - INFO - Received new message from Kafka: doc_id '5cf97393-50fb-4178-a846-431173e448aa'
2025-08-06 14:23:34 - classifier - INFO - [Gemini 🔍] Prediction: Bonafide Certificate (similarity: 1.0)
2025-08-06 14:23:34 - classifier - INFO - [Local ML 🤖] Prediction: Brochure (confidence: 0.161)
2025-08-06 14:23:34 - classifier - INFO - Doc '5cf97393-50fb-4178-a846-431173e448aa' classified as 'bonafide certificate' by Gemini (trusted) (Confidence: 0.95)
2025-08-06 14:23:34 - classifier - INFO - Successfully emitted event for doc_id '5cf97393-50fb-4178-a846-431173e448aa' to 'doc.classified' topic.
2025-08-06 14:23:34 - classifier - INFO - Received new message from Kafka: doc_id '2140ead8-5468-4644-9867-328c38e49417'
2025-08-06 14:23:35 - classifier - INFO - [Gemini 🔍] Prediction: Resume (similarity: 1.0)
2025-08-06 14:23:35 - classifier - INFO - [Local ML 🤖] Prediction: Resume (confidence: 0.253)
2025-08-06 14:23:35 - classifier - INFO - Doc '2140ead8-5468-4644-9867-328c38e49417' classified as 'resume' by Gemini (trusted) (Confidence: 0.95)
2025-08-06 14:23:35 - classifier - INFO - Successfully emitted event for doc_id '2140ead8-5468-4644-9867-328c38e49417' to 'doc.classified' topic.
2025-08-06 14:23:35 - classifier - INFO - Received new message from Kafka: doc_id 'ef847342-b7b1-42dd-8e1a-b197ef10952e'
2025-08-06 14:23:36 - classifier - INFO - [Gemini 🔍] Prediction: Degree Certificate (similarity: 0.759)
2025-08-06 14:23:36 - classifier - INFO - [Local ML 🤖] Prediction: Prescription (confidence: 0.122)
2025-08-06 14:23:36 - classifier - INFO - Doc 'ef847342-b7b1-42dd-8e1a-b197ef10952e' classified as 'prescription' by Local ML boosted (Confidence: 0.7)
2025-08-06 14:23:36 - classifier - INFO - Successfully emitted event for doc_id 'ef847342-b7b1-42dd-8e1a-b197ef10952e' to 'doc.classified' topic.
2025-08-06 14:23:36 - classifier - INFO - Received new message from Kafka: doc_id '9d5d0ee4-d83a-4b3b-a73c-8c065365b36f'
2025-08-06 14:23:37 - classifier - INFO - [Gemini 🔍] Prediction: Degree Certificate (similarity: 0.759)
2025-08-06 14:23:37 - classifier - INFO - [Local ML 🤖] Prediction: Prescription (confidence: 0.127)
2025-08-06 14:23:37 - classifier - INFO - Doc '9d5d0ee4-d83a-4b3b-a73c-8c065365b36f' classified as 'prescription' by Local ML boosted (Confidence: 0.7)
2025-08-06 14:23:37 - classifier - INFO - Successfully emitted event for doc_id '9d5d0ee4-d83a-4b3b-a73c-8c065365b36f' to 'doc.classified' topic.
2025-08-06 14:23:37 - classifier - INFO - Received new message from Kafka: doc_id '9a5f858c-420f-4e15-b6a3-f4b9b11b47ab'
2025-08-06 14:23:38 - classifier - INFO - [Gemini 🔍] Prediction: Degree Certificate (similarity: 0.759)
2025-08-06 14:23:38 - classifier - INFO - [Local ML 🤖] Prediction: Prescription (confidence: 0.116)
2025-08-06 14:23:38 - classifier - INFO - Doc '9a5f858c-420f-4e15-b6a3-f4b9b11b47ab' classified as 'prescription' by Local ML boosted (Confidence: 0.7)
2025-08-06 14:23:38 - classifier - INFO - Successfully emitted event for doc_id '9a5f858c-420f-4e15-b6a3-f4b9b11b47ab' to 'doc.classified' topic.
2025-08-06 14:23:38 - classifier - INFO - Received new message from Kafka: doc_id 'a05b0bb4-ec02-473e-98cb-be2201c1489d'
2025-08-06 14:23:39 - classifier - INFO - [Gemini 🔍] Prediction: Bonafide Certificate (similarity: 1.0)
2025-08-06 14:23:39 - classifier - INFO - [Local ML 🤖] Prediction: Brochure (confidence: 0.125)
2025-08-06 14:23:39 - classifier - INFO - Doc 'a05b0bb4-ec02-473e-98cb-be2201c1489d' classified as 'bonafide certificate' by Gemini (trusted) (Confidence: 0.95)
2025-08-06 14:23:40 - classifier - INFO - Successfully emitted event for doc_id 'a05b0bb4-ec02-473e-98cb-be2201c1489d' to 'doc.classified' topic.
2025-08-06 14:23:40 - classifier - INFO - Received new message from Kafka: doc_id '243a9ca8-bed7-4b78-8492-407df606e2c2'
2025-08-06 14:23:41 - classifier - INFO - [Gemini 🔍] Prediction: Resume (similarity: 1.0)
2025-08-06 14:23:41 - classifier - INFO - [Local ML 🤖] Prediction: Resume (confidence: 0.283)
2025-08-06 14:23:41 - classifier - INFO - Doc '243a9ca8-bed7-4b78-8492-407df606e2c2' classified as 'resume' by Gemini (trusted) (Confidence: 0.95)
2025-08-06 14:23:41 - classifier - INFO - Successfully emitted event for doc_id '243a9ca8-bed7-4b78-8492-407df606e2c2' to 'doc.classified' topic.
2025-08-06 14:23:41 - classifier - INFO - Received new message from Kafka: doc_id '682c6ff2-c5be-4fb4-aec3-f37c70f09aef'
2025-08-06 14:23:42 - classifier - INFO - [Gemini 🔍] Prediction: Resume (similarity: 1.0)
2025-08-06 14:23:42 - classifier - INFO - [Local ML 🤖] Prediction: Resume (confidence: 0.241)
2025-08-06 14:23:42 - classifier - INFO - Doc '682c6ff2-c5be-4fb4-aec3-f37c70f09aef' classified as 'resume' by Gemini (trusted) (Confidence: 0.95)
2025-08-06 14:23:42 - classifier - INFO - Successfully emitted event for doc_id '682c6ff2-c5be-4fb4-aec3-f37c70f09aef' to 'doc.classified' topic.
2025-08-06 14:23:42 - classifier - INFO - Received new message from Kafka: doc_id 'fad06dd0-aa8b-4dfc-b7de-dc44bcfe9c42'
2025-08-06 14:23:43 - classifier - INFO - [Gemini 🔍] Prediction: Resume (similarity: 1.0)
2025-08-06 14:23:43 - classifier - INFO - [Local ML 🤖] Prediction: Resume (confidence: 0.218)
2025-08-06 14:23:43 - classifier - INFO - Doc 'fad06dd0-aa8b-4dfc-b7de-dc44bcfe9c42' classified as 'resume' by Gemini (trusted) (Confidence: 0.95)
2025-08-06 14:23:43 - classifier - INFO - Successfully emitted event for doc_id 'fad06dd0-aa8b-4dfc-b7de-dc44bcfe9c42' to 'doc.classified' topic.
2025-08-06 14:23:43 - classifier - INFO - Received new message from Kafka: doc_id '172abb06-61a0-42eb-954e-cea26dd4b1c6'
2025-08-06 14:23:44 - classifier - ERROR - [⚠ Gemini error]
Traceback (most recent call last):
  File "D:\Langs\Team_Docs\Local working prototype\Document-Ingestion-and-Classification\backend\classifier\genai_utils.py", line 70, in classify_document
    gemini_response = gemini_model.generate_content(prompt)
                      ^^^^^^^^^^^^^^^^^^^^^^^^^^^^^^^^^^^^^
  File "D:\Langs\Team_Docs\Local working prototype\Document-Ingestion-and-Classification\backend\venv\Lib\site-packages\google\generativeai\generative_models.py", line 331, in generate_content
    response = self._client.generate_content(
               ^^^^^^^^^^^^^^^^^^^^^^^^^^^^^^
  File "D:\Langs\Team_Docs\Local working prototype\Document-Ingestion-and-Classification\backend\venv\Lib\site-packages\google\ai\generativelanguage_v1beta\services\generative_service\client.py", line 835, in generate_content
    response = rpc(
               ^^^^
  File "D:\Langs\Team_Docs\Local working prototype\Document-Ingestion-and-Classification\backend\venv\Lib\site-packages\google\api_core\gapic_v1\method.py", line 131, in __call__
    return wrapped_func(*args, **kwargs)
           ^^^^^^^^^^^^^^^^^^^^^^^^^^^^^
  File "D:\Langs\Team_Docs\Local working prototype\Document-Ingestion-and-Classification\backend\venv\Lib\site-packages\google\api_core\retry\retry_unary.py", line 294, in retry_wrapped_func
    return retry_target(
           ^^^^^^^^^^^^^
  File "D:\Langs\Team_Docs\Local working prototype\Document-Ingestion-and-Classification\backend\venv\Lib\site-packages\google\api_core\retry\retry_unary.py", line 156, in retry_target
    next_sleep = _retry_error_helper(
                 ^^^^^^^^^^^^^^^^^^^^
  File "D:\Langs\Team_Docs\Local working prototype\Document-Ingestion-and-Classification\backend\venv\Lib\site-packages\google\api_core\retry\retry_base.py", line 214, in _retry_error_helper
    raise final_exc from source_exc
  File "D:\Langs\Team_Docs\Local working prototype\Document-Ingestion-and-Classification\backend\venv\Lib\site-packages\google\api_core\retry\retry_unary.py", line 147, in retry_target
    result = target()
             ^^^^^^^^
  File "D:\Langs\Team_Docs\Local working prototype\Document-Ingestion-and-Classification\backend\venv\Lib\site-packages\google\api_core\timeout.py", line 130, in func_with_timeout
    return func(*args, **kwargs)
           ^^^^^^^^^^^^^^^^^^^^^
  File "D:\Langs\Team_Docs\Local working prototype\Document-Ingestion-and-Classification\backend\venv\Lib\site-packages\google\api_core\grpc_helpers.py", line 78, in error_remapped_callable
    raise exceptions.from_grpc_error(exc) from exc
google.api_core.exceptions.ResourceExhausted: 429 You exceeded your current quota, please check your plan and billing details. For more information on this error, head to: https://ai.google.dev/gemini-api/docs/rate-limits. [violations {
  quota_metric: "generativelanguage.googleapis.com/generate_content_free_tier_requests"
  quota_id: "GenerateRequestsPerMinutePerProjectPerModel-FreeTier"
  quota_dimensions {
    key: "model"
    value: "gemini-1.5-flash"
  }
  quota_dimensions {
    key: "location"
    value: "global"
  }
  quota_value: 15
}
, links {
  description: "Learn more about Gemini API quotas"
  url: "https://ai.google.dev/gemini-api/docs/rate-limits"
}
, retry_delay {
  seconds: 19
}
]
2025-08-06 14:23:44 - classifier - INFO - [Local ML 🤖] Prediction: Resume (confidence: 0.255)
2025-08-06 14:23:44 - classifier - INFO - Doc '172abb06-61a0-42eb-954e-cea26dd4b1c6' classified as 'resume' by Local ML boosted (Confidence: 0.7)
2025-08-06 14:23:44 - classifier - INFO - Successfully emitted event for doc_id '172abb06-61a0-42eb-954e-cea26dd4b1c6' to 'doc.classified' topic.
2025-08-06 14:23:44 - classifier - INFO - Received new message from Kafka: doc_id '52e21eb6-4f62-458b-a1b5-3ca58b39f9bd'
2025-08-06 14:23:45 - classifier - INFO - [Gemini 🔍] Prediction: Resume (similarity: 1.0)
2025-08-06 14:23:45 - classifier - INFO - [Local ML 🤖] Prediction: Resume (confidence: 0.182)
2025-08-06 14:23:45 - classifier - INFO - Doc '52e21eb6-4f62-458b-a1b5-3ca58b39f9bd' classified as 'resume' by Gemini (trusted) (Confidence: 0.95)
2025-08-06 14:23:45 - classifier - INFO - Successfully emitted event for doc_id '52e21eb6-4f62-458b-a1b5-3ca58b39f9bd' to 'doc.classified' topic.
2025-08-06 14:23:45 - classifier - INFO - Received new message from Kafka: doc_id '2412da86-9ee3-49a3-83ac-3727458886ad'
2025-08-06 14:23:46 - classifier - ERROR - [⚠ Gemini error]
Traceback (most recent call last):
  File "D:\Langs\Team_Docs\Local working prototype\Document-Ingestion-and-Classification\backend\classifier\genai_utils.py", line 70, in classify_document
    gemini_response = gemini_model.generate_content(prompt)
                      ^^^^^^^^^^^^^^^^^^^^^^^^^^^^^^^^^^^^^
  File "D:\Langs\Team_Docs\Local working prototype\Document-Ingestion-and-Classification\backend\venv\Lib\site-packages\google\generativeai\generative_models.py", line 331, in generate_content
    response = self._client.generate_content(
               ^^^^^^^^^^^^^^^^^^^^^^^^^^^^^^
  File "D:\Langs\Team_Docs\Local working prototype\Document-Ingestion-and-Classification\backend\venv\Lib\site-packages\google\ai\generativelanguage_v1beta\services\generative_service\client.py", line 835, in generate_content
    response = rpc(
               ^^^^
  File "D:\Langs\Team_Docs\Local working prototype\Document-Ingestion-and-Classification\backend\venv\Lib\site-packages\google\api_core\gapic_v1\method.py", line 131, in __call__
    return wrapped_func(*args, **kwargs)
           ^^^^^^^^^^^^^^^^^^^^^^^^^^^^^
  File "D:\Langs\Team_Docs\Local working prototype\Document-Ingestion-and-Classification\backend\venv\Lib\site-packages\google\api_core\retry\retry_unary.py", line 294, in retry_wrapped_func
    return retry_target(
           ^^^^^^^^^^^^^
  File "D:\Langs\Team_Docs\Local working prototype\Document-Ingestion-and-Classification\backend\venv\Lib\site-packages\google\api_core\retry\retry_unary.py", line 156, in retry_target
    next_sleep = _retry_error_helper(
                 ^^^^^^^^^^^^^^^^^^^^
  File "D:\Langs\Team_Docs\Local working prototype\Document-Ingestion-and-Classification\backend\venv\Lib\site-packages\google\api_core\retry\retry_base.py", line 214, in _retry_error_helper
    raise final_exc from source_exc
  File "D:\Langs\Team_Docs\Local working prototype\Document-Ingestion-and-Classification\backend\venv\Lib\site-packages\google\api_core\retry\retry_unary.py", line 147, in retry_target
    result = target()
             ^^^^^^^^
  File "D:\Langs\Team_Docs\Local working prototype\Document-Ingestion-and-Classification\backend\venv\Lib\site-packages\google\api_core\timeout.py", line 130, in func_with_timeout
    return func(*args, **kwargs)
           ^^^^^^^^^^^^^^^^^^^^^
  File "D:\Langs\Team_Docs\Local working prototype\Document-Ingestion-and-Classification\backend\venv\Lib\site-packages\google\api_core\grpc_helpers.py", line 78, in error_remapped_callable
    raise exceptions.from_grpc_error(exc) from exc
google.api_core.exceptions.ResourceExhausted: 429 You exceeded your current quota, please check your plan and billing details. For more information on this error, head to: https://ai.google.dev/gemini-api/docs/rate-limits. [violations {
  quota_metric: "generativelanguage.googleapis.com/generate_content_free_tier_requests"
  quota_id: "GenerateRequestsPerMinutePerProjectPerModel-FreeTier"
  quota_dimensions {
    key: "model"
    value: "gemini-1.5-flash"
  }
  quota_dimensions {
    key: "location"
    value: "global"
  }
  quota_value: 15
}
, links {
  description: "Learn more about Gemini API quotas"
  url: "https://ai.google.dev/gemini-api/docs/rate-limits"
}
, retry_delay {
  seconds: 16
}
]
2025-08-06 14:23:46 - classifier - INFO - [Local ML 🤖] Prediction: Resume (confidence: 0.196)
2025-08-06 14:23:46 - classifier - INFO - Doc '2412da86-9ee3-49a3-83ac-3727458886ad' classified as 'resume' by Local ML boosted (Confidence: 0.7)
2025-08-06 14:23:46 - classifier - INFO - Successfully emitted event for doc_id '2412da86-9ee3-49a3-83ac-3727458886ad' to 'doc.classified' topic.
2025-08-06 14:23:46 - classifier - INFO - Received new message from Kafka: doc_id 'fe4ca7af-3128-4443-8671-50b2bf7d0de2'
2025-08-06 14:23:47 - classifier - ERROR - [⚠ Gemini error]
Traceback (most recent call last):
  File "D:\Langs\Team_Docs\Local working prototype\Document-Ingestion-and-Classification\backend\classifier\genai_utils.py", line 70, in classify_document
    gemini_response = gemini_model.generate_content(prompt)
                      ^^^^^^^^^^^^^^^^^^^^^^^^^^^^^^^^^^^^^
  File "D:\Langs\Team_Docs\Local working prototype\Document-Ingestion-and-Classification\backend\venv\Lib\site-packages\google\generativeai\generative_models.py", line 331, in generate_content
    response = self._client.generate_content(
               ^^^^^^^^^^^^^^^^^^^^^^^^^^^^^^
  File "D:\Langs\Team_Docs\Local working prototype\Document-Ingestion-and-Classification\backend\venv\Lib\site-packages\google\ai\generativelanguage_v1beta\services\generative_service\client.py", line 835, in generate_content
    response = rpc(
               ^^^^
  File "D:\Langs\Team_Docs\Local working prototype\Document-Ingestion-and-Classification\backend\venv\Lib\site-packages\google\api_core\gapic_v1\method.py", line 131, in __call__
    return wrapped_func(*args, **kwargs)
           ^^^^^^^^^^^^^^^^^^^^^^^^^^^^^
  File "D:\Langs\Team_Docs\Local working prototype\Document-Ingestion-and-Classification\backend\venv\Lib\site-packages\google\api_core\retry\retry_unary.py", line 294, in retry_wrapped_func
    return retry_target(
           ^^^^^^^^^^^^^
  File "D:\Langs\Team_Docs\Local working prototype\Document-Ingestion-and-Classification\backend\venv\Lib\site-packages\google\api_core\retry\retry_unary.py", line 156, in retry_target
    next_sleep = _retry_error_helper(
                 ^^^^^^^^^^^^^^^^^^^^
  File "D:\Langs\Team_Docs\Local working prototype\Document-Ingestion-and-Classification\backend\venv\Lib\site-packages\google\api_core\retry\retry_base.py", line 214, in _retry_error_helper
    raise final_exc from source_exc
  File "D:\Langs\Team_Docs\Local working prototype\Document-Ingestion-and-Classification\backend\venv\Lib\site-packages\google\api_core\retry\retry_unary.py", line 147, in retry_target
    result = target()
             ^^^^^^^^
  File "D:\Langs\Team_Docs\Local working prototype\Document-Ingestion-and-Classification\backend\venv\Lib\site-packages\google\api_core\timeout.py", line 130, in func_with_timeout
    return func(*args, **kwargs)
           ^^^^^^^^^^^^^^^^^^^^^
  File "D:\Langs\Team_Docs\Local working prototype\Document-Ingestion-and-Classification\backend\venv\Lib\site-packages\google\api_core\grpc_helpers.py", line 78, in error_remapped_callable
    raise exceptions.from_grpc_error(exc) from exc
google.api_core.exceptions.ResourceExhausted: 429 You exceeded your current quota, please check your plan and billing details. For more information on this error, head to: https://ai.google.dev/gemini-api/docs/rate-limits. [violations {
  quota_metric: "generativelanguage.googleapis.com/generate_content_free_tier_requests"
  quota_id: "GenerateRequestsPerMinutePerProjectPerModel-FreeTier"
  quota_dimensions {
    key: "model"
    value: "gemini-1.5-flash"
  }
  quota_dimensions {
    key: "location"
    value: "global"
  }
  quota_value: 15
}
, links {
  description: "Learn more about Gemini API quotas"
  url: "https://ai.google.dev/gemini-api/docs/rate-limits"
}
, retry_delay {
  seconds: 15
}
]
2025-08-06 14:23:47 - classifier - INFO - [Local ML 🤖] Prediction: Resume (confidence: 0.275)
2025-08-06 14:23:47 - classifier - INFO - Doc 'fe4ca7af-3128-4443-8671-50b2bf7d0de2' classified as 'resume' by Local ML boosted (Confidence: 0.7)
2025-08-06 14:23:47 - classifier - INFO - Successfully emitted event for doc_id 'fe4ca7af-3128-4443-8671-50b2bf7d0de2' to 'doc.classified' topic.
2025-08-06 14:23:48 - classifier - INFO - Received new message from Kafka: doc_id 'a704fbb1-5d2d-4f52-8d01-feddb001a49a'
2025-08-06 14:23:48 - classifier - ERROR - [⚠ Gemini error]
Traceback (most recent call last):
  File "D:\Langs\Team_Docs\Local working prototype\Document-Ingestion-and-Classification\backend\classifier\genai_utils.py", line 70, in classify_document
    gemini_response = gemini_model.generate_content(prompt)
                      ^^^^^^^^^^^^^^^^^^^^^^^^^^^^^^^^^^^^^
  File "D:\Langs\Team_Docs\Local working prototype\Document-Ingestion-and-Classification\backend\venv\Lib\site-packages\google\generativeai\generative_models.py", line 331, in generate_content
    response = self._client.generate_content(
               ^^^^^^^^^^^^^^^^^^^^^^^^^^^^^^
  File "D:\Langs\Team_Docs\Local working prototype\Document-Ingestion-and-Classification\backend\venv\Lib\site-packages\google\ai\generativelanguage_v1beta\services\generative_service\client.py", line 835, in generate_content
    response = rpc(
               ^^^^
  File "D:\Langs\Team_Docs\Local working prototype\Document-Ingestion-and-Classification\backend\venv\Lib\site-packages\google\api_core\gapic_v1\method.py", line 131, in __call__
    return wrapped_func(*args, **kwargs)
           ^^^^^^^^^^^^^^^^^^^^^^^^^^^^^
  File "D:\Langs\Team_Docs\Local working prototype\Document-Ingestion-and-Classification\backend\venv\Lib\site-packages\google\api_core\retry\retry_unary.py", line 294, in retry_wrapped_func
    return retry_target(
           ^^^^^^^^^^^^^
  File "D:\Langs\Team_Docs\Local working prototype\Document-Ingestion-and-Classification\backend\venv\Lib\site-packages\google\api_core\retry\retry_unary.py", line 156, in retry_target
    next_sleep = _retry_error_helper(
                 ^^^^^^^^^^^^^^^^^^^^
  File "D:\Langs\Team_Docs\Local working prototype\Document-Ingestion-and-Classification\backend\venv\Lib\site-packages\google\api_core\retry\retry_base.py", line 214, in _retry_error_helper
    raise final_exc from source_exc
  File "D:\Langs\Team_Docs\Local working prototype\Document-Ingestion-and-Classification\backend\venv\Lib\site-packages\google\api_core\retry\retry_unary.py", line 147, in retry_target
    result = target()
             ^^^^^^^^
  File "D:\Langs\Team_Docs\Local working prototype\Document-Ingestion-and-Classification\backend\venv\Lib\site-packages\google\api_core\timeout.py", line 130, in func_with_timeout
    return func(*args, **kwargs)
           ^^^^^^^^^^^^^^^^^^^^^
  File "D:\Langs\Team_Docs\Local working prototype\Document-Ingestion-and-Classification\backend\venv\Lib\site-packages\google\api_core\grpc_helpers.py", line 78, in error_remapped_callable
    raise exceptions.from_grpc_error(exc) from exc
google.api_core.exceptions.ResourceExhausted: 429 You exceeded your current quota, please check your plan and billing details. For more information on this error, head to: https://ai.google.dev/gemini-api/docs/rate-limits. [violations {
  quota_metric: "generativelanguage.googleapis.com/generate_content_free_tier_requests"
  quota_id: "GenerateRequestsPerMinutePerProjectPerModel-FreeTier"
  quota_dimensions {
    key: "model"
    value: "gemini-1.5-flash"
  }
  quota_dimensions {
    key: "location"
    value: "global"
  }
  quota_value: 15
}
, links {
  description: "Learn more about Gemini API quotas"
  url: "https://ai.google.dev/gemini-api/docs/rate-limits"
}
, retry_delay {
  seconds: 14
}
]
2025-08-06 14:23:48 - classifier - INFO - [Local ML 🤖] Prediction: Prescription (confidence: 0.122)
2025-08-06 14:23:48 - classifier - INFO - Doc 'a704fbb1-5d2d-4f52-8d01-feddb001a49a' classified as 'prescription' by Local ML boosted (Confidence: 0.7)
2025-08-06 14:23:48 - classifier - INFO - Successfully emitted event for doc_id 'a704fbb1-5d2d-4f52-8d01-feddb001a49a' to 'doc.classified' topic.
2025-08-06 20:51:34 - classifier - INFO - ✨ Gemini model loaded successfully.
2025-08-06 20:51:38 - classifier - INFO - 🧠 Local ML model and vectorizer loaded successfully.
2025-08-06 20:51:38 - classifier - INFO - Classifier service starting...
2025-08-06 20:51:39 - classifier - INFO - Database connection established
2025-08-06 20:51:39 - classifier - INFO - Successfully connected to Kafka.
2025-08-06 20:51:39 - classifier - INFO - Classifier agent started. Waiting for messages from 'doc.extracted' topic...
2025-08-06 20:57:23 - classifier - INFO - ✨ Gemini model loaded successfully.
2025-08-06 20:57:24 - classifier - INFO - 🧠 Local ML model and vectorizer loaded successfully.
2025-08-06 20:57:24 - classifier - INFO - Classifier service starting...
2025-08-06 20:57:24 - classifier - INFO - Database connection established
2025-08-06 20:57:24 - classifier - INFO - Successfully connected to Kafka.
2025-08-06 20:57:24 - classifier - INFO - Classifier agent started. Waiting for messages from 'doc.extracted' topic...
2025-08-06 22:19:48 - classifier - INFO - Received new message from Kafka: doc_id 'e82aa7b7-8d68-4317-b584-adbb7e529f8e'
2025-08-06 22:19:51 - classifier - INFO - [Gemini 🔍] Prediction: Resume (similarity: 1.0)
2025-08-06 22:19:51 - classifier - INFO - [Local ML 🤖] Prediction: Resume (confidence: 0.218)
2025-08-06 22:19:51 - classifier - INFO - Doc 'e82aa7b7-8d68-4317-b584-adbb7e529f8e' classified as 'resume' by Gemini (trusted) (Confidence: 0.95)
2025-08-06 22:19:51 - classifier - INFO - Successfully emitted event for doc_id 'e82aa7b7-8d68-4317-b584-adbb7e529f8e' to 'doc.classified' topic.
2025-08-06 22:25:56 - classifier - INFO - Received new message from Kafka: doc_id '0cb3d171-3dbe-41ea-b7f1-23d742c61ef9'
2025-08-06 22:26:00 - classifier - INFO - [Gemini 🔍] Prediction: Resume (similarity: 1.0)
2025-08-06 22:26:00 - classifier - INFO - [Local ML 🤖] Prediction: Resume (confidence: 0.247)
2025-08-06 22:26:00 - classifier - INFO - Doc '0cb3d171-3dbe-41ea-b7f1-23d742c61ef9' classified as 'resume' by Gemini (trusted) (Confidence: 0.95)
2025-08-06 22:26:00 - classifier - INFO - Successfully emitted event for doc_id '0cb3d171-3dbe-41ea-b7f1-23d742c61ef9' to 'doc.classified' topic.
2025-08-06 22:33:05 - classifier - INFO - Received new message from Kafka: doc_id 'e74ebc98-53db-4c2c-bb9c-df90b2bb0ec7'
2025-08-06 22:33:07 - classifier - INFO - [Gemini 🔍] Prediction: Resume (similarity: 1.0)
2025-08-06 22:33:07 - classifier - INFO - [Local ML 🤖] Prediction: Resume (confidence: 0.196)
2025-08-06 22:33:07 - classifier - INFO - Doc 'e74ebc98-53db-4c2c-bb9c-df90b2bb0ec7' classified as 'resume' by Gemini (trusted) (Confidence: 0.95)
2025-08-06 22:33:07 - classifier - INFO - Successfully emitted event for doc_id 'e74ebc98-53db-4c2c-bb9c-df90b2bb0ec7' to 'doc.classified' topic.
2025-08-06 22:35:45 - classifier - INFO - ✨ Gemini model loaded successfully.
2025-08-06 22:35:48 - classifier - INFO - 🧠 Local ML model and vectorizer loaded successfully.
2025-08-06 22:35:48 - classifier - INFO - Classifier service starting...
2025-08-06 22:35:49 - classifier - INFO - Database connection established
2025-08-06 22:35:49 - classifier - INFO - Successfully connected to Kafka.
2025-08-06 22:35:49 - classifier - INFO - Classifier agent started. Waiting for messages from 'doc.extracted' topic...
2025-08-06 22:36:07 - classifier - INFO - Received new message from Kafka: doc_id '36bd877c-caad-48ea-8947-612c35523286'
2025-08-06 22:36:10 - classifier - INFO - [Gemini 🔍] Prediction: Resume (similarity: 1.0)
2025-08-06 22:36:10 - classifier - INFO - [Local ML 🤖] Prediction: Resume (confidence: 0.275)
2025-08-06 22:36:10 - classifier - INFO - Doc '36bd877c-caad-48ea-8947-612c35523286' classified as 'resume' by Gemini (trusted) (Confidence: 0.95)
2025-08-06 22:36:10 - classifier - INFO - Successfully emitted event for doc_id '36bd877c-caad-48ea-8947-612c35523286' to 'doc.classified' topic.
2025-08-06 23:04:17 - classifier - INFO - ✨ Gemini model loaded successfully.
2025-08-06 23:04:22 - classifier - INFO - 🧠 Local ML model and vectorizer loaded successfully.
2025-08-06 23:04:22 - classifier - INFO - Classifier service starting...
2025-08-06 23:04:22 - classifier - INFO - Database connection established
2025-08-06 23:04:23 - classifier - INFO - Successfully connected to Kafka.
2025-08-06 23:04:23 - classifier - INFO - Classifier agent started. Waiting for messages from 'doc.extracted' topic...
2025-08-06 23:05:52 - classifier - INFO - Received new message from Kafka: doc_id 'e5c79beb-cb05-477b-805e-c84ba7e11aa1'
2025-08-06 23:05:55 - classifier - INFO - [Gemini 🔍] Prediction: Resume (similarity: 1.0)
2025-08-06 23:05:55 - classifier - INFO - [Local ML 🤖] Prediction: Resume (confidence: 0.586)
2025-08-06 23:05:55 - classifier - INFO - Doc 'e5c79beb-cb05-477b-805e-c84ba7e11aa1' classified as 'resume' by Gemini (trusted) (Confidence: 0.95)
2025-08-06 23:05:55 - classifier - INFO - Successfully emitted event for doc_id 'e5c79beb-cb05-477b-805e-c84ba7e11aa1' to 'doc.classified' topic.
2025-08-06 23:05:55 - classifier - INFO - Received new message from Kafka: doc_id 'ed67234d-5564-458e-8664-0e9dcc9c04bb'
2025-08-06 23:05:56 - classifier - INFO - [Gemini 🔍] Prediction: Resume (similarity: 1.0)
2025-08-06 23:05:56 - classifier - INFO - [Local ML 🤖] Prediction: Resume (confidence: 0.586)
2025-08-06 23:05:56 - classifier - INFO - Doc 'ed67234d-5564-458e-8664-0e9dcc9c04bb' classified as 'resume' by Gemini (trusted) (Confidence: 0.95)
2025-08-06 23:05:56 - classifier - INFO - Successfully emitted event for doc_id 'ed67234d-5564-458e-8664-0e9dcc9c04bb' to 'doc.classified' topic.
2025-08-07 08:31:49 - classifier - INFO - ✨ Gemini model loaded successfully.
2025-08-07 08:31:59 - classifier - INFO - 🧠 Local ML model and vectorizer loaded successfully.
2025-08-07 08:31:59 - classifier - INFO - Classifier service starting...
2025-08-07 08:31:59 - classifier - INFO - Database connection established
2025-08-07 08:31:59 - classifier - INFO - Successfully connected to Kafka.
2025-08-07 08:31:59 - classifier - INFO - Classifier agent started. Waiting for messages from 'doc.extracted' topic...
2025-08-07 08:32:18 - classifier - INFO - Received new message from Kafka: doc_id 'ea46392b-1e65-4acf-ba8f-845494c20ed6'
2025-08-07 08:32:20 - classifier - INFO - [Gemini 🔍] Prediction: Marksheet (similarity: 1.0)
2025-08-07 08:32:20 - classifier - INFO - [Local ML 🤖] Prediction: Marksheet (confidence: 0.759)
2025-08-07 08:32:20 - classifier - INFO - Doc 'ea46392b-1e65-4acf-ba8f-845494c20ed6' classified as 'marksheet' by Gemini (trusted) (Confidence: 0.95)
2025-08-07 08:32:20 - classifier - INFO - Successfully emitted event for doc_id 'ea46392b-1e65-4acf-ba8f-845494c20ed6' to 'doc.classified' topic.
2025-08-07 08:32:20 - classifier - INFO - Received new message from Kafka: doc_id '54ee0b93-71cc-4e52-848b-bc0d68414c2f'
2025-08-07 08:32:21 - classifier - INFO - [Gemini 🔍] Prediction: Marksheet (similarity: 1.0)
2025-08-07 08:32:21 - classifier - INFO - [Local ML 🤖] Prediction: Marksheet (confidence: 0.759)
2025-08-07 08:32:21 - classifier - INFO - Doc '54ee0b93-71cc-4e52-848b-bc0d68414c2f' classified as 'marksheet' by Gemini (trusted) (Confidence: 0.95)
2025-08-07 08:32:21 - classifier - INFO - Successfully emitted event for doc_id '54ee0b93-71cc-4e52-848b-bc0d68414c2f' to 'doc.classified' topic.
2025-08-07 09:06:02 - classifier - ERROR - ❌ Could not initialize Gemini: GEMINI_API_KEY not found in environment variables.
2025-08-07 09:06:04 - classifier - INFO - 🧠 Local ML model and vectorizer loaded successfully.
2025-08-07 09:06:04 - classifier - INFO - Classifier service starting...
2025-08-07 09:06:04 - classifier - INFO - Database connection established
2025-08-07 09:06:04 - classifier - INFO - Successfully connected to Kafka.
2025-08-07 09:06:04 - classifier - INFO - Classifier agent started. Waiting for messages from 'doc.extracted' topic...
2025-08-07 09:08:19 - classifier - ERROR - ❌ Could not initialize Gemini: GEMINI_API_KEY not found in environment variables.
2025-08-07 09:08:21 - classifier - INFO - 🧠 Local ML model and vectorizer loaded successfully.
2025-08-07 09:08:21 - classifier - INFO - Classifier service starting...
2025-08-07 09:08:21 - classifier - INFO - Database connection established
2025-08-07 09:08:21 - classifier - INFO - Successfully connected to Kafka.
2025-08-07 09:08:21 - classifier - INFO - Classifier agent started. Waiting for messages from 'doc.extracted' topic...
2025-08-07 09:13:08 - classifier - ERROR - ❌ Could not initialize Gemini: GEMINI_API_KEY not found in environment variables.
2025-08-07 09:13:10 - classifier - INFO - 🧠 Local ML model and vectorizer loaded successfully.
2025-08-07 09:13:10 - classifier - INFO - Classifier service starting...
2025-08-07 09:13:10 - classifier - INFO - Database connection established
2025-08-07 09:13:10 - classifier - INFO - Successfully connected to Kafka.
2025-08-07 09:13:10 - classifier - INFO - Classifier agent started. Waiting for messages from 'doc.extracted' topic...
2025-08-07 09:16:05 - classifier - ERROR - ❌ Could not initialize Gemini: GEMINI_API_KEY not found in environment variables.
2025-08-07 09:16:07 - classifier - INFO - 🧠 Local ML model and vectorizer loaded successfully.
2025-08-07 09:16:07 - classifier - INFO - Classifier service starting...
2025-08-07 09:16:07 - classifier - INFO - Database connection established
2025-08-07 09:16:07 - classifier - INFO - Successfully connected to Kafka.
2025-08-07 09:16:07 - classifier - INFO - Classifier agent started. Waiting for messages from 'doc.extracted' topic...
2025-08-07 09:19:07 - classifier - ERROR -  Could not initialize Gemini: GEMINI_API_KEY not found in environment variables.
2025-08-07 09:19:09 - classifier - INFO -  Local ML model and vectorizer loaded successfully.
2025-08-07 09:19:09 - classifier - INFO - Classifier service starting...
2025-08-07 09:19:09 - classifier - INFO - Database connection established
2025-08-07 09:19:09 - classifier - INFO - Successfully connected to Kafka.
2025-08-07 09:19:09 - classifier - INFO - Classifier agent started. Waiting for messages from 'doc.extracted' topic...
2025-08-07 09:23:47 - classifier - ERROR -  Could not initialize Gemini: GEMINI_API_KEY not found in environment variables.
2025-08-07 09:23:49 - classifier - INFO -  Local ML model and vectorizer loaded successfully.
2025-08-07 09:23:49 - classifier - INFO - Classifier service starting...
2025-08-07 09:23:49 - classifier - INFO - Database connection established
2025-08-07 09:23:49 - classifier - INFO - Successfully connected to Kafka.
2025-08-07 09:23:49 - classifier - INFO - Classifier agent started. Waiting for messages from 'doc.extracted' topic...
2025-08-07 09:24:32 - classifier - ERROR -  Could not initialize Gemini: GEMINI_API_KEY not found in environment variables.
2025-08-07 09:24:34 - classifier - INFO -  Local ML model and vectorizer loaded successfully.
2025-08-07 09:24:34 - classifier - INFO - Classifier service starting...
2025-08-07 09:24:35 - classifier - INFO - Database connection established
2025-08-07 09:24:35 - classifier - INFO - Successfully connected to Kafka.
2025-08-07 09:24:35 - classifier - INFO - Classifier agent started. Waiting for messages from 'doc.extracted' topic...
2025-08-07 09:41:46 - classifier - ERROR -  Could not initialize Gemini: GEMINI_API_KEY not found in environment variables.
2025-08-07 09:41:47 - classifier - INFO -  Local ML model and vectorizer loaded successfully.
2025-08-07 09:41:47 - classifier - INFO - Classifier service starting...
2025-08-07 09:41:47 - classifier - INFO - Database connection established
2025-08-07 09:41:47 - classifier - INFO - Successfully connected to Kafka.
2025-08-07 09:41:47 - classifier - INFO - Classifier agent started. Waiting for messages from 'doc.extracted' topic...
2025-08-07 10:33:56 - classifier - ERROR -  Could not initialize Gemini: GEMINI_API_KEY not found in environment variables.
2025-08-07 10:33:56 - classifier - INFO -  Local ML model and vectorizer loaded successfully.
2025-08-07 10:33:56 - classifier - INFO - Classifier service starting...
2025-08-07 10:33:56 - classifier - INFO - Database connection established
2025-08-07 10:33:56 - classifier - INFO - Successfully connected to Kafka.
2025-08-07 10:33:56 - classifier - INFO - Classifier agent started. Waiting for messages from 'doc.extracted' topic...
2025-08-07 10:34:54 - classifier - ERROR -  Could not initialize Gemini: GEMINI_API_KEY not found in environment variables.
2025-08-07 10:34:55 - classifier - INFO -  Local ML model and vectorizer loaded successfully.
2025-08-07 10:34:55 - classifier - INFO - Classifier service starting...
2025-08-07 10:34:55 - classifier - INFO - Database connection established
2025-08-07 10:34:55 - classifier - INFO - Successfully connected to Kafka.
2025-08-07 10:34:55 - classifier - INFO - Classifier agent started. Waiting for messages from 'doc.extracted' topic...
2025-08-07 10:43:23 - classifier - ERROR -  Could not initialize Gemini: GEMINI_API_KEY not found in environment variables.
2025-08-07 10:43:25 - classifier - INFO -  Local ML model and vectorizer loaded successfully.
2025-08-07 10:43:25 - classifier - INFO - Classifier service starting...
2025-08-07 10:43:25 - classifier - INFO - Database connection established
2025-08-07 10:43:25 - classifier - INFO - Successfully connected to Kafka.
2025-08-07 10:43:25 - classifier - INFO - Classifier agent started. Waiting for messages from 'doc.extracted' topic...
2025-08-07 10:45:10 - classifier - ERROR -  Could not initialize Gemini: GEMINI_API_KEY not found in environment variables.
2025-08-07 10:45:11 - classifier - INFO -  Local ML model and vectorizer loaded successfully.
2025-08-07 10:45:11 - classifier - INFO - Classifier service starting...
2025-08-07 10:45:11 - classifier - INFO - Database connection established
2025-08-07 10:45:11 - classifier - INFO - Successfully connected to Kafka.
2025-08-07 10:45:11 - classifier - INFO - Classifier agent started. Waiting for messages from 'doc.extracted' topic...
2025-08-07 10:47:10 - classifier - ERROR -  Could not initialize Gemini: GEMINI_API_KEY not found in environment variables.
2025-08-07 10:47:11 - classifier - INFO -  Local ML model and vectorizer loaded successfully.
2025-08-07 10:47:11 - classifier - INFO - Classifier service starting...
2025-08-07 10:47:11 - classifier - INFO - Database connection established
2025-08-07 10:47:11 - classifier - INFO - Successfully connected to Kafka.
2025-08-07 10:47:11 - classifier - INFO - Classifier agent started. Waiting for messages from 'doc.extracted' topic...
2025-08-07 10:48:58 - classifier - ERROR -  Could not initialize Gemini: GEMINI_API_KEY not found in environment variables.
2025-08-07 10:48:58 - classifier - INFO -  Local ML model and vectorizer loaded successfully.
2025-08-07 10:48:58 - classifier - INFO - Classifier service starting...
2025-08-07 10:48:58 - classifier - INFO - Database connection established
2025-08-07 10:48:59 - classifier - INFO - Successfully connected to Kafka.
2025-08-07 10:48:59 - classifier - INFO - Classifier agent started. Waiting for messages from 'doc.extracted' topic...
2025-08-07 10:50:02 - classifier - INFO - Received new message from Kafka: doc_id 'ed7df784-f700-4a8d-a0f4-29d20b8933d3'
2025-08-07 10:50:02 - classifier - INFO - [Local ML ] Prediction: Marksheet (confidence: 0.137)
2025-08-07 10:50:02 - classifier - INFO - Doc 'ed7df784-f700-4a8d-a0f4-29d20b8933d3' classified as 'marksheet' by Local ML boosted (Confidence: 0.7)
2025-08-07 10:50:02 - classifier - INFO - Successfully emitted event for doc_id 'ed7df784-f700-4a8d-a0f4-29d20b8933d3' to 'doc.classified' topic.
2025-08-07 10:50:02 - classifier - INFO - Received new message from Kafka: doc_id '322fded4-95b8-4fdf-80c5-d7568b261c72'
2025-08-07 10:50:03 - classifier - INFO - [Local ML ] Prediction: Marksheet (confidence: 0.137)
2025-08-07 10:50:03 - classifier - INFO - Doc '322fded4-95b8-4fdf-80c5-d7568b261c72' classified as 'marksheet' by Local ML boosted (Confidence: 0.7)
2025-08-07 10:50:03 - classifier - INFO - Successfully emitted event for doc_id '322fded4-95b8-4fdf-80c5-d7568b261c72' to 'doc.classified' topic.
2025-08-07 10:50:03 - classifier - INFO - Received new message from Kafka: doc_id 'a285e572-b923-4995-9364-a58c2668024e'
2025-08-07 10:50:04 - classifier - INFO - [Local ML ] Prediction: Event Ticket (confidence: 0.465)
2025-08-07 10:50:04 - classifier - INFO - Doc 'a285e572-b923-4995-9364-a58c2668024e' classified as 'event ticket' by Local ML boosted (Confidence: 0.7)
2025-08-07 10:50:04 - classifier - INFO - Successfully emitted event for doc_id 'a285e572-b923-4995-9364-a58c2668024e' to 'doc.classified' topic.
2025-08-07 10:50:05 - classifier - INFO - Received new message from Kafka: doc_id '54daca0d-6cea-47bb-9974-3433f81e25e7'
2025-08-07 10:50:05 - classifier - INFO - [Local ML ] Prediction: Event Ticket (confidence: 0.465)
2025-08-07 10:50:05 - classifier - INFO - Doc '54daca0d-6cea-47bb-9974-3433f81e25e7' classified as 'event ticket' by Local ML boosted (Confidence: 0.7)
2025-08-07 10:50:05 - classifier - INFO - Successfully emitted event for doc_id '54daca0d-6cea-47bb-9974-3433f81e25e7' to 'doc.classified' topic.
2025-08-07 10:50:06 - classifier - INFO - Received new message from Kafka: doc_id 'ba5c5238-f540-4eac-bf87-108cc7b0b158'
2025-08-07 10:50:06 - classifier - INFO - [Local ML ] Prediction: Business Proposal (confidence: 0.104)
2025-08-07 10:50:06 - classifier - INFO - Doc 'ba5c5238-f540-4eac-bf87-108cc7b0b158' classified as 'business proposal' by Local ML boosted (Confidence: 0.7)
2025-08-07 10:50:06 - classifier - INFO - Successfully emitted event for doc_id 'ba5c5238-f540-4eac-bf87-108cc7b0b158' to 'doc.classified' topic.
2025-08-07 10:50:07 - classifier - INFO - Received new message from Kafka: doc_id '2fe43b64-23c8-4708-bdca-6d29cc2be2a9'
2025-08-07 10:50:07 - classifier - INFO - [Local ML ] Prediction: Business Proposal (confidence: 0.104)
2025-08-07 10:50:07 - classifier - INFO - Doc '2fe43b64-23c8-4708-bdca-6d29cc2be2a9' classified as 'business proposal' by Local ML boosted (Confidence: 0.7)
2025-08-07 10:50:07 - classifier - INFO - Successfully emitted event for doc_id '2fe43b64-23c8-4708-bdca-6d29cc2be2a9' to 'doc.classified' topic.
2025-08-07 10:50:08 - classifier - INFO - Received new message from Kafka: doc_id '9b773103-eb04-4db4-b82c-5be80a89c435'
2025-08-07 10:50:08 - classifier - INFO - [Local ML ] Prediction: Brochure (confidence: 0.163)
2025-08-07 10:50:08 - classifier - INFO - Doc '9b773103-eb04-4db4-b82c-5be80a89c435' classified as 'brochure' by Local ML boosted (Confidence: 0.7)
2025-08-07 10:50:08 - classifier - INFO - Successfully emitted event for doc_id '9b773103-eb04-4db4-b82c-5be80a89c435' to 'doc.classified' topic.
2025-08-07 10:50:08 - classifier - INFO - Received new message from Kafka: doc_id 'b28f89f2-df4c-4a7a-b67e-1ab10dfe9a73'
2025-08-07 10:50:08 - classifier - INFO - [Local ML ] Prediction: Brochure (confidence: 0.163)
2025-08-07 10:50:08 - classifier - INFO - Doc 'b28f89f2-df4c-4a7a-b67e-1ab10dfe9a73' classified as 'brochure' by Local ML boosted (Confidence: 0.7)
2025-08-07 10:50:08 - classifier - INFO - Successfully emitted event for doc_id 'b28f89f2-df4c-4a7a-b67e-1ab10dfe9a73' to 'doc.classified' topic.
2025-08-07 11:01:29 - classifier - ERROR -  Could not initialize Gemini: GEMINI_API_KEY not found in environment variables.
2025-08-07 11:01:30 - classifier - INFO -  Local ML model and vectorizer loaded successfully.
2025-08-07 11:01:30 - classifier - INFO - Classifier service starting...
2025-08-07 11:01:30 - classifier - INFO - Database connection established
2025-08-07 11:01:30 - classifier - INFO - Successfully connected to Kafka.
2025-08-07 11:01:30 - classifier - INFO - Classifier agent started. Waiting for messages from 'doc.extracted' topic...
2025-08-07 11:33:23 - classifier - ERROR -  Could not initialize Gemini: GEMINI_API_KEY not found in environment variables.
2025-08-07 11:33:24 - classifier - INFO -  Local ML model and vectorizer loaded successfully.
2025-08-07 11:33:24 - classifier - INFO - Classifier service starting...
2025-08-07 11:33:24 - classifier - INFO - Database connection established
2025-08-07 11:33:24 - classifier - INFO - Successfully connected to Kafka.
2025-08-07 11:33:24 - classifier - INFO - Classifier agent started. Waiting for messages from 'doc.extracted' topic...
2025-08-07 11:41:30 - classifier - ERROR -  Could not initialize Gemini: GEMINI_API_KEY not found in environment variables.
2025-08-07 11:41:31 - classifier - INFO -  Local ML model and vectorizer loaded successfully.
2025-08-07 11:41:31 - classifier - INFO - Classifier service starting...
2025-08-07 11:41:31 - classifier - INFO - Database connection established
2025-08-07 11:41:31 - classifier - INFO - Successfully connected to Kafka.
2025-08-07 11:41:31 - classifier - INFO - Classifier agent started. Waiting for messages from 'doc.extracted' topic...
2025-08-07 11:45:33 - classifier - INFO - Received new message from Kafka: doc_id '6c83a8cb-787b-4d1e-89e4-82907e2607e5'
2025-08-07 11:45:33 - classifier - INFO - [Local ML ] Prediction: Resume (confidence: 0.251)
2025-08-07 11:45:33 - classifier - INFO - Doc '6c83a8cb-787b-4d1e-89e4-82907e2607e5' classified as 'resume' by Local ML boosted (Confidence: 0.7)
2025-08-07 11:45:33 - classifier - INFO - Successfully emitted event for doc_id '6c83a8cb-787b-4d1e-89e4-82907e2607e5' to 'doc.classified' topic.
2025-08-07 11:45:34 - classifier - INFO - Received new message from Kafka: doc_id '86e92abb-699b-4bdb-b31e-093429ae4594'
2025-08-07 11:45:34 - classifier - INFO - [Local ML ] Prediction: Resume (confidence: 0.251)
2025-08-07 11:45:34 - classifier - INFO - Doc '86e92abb-699b-4bdb-b31e-093429ae4594' classified as 'resume' by Local ML boosted (Confidence: 0.7)
2025-08-07 11:45:34 - classifier - INFO - Successfully emitted event for doc_id '86e92abb-699b-4bdb-b31e-093429ae4594' to 'doc.classified' topic.
2025-08-07 12:50:29 - classifier - ERROR -  Could not initialize Gemini: GEMINI_API_KEY not found in environment variables.
2025-08-07 12:50:36 - classifier - INFO -  Local ML model and vectorizer loaded successfully.
2025-08-07 12:50:36 - classifier - INFO - Classifier service starting...
2025-08-07 12:50:36 - classifier - INFO - Database connection established
2025-08-07 12:50:36 - classifier - INFO - Successfully connected to Kafka.
2025-08-07 12:50:36 - classifier - INFO - Classifier agent started. Waiting for messages from 'doc.extracted' topic...
2025-08-07 13:22:07 - classifier - ERROR -  Could not initialize Gemini: GEMINI_API_KEY not found in environment variables.
2025-08-07 13:22:14 - classifier - INFO -  Local ML model and vectorizer loaded successfully.
2025-08-07 13:22:14 - classifier - INFO - Classifier service starting...
2025-08-07 13:22:14 - classifier - INFO - Database connection established
2025-08-07 13:22:16 - classifier - ERROR - Could not connect to Kafka. Please ensure Kafka is running.
Traceback (most recent call last):
  File "D:\Langs\Team_Docs\Local working prototype\Document-Ingestion-and-Classification\backend\classifier\classifier.py", line 107, in <module>
    producer = KafkaProducer(
               ^^^^^^^^^^^^^^
  File "D:\Langs\Team_Docs\Local working prototype\Document-Ingestion-and-Classification\backend\venv\Lib\site-packages\kafka\producer\kafka.py", line 481, in __init__
    client = self.config['kafka_client'](
             ^^^^^^^^^^^^^^^^^^^^^^^^^^^^
  File "D:\Langs\Team_Docs\Local working prototype\Document-Ingestion-and-Classification\backend\venv\Lib\site-packages\kafka\client_async.py", line 262, in __init__
    self.config['api_version'] = self.check_version()
                                 ^^^^^^^^^^^^^^^^^^^^
  File "D:\Langs\Team_Docs\Local working prototype\Document-Ingestion-and-Classification\backend\venv\Lib\site-packages\kafka\client_async.py", line 1074, in check_version
    raise Errors.NoBrokersAvailable()
kafka.errors.NoBrokersAvailable: NoBrokersAvailable
2025-08-07 13:23:47 - classifier - ERROR -  Could not initialize Gemini: GEMINI_API_KEY not found in environment variables.
2025-08-07 13:23:48 - classifier - INFO -  Local ML model and vectorizer loaded successfully.
2025-08-07 13:23:48 - classifier - INFO - Classifier service starting...
2025-08-07 13:23:48 - classifier - INFO - Database connection established
2025-08-07 13:23:48 - classifier - INFO - Successfully connected to Kafka.
2025-08-07 13:23:48 - classifier - INFO - Classifier agent started. Waiting for messages from 'doc.extracted' topic...
2025-08-07 13:44:03 - classifier - ERROR -  Could not initialize Gemini: GEMINI_API_KEY not found in environment variables.
2025-08-07 13:44:04 - classifier - INFO -  Local ML model and vectorizer loaded successfully.
2025-08-07 13:44:04 - classifier - INFO - Classifier service starting...
2025-08-07 13:44:04 - classifier - INFO - Database connection established
2025-08-07 13:44:04 - classifier - INFO - Successfully connected to Kafka.
2025-08-07 13:44:04 - classifier - INFO - Classifier agent started. Waiting for messages from 'doc.extracted' topic...
2025-08-07 13:45:58 - classifier - ERROR -  Could not initialize Gemini: GEMINI_API_KEY not found in environment variables.
2025-08-07 13:45:59 - classifier - INFO -  Local ML model and vectorizer loaded successfully.
2025-08-07 13:45:59 - classifier - INFO - Classifier service starting...
2025-08-07 13:45:59 - classifier - INFO - Database connection established
2025-08-07 13:45:59 - classifier - INFO - Successfully connected to Kafka.
2025-08-07 13:45:59 - classifier - INFO - Classifier agent started. Waiting for messages from 'doc.extracted' topic...
2025-08-07 13:46:30 - classifier - INFO - Received new message from Kafka: doc_id 'c6c2f66e-26c3-4d28-8253-956bf2de67de'
2025-08-07 13:46:30 - classifier - INFO - [Local ML ] Prediction: Business Proposal (confidence: 0.226)
2025-08-07 13:46:30 - classifier - INFO - Doc 'c6c2f66e-26c3-4d28-8253-956bf2de67de' classified as 'business proposal' by Local ML boosted (Confidence: 0.7)
2025-08-07 13:46:31 - classifier - INFO - Successfully emitted event for doc_id 'c6c2f66e-26c3-4d28-8253-956bf2de67de' to 'doc.classified' topic.
2025-08-07 13:46:31 - classifier - INFO - Received new message from Kafka: doc_id 'b65567ef-00a2-4bcf-9406-24db3964ff70'
2025-08-07 13:46:31 - classifier - INFO - [Local ML ] Prediction: Business Proposal (confidence: 0.226)
2025-08-07 13:46:31 - classifier - INFO - Doc 'b65567ef-00a2-4bcf-9406-24db3964ff70' classified as 'business proposal' by Local ML boosted (Confidence: 0.7)
2025-08-07 13:46:31 - classifier - INFO - Successfully emitted event for doc_id 'b65567ef-00a2-4bcf-9406-24db3964ff70' to 'doc.classified' topic.
2025-08-07 13:46:31 - classifier - INFO - Received new message from Kafka: doc_id 'fbe6abb1-9bd9-49e6-b135-287ba4805d7b'
2025-08-07 13:46:31 - classifier - INFO - [Local ML ] Prediction: Business Proposal (confidence: 0.131)
2025-08-07 13:46:31 - classifier - INFO - Doc 'fbe6abb1-9bd9-49e6-b135-287ba4805d7b' classified as 'business proposal' by Local ML boosted (Confidence: 0.7)
2025-08-07 13:46:31 - classifier - INFO - Successfully emitted event for doc_id 'fbe6abb1-9bd9-49e6-b135-287ba4805d7b' to 'doc.classified' topic.
2025-08-07 13:46:32 - classifier - INFO - Received new message from Kafka: doc_id '56063dcc-3e04-4c9e-bfd0-962ed2ea99ad'
2025-08-07 13:46:32 - classifier - INFO - [Local ML ] Prediction: Business Proposal (confidence: 0.131)
2025-08-07 13:46:32 - classifier - INFO - Doc '56063dcc-3e04-4c9e-bfd0-962ed2ea99ad' classified as 'business proposal' by Local ML boosted (Confidence: 0.7)
2025-08-07 13:46:32 - classifier - INFO - Successfully emitted event for doc_id '56063dcc-3e04-4c9e-bfd0-962ed2ea99ad' to 'doc.classified' topic.
2025-08-07 13:51:25 - classifier - INFO - Received new message from Kafka: doc_id '9a13e9b1-1b41-4527-a96b-b1717131f8be'
2025-08-07 13:51:25 - classifier - INFO - [Local ML ] Prediction: Technical (confidence: 0.681)
2025-08-07 13:51:25 - classifier - INFO - Doc '9a13e9b1-1b41-4527-a96b-b1717131f8be' classified as 'technical' by Local ML boosted (Confidence: 0.7)
2025-08-07 13:51:25 - classifier - INFO - Successfully emitted event for doc_id '9a13e9b1-1b41-4527-a96b-b1717131f8be' to 'doc.classified' topic.
2025-08-07 13:51:26 - classifier - INFO - Received new message from Kafka: doc_id 'a7706ebd-fb15-4de6-8039-123c733ebb6d'
2025-08-07 13:51:26 - classifier - INFO - [Local ML ] Prediction: Technical (confidence: 0.681)
2025-08-07 13:51:26 - classifier - INFO - Doc 'a7706ebd-fb15-4de6-8039-123c733ebb6d' classified as 'technical' by Local ML boosted (Confidence: 0.7)
2025-08-07 13:51:26 - classifier - INFO - Successfully emitted event for doc_id 'a7706ebd-fb15-4de6-8039-123c733ebb6d' to 'doc.classified' topic.
2025-08-07 13:53:19 - classifier - INFO - Received new message from Kafka: doc_id 'e6b79f8a-f428-4fe0-9fc5-e5b7a088fbc4'
2025-08-07 13:53:19 - classifier - INFO - [Local ML ] Prediction: Marksheet (confidence: 0.759)
2025-08-07 13:53:19 - classifier - INFO - Doc 'e6b79f8a-f428-4fe0-9fc5-e5b7a088fbc4' classified as 'marksheet' by Local ML boosted (Confidence: 0.76)
2025-08-07 13:53:19 - classifier - INFO - Successfully emitted event for doc_id 'e6b79f8a-f428-4fe0-9fc5-e5b7a088fbc4' to 'doc.classified' topic.
2025-08-07 13:53:20 - classifier - INFO - Received new message from Kafka: doc_id '8d3e2009-f237-4793-98d3-775245a71427'
2025-08-07 13:53:20 - classifier - INFO - [Local ML ] Prediction: Marksheet (confidence: 0.759)
2025-08-07 13:53:20 - classifier - INFO - Doc '8d3e2009-f237-4793-98d3-775245a71427' classified as 'marksheet' by Local ML boosted (Confidence: 0.76)
2025-08-07 13:53:20 - classifier - INFO - Successfully emitted event for doc_id '8d3e2009-f237-4793-98d3-775245a71427' to 'doc.classified' topic.
2025-08-07 13:53:20 - classifier - INFO - Received new message from Kafka: doc_id '6ef5f6d0-1773-4227-9550-78bd9b109c3f'
2025-08-07 13:53:20 - classifier - INFO - [Local ML ] Prediction: Invoice (confidence: 0.658)
2025-08-07 13:53:20 - classifier - INFO - Doc '6ef5f6d0-1773-4227-9550-78bd9b109c3f' classified as 'invoice' by Local ML boosted (Confidence: 0.7)
2025-08-07 13:53:20 - classifier - INFO - Successfully emitted event for doc_id '6ef5f6d0-1773-4227-9550-78bd9b109c3f' to 'doc.classified' topic.
2025-08-07 13:53:20 - classifier - INFO - Received new message from Kafka: doc_id '41ea6afc-db73-4219-a498-b5e8b04ebe84'
2025-08-07 13:53:20 - classifier - INFO - [Local ML ] Prediction: Invoice (confidence: 0.658)
2025-08-07 13:53:20 - classifier - INFO - Doc '41ea6afc-db73-4219-a498-b5e8b04ebe84' classified as 'invoice' by Local ML boosted (Confidence: 0.7)
2025-08-07 13:53:21 - classifier - INFO - Successfully emitted event for doc_id '41ea6afc-db73-4219-a498-b5e8b04ebe84' to 'doc.classified' topic.
2025-08-07 14:04:06 - classifier - ERROR -  Could not initialize Gemini: GEMINI_API_KEY not found in environment variables.
2025-08-07 14:04:07 - classifier - INFO -  Local ML model and vectorizer loaded successfully.
2025-08-07 14:04:07 - classifier - INFO - Classifier service starting...
2025-08-07 14:04:07 - classifier - INFO - Database connection established
2025-08-07 14:04:07 - classifier - INFO - Successfully connected to Kafka.
2025-08-07 14:04:07 - classifier - INFO - Classifier agent started. Waiting for messages from 'doc.extracted' topic...
2025-08-07 14:04:16 - classifier - INFO - Received new message from Kafka: doc_id 'bbda3fdb-9303-4918-b933-7ac9700b00cd'
2025-08-07 14:04:16 - classifier - INFO - [Local ML ] Prediction: Invoice (confidence: 0.658)
2025-08-07 14:04:16 - classifier - INFO - Doc 'bbda3fdb-9303-4918-b933-7ac9700b00cd' classified as 'invoice' by Local ML boosted (Confidence: 0.7)
2025-08-07 14:04:16 - classifier - INFO - Successfully emitted event for doc_id 'bbda3fdb-9303-4918-b933-7ac9700b00cd' to 'doc.classified' topic.
2025-08-07 14:07:36 - classifier - INFO - Received new message from Kafka: doc_id '60613efe-68eb-40c8-a931-e17d1162c9fc'
2025-08-07 14:07:36 - classifier - INFO - [Local ML ] Prediction: Train Ticket (confidence: 0.163)
2025-08-07 14:07:36 - classifier - INFO - Doc '60613efe-68eb-40c8-a931-e17d1162c9fc' classified as 'train ticket' by Local ML boosted (Confidence: 0.7)
2025-08-07 14:07:36 - classifier - INFO - Successfully emitted event for doc_id '60613efe-68eb-40c8-a931-e17d1162c9fc' to 'doc.classified' topic.
2025-08-07 14:07:37 - classifier - INFO - Received new message from Kafka: doc_id 'c4fd0bec-8be4-4c09-b859-9dd2298cefe9'
2025-08-07 14:07:37 - classifier - INFO - [Local ML ] Prediction: Train Ticket (confidence: 0.163)
2025-08-07 14:07:37 - classifier - INFO - Doc 'c4fd0bec-8be4-4c09-b859-9dd2298cefe9' classified as 'train ticket' by Local ML boosted (Confidence: 0.7)
2025-08-07 14:07:38 - classifier - INFO - Successfully emitted event for doc_id 'c4fd0bec-8be4-4c09-b859-9dd2298cefe9' to 'doc.classified' topic.
2025-08-07 14:08:00 - classifier - INFO - Received new message from Kafka: doc_id '0a850824-b903-4930-a378-e6c81cb145a9'
2025-08-07 14:08:00 - classifier - INFO - [Local ML ] Prediction: Prescription (confidence: 0.124)
2025-08-07 14:08:00 - classifier - INFO - Doc '0a850824-b903-4930-a378-e6c81cb145a9' classified as 'prescription' by Local ML boosted (Confidence: 0.7)
2025-08-07 14:08:01 - classifier - INFO - Successfully emitted event for doc_id '0a850824-b903-4930-a378-e6c81cb145a9' to 'doc.classified' topic.
2025-08-07 14:08:01 - classifier - INFO - Received new message from Kafka: doc_id '26da02fc-fd4a-4f9b-8de4-22da185feae5'
2025-08-07 14:08:01 - classifier - INFO - [Local ML ] Prediction: Brochure (confidence: 0.155)
2025-08-07 14:08:01 - classifier - INFO - Doc '26da02fc-fd4a-4f9b-8de4-22da185feae5' classified as 'brochure' by Local ML boosted (Confidence: 0.7)
2025-08-07 14:08:02 - classifier - INFO - Successfully emitted event for doc_id '26da02fc-fd4a-4f9b-8de4-22da185feae5' to 'doc.classified' topic.
2025-08-07 14:08:03 - classifier - INFO - Received new message from Kafka: doc_id '44dbe501-665a-4784-9ed2-4750bd756758'
2025-08-07 14:08:04 - classifier - INFO - [Local ML ] Prediction: Technical (confidence: 0.111)
2025-08-07 14:08:04 - classifier - INFO - Doc '44dbe501-665a-4784-9ed2-4750bd756758' classified as 'technical' by Local ML boosted (Confidence: 0.7)
2025-08-07 14:08:04 - classifier - INFO - Successfully emitted event for doc_id '44dbe501-665a-4784-9ed2-4750bd756758' to 'doc.classified' topic.
2025-08-07 14:08:12 - classifier - INFO - Received new message from Kafka: doc_id 'fda1e8ce-64cb-4f48-ac31-2e7463b08f8a'
2025-08-07 14:08:12 - classifier - INFO - [Local ML ] Prediction: Resume (confidence: 0.247)
2025-08-07 14:08:12 - classifier - INFO - Doc 'fda1e8ce-64cb-4f48-ac31-2e7463b08f8a' classified as 'resume' by Local ML boosted (Confidence: 0.7)
2025-08-07 14:08:12 - classifier - INFO - Successfully emitted event for doc_id 'fda1e8ce-64cb-4f48-ac31-2e7463b08f8a' to 'doc.classified' topic.
2025-08-07 14:08:15 - classifier - INFO - Received new message from Kafka: doc_id '277de8df-2410-460e-9257-b898cab789d8'
2025-08-07 14:08:15 - classifier - INFO - [Local ML ] Prediction: Business Pitch Deck (confidence: 0.195)
2025-08-07 14:08:15 - classifier - INFO - Doc '277de8df-2410-460e-9257-b898cab789d8' classified as 'business pitch deck' by Local ML boosted (Confidence: 0.7)
2025-08-07 14:08:15 - classifier - INFO - Successfully emitted event for doc_id '277de8df-2410-460e-9257-b898cab789d8' to 'doc.classified' topic.
2025-08-07 14:08:15 - classifier - INFO - Received new message from Kafka: doc_id '91d344e4-db22-4e10-a542-e0c76917c72a'
2025-08-07 14:08:15 - classifier - INFO - [Local ML ] Prediction: Prescription (confidence: 0.124)
2025-08-07 14:08:15 - classifier - INFO - Doc '91d344e4-db22-4e10-a542-e0c76917c72a' classified as 'prescription' by Local ML boosted (Confidence: 0.7)
2025-08-07 14:08:16 - classifier - INFO - Successfully emitted event for doc_id '91d344e4-db22-4e10-a542-e0c76917c72a' to 'doc.classified' topic.
2025-08-07 14:08:16 - classifier - INFO - Received new message from Kafka: doc_id 'a91cf99c-3962-4874-aa02-ee2d9db6d915'
2025-08-07 14:08:16 - classifier - INFO - [Local ML ] Prediction: Advertisement (confidence: 0.127)
2025-08-07 14:08:16 - classifier - INFO - Doc 'a91cf99c-3962-4874-aa02-ee2d9db6d915' classified as 'advertisement' by Local ML boosted (Confidence: 0.7)
2025-08-07 14:08:16 - classifier - INFO - Successfully emitted event for doc_id 'a91cf99c-3962-4874-aa02-ee2d9db6d915' to 'doc.classified' topic.
2025-08-07 14:08:17 - classifier - INFO - Received new message from Kafka: doc_id '82197557-06fd-4fc4-9ad9-e0546be347c6'
2025-08-07 14:08:17 - classifier - INFO - [Local ML ] Prediction: Resume (confidence: 0.253)
2025-08-07 14:08:17 - classifier - INFO - Doc '82197557-06fd-4fc4-9ad9-e0546be347c6' classified as 'resume' by Local ML boosted (Confidence: 0.7)
2025-08-07 14:08:17 - classifier - INFO - Successfully emitted event for doc_id '82197557-06fd-4fc4-9ad9-e0546be347c6' to 'doc.classified' topic.
2025-08-07 14:08:21 - classifier - INFO - Received new message from Kafka: doc_id '4f826c09-18c0-4225-9b5a-8844ed1e6188'
2025-08-07 14:08:22 - classifier - INFO - [Local ML ] Prediction: Brochure (confidence: 0.161)
2025-08-07 14:08:22 - classifier - INFO - Doc '4f826c09-18c0-4225-9b5a-8844ed1e6188' classified as 'brochure' by Local ML boosted (Confidence: 0.7)
2025-08-07 14:08:22 - classifier - INFO - Successfully emitted event for doc_id '4f826c09-18c0-4225-9b5a-8844ed1e6188' to 'doc.classified' topic.
2025-08-07 14:08:22 - classifier - INFO - Received new message from Kafka: doc_id 'ce1e8c2e-e95c-4194-b7d2-75a2fc561684'
2025-08-07 14:08:22 - classifier - INFO - [Local ML ] Prediction: Prescription (confidence: 0.122)
2025-08-07 14:08:22 - classifier - INFO - Doc 'ce1e8c2e-e95c-4194-b7d2-75a2fc561684' classified as 'prescription' by Local ML boosted (Confidence: 0.7)
2025-08-07 14:08:22 - classifier - INFO - Successfully emitted event for doc_id 'ce1e8c2e-e95c-4194-b7d2-75a2fc561684' to 'doc.classified' topic.
2025-08-07 14:08:23 - classifier - INFO - Received new message from Kafka: doc_id 'b0ad687c-c26a-40c2-b6b1-58c561c71cca'
2025-08-07 14:08:23 - classifier - INFO - [Local ML ] Prediction: Prescription (confidence: 0.127)
2025-08-07 14:08:23 - classifier - INFO - Doc 'b0ad687c-c26a-40c2-b6b1-58c561c71cca' classified as 'prescription' by Local ML boosted (Confidence: 0.7)
2025-08-07 14:08:23 - classifier - INFO - Successfully emitted event for doc_id 'b0ad687c-c26a-40c2-b6b1-58c561c71cca' to 'doc.classified' topic.
2025-08-07 14:08:23 - classifier - INFO - Received new message from Kafka: doc_id '2ec43a3f-65e0-4416-a5dc-39473b407d02'
2025-08-07 14:08:23 - classifier - INFO - [Local ML ] Prediction: Prescription (confidence: 0.116)
2025-08-07 14:08:24 - classifier - INFO - Doc '2ec43a3f-65e0-4416-a5dc-39473b407d02' classified as 'prescription' by Local ML boosted (Confidence: 0.7)
2025-08-07 14:08:24 - classifier - INFO - Successfully emitted event for doc_id '2ec43a3f-65e0-4416-a5dc-39473b407d02' to 'doc.classified' topic.
2025-08-07 14:08:24 - classifier - INFO - Received new message from Kafka: doc_id 'fa348c8d-8225-4f1c-9c96-2204698431b0'
2025-08-07 14:08:24 - classifier - INFO - [Local ML ] Prediction: Prescription (confidence: 0.12)
2025-08-07 14:08:24 - classifier - INFO - Doc 'fa348c8d-8225-4f1c-9c96-2204698431b0' classified as 'prescription' by Local ML boosted (Confidence: 0.7)
2025-08-07 14:08:24 - classifier - INFO - Successfully emitted event for doc_id 'fa348c8d-8225-4f1c-9c96-2204698431b0' to 'doc.classified' topic.
2025-08-07 14:08:24 - classifier - INFO - Received new message from Kafka: doc_id '22bca3c3-c5af-409a-9b0d-3019453bc2f0'
2025-08-07 14:08:25 - classifier - INFO - [Local ML ] Prediction: Brochure (confidence: 0.125)
2025-08-07 14:08:25 - classifier - INFO - Doc '22bca3c3-c5af-409a-9b0d-3019453bc2f0' classified as 'brochure' by Local ML boosted (Confidence: 0.7)
2025-08-07 14:08:25 - classifier - INFO - Successfully emitted event for doc_id '22bca3c3-c5af-409a-9b0d-3019453bc2f0' to 'doc.classified' topic.
2025-08-07 14:08:25 - classifier - INFO - Received new message from Kafka: doc_id '2c64806c-0958-4c70-b26d-a705051c5b06'
2025-08-07 14:08:25 - classifier - INFO - [Local ML ] Prediction: Prescription (confidence: 0.117)
2025-08-07 14:08:25 - classifier - INFO - Doc '2c64806c-0958-4c70-b26d-a705051c5b06' classified as 'prescription' by Local ML boosted (Confidence: 0.7)
2025-08-07 14:08:25 - classifier - INFO - Successfully emitted event for doc_id '2c64806c-0958-4c70-b26d-a705051c5b06' to 'doc.classified' topic.
2025-08-07 14:08:32 - classifier - INFO - Received new message from Kafka: doc_id 'b8d09643-6611-4b1e-978c-a7cecce9f7fa'
2025-08-07 14:08:32 - classifier - INFO - [Local ML ] Prediction: Resume (confidence: 0.241)
2025-08-07 14:08:32 - classifier - INFO - Doc 'b8d09643-6611-4b1e-978c-a7cecce9f7fa' classified as 'resume' by Local ML boosted (Confidence: 0.7)
2025-08-07 14:08:32 - classifier - INFO - Successfully emitted event for doc_id 'b8d09643-6611-4b1e-978c-a7cecce9f7fa' to 'doc.classified' topic.
2025-08-07 14:08:33 - classifier - INFO - Received new message from Kafka: doc_id '205794a9-8276-4360-accc-8e735df15b8b'
2025-08-07 14:08:33 - classifier - INFO - [Local ML ] Prediction: Resume (confidence: 0.283)
2025-08-07 14:08:33 - classifier - INFO - Doc '205794a9-8276-4360-accc-8e735df15b8b' classified as 'resume' by Local ML boosted (Confidence: 0.7)
2025-08-07 14:08:33 - classifier - INFO - Successfully emitted event for doc_id '205794a9-8276-4360-accc-8e735df15b8b' to 'doc.classified' topic.
2025-08-07 14:08:34 - classifier - INFO - Received new message from Kafka: doc_id '8713ff2d-fed7-4154-a4a7-f1fb4f0d3b3e'
2025-08-07 14:08:34 - classifier - INFO - [Local ML ] Prediction: Resume (confidence: 0.218)
2025-08-07 14:08:34 - classifier - INFO - Doc '8713ff2d-fed7-4154-a4a7-f1fb4f0d3b3e' classified as 'resume' by Local ML boosted (Confidence: 0.7)
2025-08-07 14:08:34 - classifier - INFO - Successfully emitted event for doc_id '8713ff2d-fed7-4154-a4a7-f1fb4f0d3b3e' to 'doc.classified' topic.
2025-08-07 14:08:35 - classifier - INFO - Received new message from Kafka: doc_id 'b83b32fc-294d-47db-9146-4d75ecb881da'
2025-08-07 14:08:35 - classifier - INFO - [Local ML ] Prediction: Resume (confidence: 0.255)
2025-08-07 14:08:35 - classifier - INFO - Doc 'b83b32fc-294d-47db-9146-4d75ecb881da' classified as 'resume' by Local ML boosted (Confidence: 0.7)
2025-08-07 14:08:35 - classifier - INFO - Successfully emitted event for doc_id 'b83b32fc-294d-47db-9146-4d75ecb881da' to 'doc.classified' topic.
2025-08-07 14:08:36 - classifier - INFO - Received new message from Kafka: doc_id 'e7e63fc6-7c7a-47f5-85bb-c449e252a0ca'
2025-08-07 14:08:36 - classifier - INFO - [Local ML ] Prediction: Resume (confidence: 0.182)
2025-08-07 14:08:36 - classifier - INFO - Doc 'e7e63fc6-7c7a-47f5-85bb-c449e252a0ca' classified as 'resume' by Local ML boosted (Confidence: 0.7)
2025-08-07 14:08:36 - classifier - INFO - Successfully emitted event for doc_id 'e7e63fc6-7c7a-47f5-85bb-c449e252a0ca' to 'doc.classified' topic.
2025-08-07 14:08:37 - classifier - INFO - Received new message from Kafka: doc_id '63cffbad-38c5-4ac4-9b3a-4440596a17a2'
2025-08-07 14:08:37 - classifier - INFO - [Local ML ] Prediction: Brochure (confidence: 0.155)
2025-08-07 14:08:37 - classifier - INFO - Doc '63cffbad-38c5-4ac4-9b3a-4440596a17a2' classified as 'brochure' by Local ML boosted (Confidence: 0.7)
2025-08-07 14:08:38 - classifier - INFO - Successfully emitted event for doc_id '63cffbad-38c5-4ac4-9b3a-4440596a17a2' to 'doc.classified' topic.
2025-08-07 14:08:43 - classifier - INFO - Received new message from Kafka: doc_id 'db9b0e1d-892b-4c76-a91c-c40d78799b3f'
2025-08-07 14:08:43 - classifier - INFO - [Local ML ] Prediction: Resume (confidence: 0.196)
2025-08-07 14:08:43 - classifier - INFO - Doc 'db9b0e1d-892b-4c76-a91c-c40d78799b3f' classified as 'resume' by Local ML boosted (Confidence: 0.7)
2025-08-07 14:08:43 - classifier - INFO - Successfully emitted event for doc_id 'db9b0e1d-892b-4c76-a91c-c40d78799b3f' to 'doc.classified' topic.
2025-08-07 14:08:44 - classifier - INFO - Received new message from Kafka: doc_id '5c055253-8afa-405d-a713-752b1b59a1c0'
2025-08-07 14:08:44 - classifier - INFO - [Local ML ] Prediction: Resume (confidence: 0.275)
2025-08-07 14:08:44 - classifier - INFO - Doc '5c055253-8afa-405d-a713-752b1b59a1c0' classified as 'resume' by Local ML boosted (Confidence: 0.7)
2025-08-07 14:08:44 - classifier - INFO - Successfully emitted event for doc_id '5c055253-8afa-405d-a713-752b1b59a1c0' to 'doc.classified' topic.
2025-08-07 14:08:45 - classifier - INFO - Received new message from Kafka: doc_id '6c0cfc64-f99e-44e2-8ff0-992a7aae1130'
2025-08-07 14:08:45 - classifier - INFO - [Local ML ] Prediction: Prescription (confidence: 0.122)
2025-08-07 14:08:45 - classifier - INFO - Doc '6c0cfc64-f99e-44e2-8ff0-992a7aae1130' classified as 'prescription' by Local ML boosted (Confidence: 0.7)
2025-08-07 14:08:45 - classifier - INFO - Successfully emitted event for doc_id '6c0cfc64-f99e-44e2-8ff0-992a7aae1130' to 'doc.classified' topic.
2025-08-07 14:08:45 - classifier - INFO - Received new message from Kafka: doc_id '00756b93-f599-427f-9dbc-f2845db3eaec'
2025-08-07 14:08:46 - classifier - INFO - [Local ML ] Prediction: Prescription (confidence: 0.117)
2025-08-07 14:08:46 - classifier - INFO - Doc '00756b93-f599-427f-9dbc-f2845db3eaec' classified as 'prescription' by Local ML boosted (Confidence: 0.7)
2025-08-07 14:08:47 - classifier - INFO - Successfully emitted event for doc_id '00756b93-f599-427f-9dbc-f2845db3eaec' to 'doc.classified' topic.
2025-08-07 14:08:47 - classifier - INFO - Received new message from Kafka: doc_id 'b6eb5d4f-0d47-4710-8ad4-29cfc775cbf4'
2025-08-07 14:08:47 - classifier - INFO - [Local ML ] Prediction: Technical (confidence: 0.111)
2025-08-07 14:08:47 - classifier - INFO - Doc 'b6eb5d4f-0d47-4710-8ad4-29cfc775cbf4' classified as 'technical' by Local ML boosted (Confidence: 0.7)
2025-08-07 14:08:47 - classifier - INFO - Successfully emitted event for doc_id 'b6eb5d4f-0d47-4710-8ad4-29cfc775cbf4' to 'doc.classified' topic.
2025-08-07 14:09:00 - classifier - INFO - Received new message from Kafka: doc_id '0c701d6f-e30d-4d00-98f7-af7b8b52feae'
2025-08-07 14:09:00 - classifier - INFO - [Local ML ] Prediction: Resume (confidence: 0.247)
2025-08-07 14:09:00 - classifier - INFO - Doc '0c701d6f-e30d-4d00-98f7-af7b8b52feae' classified as 'resume' by Local ML boosted (Confidence: 0.7)
2025-08-07 14:09:00 - classifier - INFO - Successfully emitted event for doc_id '0c701d6f-e30d-4d00-98f7-af7b8b52feae' to 'doc.classified' topic.
2025-08-07 14:09:12 - classifier - INFO - Received new message from Kafka: doc_id '11bd529b-3128-4fc1-9d94-7af24f409cd6'
2025-08-07 14:09:13 - classifier - INFO - [Local ML ] Prediction: Business Pitch Deck (confidence: 0.195)
2025-08-07 14:09:13 - classifier - INFO - Doc '11bd529b-3128-4fc1-9d94-7af24f409cd6' classified as 'business pitch deck' by Local ML boosted (Confidence: 0.7)
2025-08-07 14:09:13 - classifier - INFO - Successfully emitted event for doc_id '11bd529b-3128-4fc1-9d94-7af24f409cd6' to 'doc.classified' topic.
2025-08-07 14:09:19 - classifier - INFO - Received new message from Kafka: doc_id 'e6c13cad-22c5-42df-bf89-12392370fbc8'
2025-08-07 14:09:19 - classifier - INFO - [Local ML ] Prediction: Advertisement (confidence: 0.127)
2025-08-07 14:09:19 - classifier - INFO - Doc 'e6c13cad-22c5-42df-bf89-12392370fbc8' classified as 'advertisement' by Local ML boosted (Confidence: 0.7)
2025-08-07 14:09:19 - classifier - INFO - Successfully emitted event for doc_id 'e6c13cad-22c5-42df-bf89-12392370fbc8' to 'doc.classified' topic.
2025-08-07 14:09:30 - classifier - INFO - Received new message from Kafka: doc_id 'fe057a17-79ef-4863-b4a8-30208d1a615f'
2025-08-07 14:09:30 - classifier - INFO - [Local ML ] Prediction: Resume (confidence: 0.253)
2025-08-07 14:09:30 - classifier - INFO - Doc 'fe057a17-79ef-4863-b4a8-30208d1a615f' classified as 'resume' by Local ML boosted (Confidence: 0.7)
2025-08-07 14:09:31 - classifier - INFO - Successfully emitted event for doc_id 'fe057a17-79ef-4863-b4a8-30208d1a615f' to 'doc.classified' topic.
2025-08-07 14:09:40 - classifier - INFO - Received new message from Kafka: doc_id '0dd78fb0-790c-4f74-83a9-ede1dc29563e'
2025-08-07 14:09:41 - classifier - INFO - [Local ML ] Prediction: Brochure (confidence: 0.161)
2025-08-07 14:09:41 - classifier - INFO - Doc '0dd78fb0-790c-4f74-83a9-ede1dc29563e' classified as 'brochure' by Local ML boosted (Confidence: 0.7)
2025-08-07 14:09:41 - classifier - INFO - Successfully emitted event for doc_id '0dd78fb0-790c-4f74-83a9-ede1dc29563e' to 'doc.classified' topic.
2025-08-07 14:09:51 - classifier - INFO - Received new message from Kafka: doc_id 'ed6cbc18-d161-42ed-816a-0d0a4b0fd9b5'
2025-08-07 14:09:51 - classifier - INFO - [Local ML ] Prediction: Prescription (confidence: 0.127)
2025-08-07 14:09:51 - classifier - INFO - Doc 'ed6cbc18-d161-42ed-816a-0d0a4b0fd9b5' classified as 'prescription' by Local ML boosted (Confidence: 0.7)
2025-08-07 14:09:51 - classifier - INFO - Successfully emitted event for doc_id 'ed6cbc18-d161-42ed-816a-0d0a4b0fd9b5' to 'doc.classified' topic.
2025-08-07 14:10:00 - classifier - INFO - Received new message from Kafka: doc_id 'b945a8de-b869-455c-998d-fc631b30d936'
2025-08-07 14:10:00 - classifier - INFO - [Local ML ] Prediction: Prescription (confidence: 0.122)
2025-08-07 14:10:00 - classifier - INFO - Doc 'b945a8de-b869-455c-998d-fc631b30d936' classified as 'prescription' by Local ML boosted (Confidence: 0.7)
2025-08-07 14:10:00 - classifier - INFO - Successfully emitted event for doc_id 'b945a8de-b869-455c-998d-fc631b30d936' to 'doc.classified' topic.
2025-08-07 14:10:01 - classifier - INFO - Received new message from Kafka: doc_id 'e63a9979-4149-45a6-8218-4839b9b509a9'
2025-08-07 14:10:01 - classifier - INFO - [Local ML ] Prediction: Prescription (confidence: 0.116)
2025-08-07 14:10:01 - classifier - INFO - Doc 'e63a9979-4149-45a6-8218-4839b9b509a9' classified as 'prescription' by Local ML boosted (Confidence: 0.7)
2025-08-07 14:10:01 - classifier - INFO - Successfully emitted event for doc_id 'e63a9979-4149-45a6-8218-4839b9b509a9' to 'doc.classified' topic.
2025-08-07 14:10:01 - classifier - INFO - Received new message from Kafka: doc_id '28285505-03c2-419a-9e1b-862f05c2a72b'
2025-08-07 14:10:01 - classifier - INFO - [Local ML ] Prediction: Prescription (confidence: 0.12)
2025-08-07 14:10:01 - classifier - INFO - Doc '28285505-03c2-419a-9e1b-862f05c2a72b' classified as 'prescription' by Local ML boosted (Confidence: 0.7)
2025-08-07 14:10:01 - classifier - INFO - Successfully emitted event for doc_id '28285505-03c2-419a-9e1b-862f05c2a72b' to 'doc.classified' topic.
2025-08-07 14:10:02 - classifier - INFO - Received new message from Kafka: doc_id 'e3520318-fb11-44b0-9766-5053d487cac1'
2025-08-07 14:10:02 - classifier - INFO - [Local ML ] Prediction: Brochure (confidence: 0.125)
2025-08-07 14:10:02 - classifier - INFO - Doc 'e3520318-fb11-44b0-9766-5053d487cac1' classified as 'brochure' by Local ML boosted (Confidence: 0.7)
2025-08-07 14:10:02 - classifier - INFO - Successfully emitted event for doc_id 'e3520318-fb11-44b0-9766-5053d487cac1' to 'doc.classified' topic.
2025-08-07 14:10:03 - classifier - INFO - Received new message from Kafka: doc_id '7df2321b-4830-47ed-b0be-2ac96d632d9a'
2025-08-07 14:10:03 - classifier - INFO - [Local ML ] Prediction: Resume (confidence: 0.283)
2025-08-07 14:10:03 - classifier - INFO - Doc '7df2321b-4830-47ed-b0be-2ac96d632d9a' classified as 'resume' by Local ML boosted (Confidence: 0.7)
2025-08-07 14:10:03 - classifier - INFO - Successfully emitted event for doc_id '7df2321b-4830-47ed-b0be-2ac96d632d9a' to 'doc.classified' topic.
2025-08-07 14:10:04 - classifier - INFO - Received new message from Kafka: doc_id 'f6ae8c3d-2ca2-4976-bade-485e46a41fc3'
2025-08-07 14:10:04 - classifier - INFO - [Local ML ] Prediction: Resume (confidence: 0.241)
2025-08-07 14:10:04 - classifier - INFO - Doc 'f6ae8c3d-2ca2-4976-bade-485e46a41fc3' classified as 'resume' by Local ML boosted (Confidence: 0.7)
2025-08-07 14:10:04 - classifier - INFO - Successfully emitted event for doc_id 'f6ae8c3d-2ca2-4976-bade-485e46a41fc3' to 'doc.classified' topic.
2025-08-07 14:10:05 - classifier - INFO - Received new message from Kafka: doc_id '3b62ad9b-329a-4754-bca4-4ed1e9004e9b'
2025-08-07 14:10:06 - classifier - INFO - [Local ML ] Prediction: Resume (confidence: 0.218)
2025-08-07 14:10:06 - classifier - INFO - Doc '3b62ad9b-329a-4754-bca4-4ed1e9004e9b' classified as 'resume' by Local ML boosted (Confidence: 0.7)
2025-08-07 14:10:06 - classifier - INFO - Successfully emitted event for doc_id '3b62ad9b-329a-4754-bca4-4ed1e9004e9b' to 'doc.classified' topic.
2025-08-07 14:10:07 - classifier - INFO - Received new message from Kafka: doc_id '2cc149fd-3ea0-4b34-b775-51e818b02fce'
2025-08-07 14:10:07 - classifier - INFO - [Local ML ] Prediction: Resume (confidence: 0.255)
2025-08-07 14:10:07 - classifier - INFO - Doc '2cc149fd-3ea0-4b34-b775-51e818b02fce' classified as 'resume' by Local ML boosted (Confidence: 0.7)
2025-08-07 14:10:07 - classifier - INFO - Successfully emitted event for doc_id '2cc149fd-3ea0-4b34-b775-51e818b02fce' to 'doc.classified' topic.
2025-08-07 14:10:08 - classifier - INFO - Received new message from Kafka: doc_id '7bcdf775-23aa-41bf-aa38-9e7fa9cd96e8'
2025-08-07 14:10:08 - classifier - INFO - [Local ML ] Prediction: Resume (confidence: 0.182)
2025-08-07 14:10:08 - classifier - INFO - Doc '7bcdf775-23aa-41bf-aa38-9e7fa9cd96e8' classified as 'resume' by Local ML boosted (Confidence: 0.7)
2025-08-07 14:10:08 - classifier - INFO - Successfully emitted event for doc_id '7bcdf775-23aa-41bf-aa38-9e7fa9cd96e8' to 'doc.classified' topic.
2025-08-07 14:10:09 - classifier - INFO - Received new message from Kafka: doc_id '16a0cd91-5834-4255-bcf2-95744ac7a30b'
2025-08-07 14:10:09 - classifier - INFO - [Local ML ] Prediction: Resume (confidence: 0.196)
2025-08-07 14:10:09 - classifier - INFO - Doc '16a0cd91-5834-4255-bcf2-95744ac7a30b' classified as 'resume' by Local ML boosted (Confidence: 0.7)
2025-08-07 14:10:09 - classifier - INFO - Successfully emitted event for doc_id '16a0cd91-5834-4255-bcf2-95744ac7a30b' to 'doc.classified' topic.
2025-08-07 14:10:10 - classifier - INFO - Received new message from Kafka: doc_id '115173ae-68a4-48db-8d4b-b8d2c1d35ad4'
2025-08-07 14:10:10 - classifier - INFO - [Local ML ] Prediction: Resume (confidence: 0.275)
2025-08-07 14:10:10 - classifier - INFO - Doc '115173ae-68a4-48db-8d4b-b8d2c1d35ad4' classified as 'resume' by Local ML boosted (Confidence: 0.7)
2025-08-07 14:10:10 - classifier - INFO - Successfully emitted event for doc_id '115173ae-68a4-48db-8d4b-b8d2c1d35ad4' to 'doc.classified' topic.
2025-08-07 14:10:10 - classifier - INFO - Received new message from Kafka: doc_id '5589f9d8-8287-4377-a7f8-00fcdfd45d08'
2025-08-07 14:10:10 - classifier - INFO - [Local ML ] Prediction: Prescription (confidence: 0.122)
2025-08-07 14:10:10 - classifier - INFO - Doc '5589f9d8-8287-4377-a7f8-00fcdfd45d08' classified as 'prescription' by Local ML boosted (Confidence: 0.7)
2025-08-07 14:10:11 - classifier - INFO - Successfully emitted event for doc_id '5589f9d8-8287-4377-a7f8-00fcdfd45d08' to 'doc.classified' topic.
2025-08-07 14:10:11 - classifier - INFO - Received new message from Kafka: doc_id '6fc99eaa-d1c6-4b12-b56e-dbe9df95391c'
2025-08-07 14:10:11 - classifier - INFO - [Local ML ] Prediction: Prescription (confidence: 0.117)
2025-08-07 14:10:11 - classifier - INFO - Doc '6fc99eaa-d1c6-4b12-b56e-dbe9df95391c' classified as 'prescription' by Local ML boosted (Confidence: 0.7)
2025-08-07 14:10:11 - classifier - INFO - Successfully emitted event for doc_id '6fc99eaa-d1c6-4b12-b56e-dbe9df95391c' to 'doc.classified' topic.
2025-08-07 14:16:08 - classifier - ERROR -  Could not initialize Gemini: GEMINI_API_KEY not found in environment variables.
2025-08-07 14:16:09 - classifier - INFO -  Local ML model and vectorizer loaded successfully.
2025-08-07 14:16:09 - classifier - INFO - Classifier service starting...
2025-08-07 14:16:09 - classifier - INFO - Database connection established
2025-08-07 14:16:09 - classifier - INFO - Successfully connected to Kafka.
2025-08-07 14:16:09 - classifier - INFO - Classifier agent started. Waiting for messages from 'doc.extracted' topic...
2025-08-07 14:17:10 - classifier - ERROR -  Could not initialize Gemini: GEMINI_API_KEY not found in environment variables.
2025-08-07 14:17:11 - classifier - INFO -  Local ML model and vectorizer loaded successfully.
2025-08-07 14:17:11 - classifier - INFO - Classifier service starting...
2025-08-07 14:17:11 - classifier - INFO - Database connection established
2025-08-07 14:17:11 - classifier - INFO - Successfully connected to Kafka.
2025-08-07 14:17:11 - classifier - INFO - Classifier agent started. Waiting for messages from 'doc.extracted' topic...
2025-08-07 14:17:33 - classifier - INFO - Received new message from Kafka: doc_id '8b45371c-8206-4f89-a390-43cdf3779c7f'
2025-08-07 14:17:33 - classifier - INFO - [Local ML ] Prediction: Resume (confidence: 0.247)
2025-08-07 14:17:33 - classifier - INFO - Doc '8b45371c-8206-4f89-a390-43cdf3779c7f' classified as 'resume' by Local ML boosted (Confidence: 0.7)
2025-08-07 14:17:34 - classifier - INFO - Successfully emitted event for doc_id '8b45371c-8206-4f89-a390-43cdf3779c7f' to 'doc.classified' topic.
2025-08-07 14:18:58 - classifier - INFO - Received new message from Kafka: doc_id 'ad3636cb-e7db-417f-9e80-3d9731f1788f'
2025-08-07 14:18:58 - classifier - INFO - [Local ML ] Prediction: Lab Report (confidence: 0.504)
2025-08-07 14:18:58 - classifier - INFO - Doc 'ad3636cb-e7db-417f-9e80-3d9731f1788f' classified as 'lab report' by Local ML boosted (Confidence: 0.7)
2025-08-07 14:18:59 - classifier - INFO - Successfully emitted event for doc_id 'ad3636cb-e7db-417f-9e80-3d9731f1788f' to 'doc.classified' topic.
2025-08-07 14:18:59 - classifier - INFO - Received new message from Kafka: doc_id 'efa84482-abb7-440e-9521-650981b9e621'
2025-08-07 14:18:59 - classifier - INFO - [Local ML ] Prediction: Lab Report (confidence: 0.504)
2025-08-07 14:18:59 - classifier - INFO - Doc 'efa84482-abb7-440e-9521-650981b9e621' classified as 'lab report' by Local ML boosted (Confidence: 0.7)
2025-08-07 14:18:59 - classifier - INFO - Successfully emitted event for doc_id 'efa84482-abb7-440e-9521-650981b9e621' to 'doc.classified' topic.
2025-08-07 14:23:52 - classifier - INFO - Received new message from Kafka: doc_id '525db141-bad0-4422-8b69-8e121c353cfb'
2025-08-07 14:23:52 - classifier - INFO - [Local ML ] Prediction: Train Ticket (confidence: 0.163)
2025-08-07 14:23:52 - classifier - INFO - Doc '525db141-bad0-4422-8b69-8e121c353cfb' classified as 'train ticket' by Local ML boosted (Confidence: 0.7)
2025-08-07 14:23:52 - classifier - INFO - Successfully emitted event for doc_id '525db141-bad0-4422-8b69-8e121c353cfb' to 'doc.classified' topic.
2025-08-07 14:31:55 - classifier - INFO - Received new message from Kafka: doc_id 'bf0a765e-db3e-4ff0-9708-f2d3eb38f965'
2025-08-07 14:31:56 - classifier - INFO - [Local ML ] Prediction: Invoice (confidence: 0.658)
2025-08-07 14:31:56 - classifier - INFO - Doc 'bf0a765e-db3e-4ff0-9708-f2d3eb38f965' classified as 'invoice' by Local ML boosted (Confidence: 0.7)
2025-08-07 14:31:56 - classifier - INFO - Successfully emitted event for doc_id 'bf0a765e-db3e-4ff0-9708-f2d3eb38f965' to 'doc.classified' topic.
2025-08-07 14:41:55 - classifier - INFO - Received new message from Kafka: doc_id 'bc540516-bedf-4681-91af-f1a0df188f4e'
2025-08-07 14:41:55 - classifier - INFO - [Local ML ] Prediction: Resume (confidence: 0.586)
2025-08-07 14:41:55 - classifier - INFO - Doc 'bc540516-bedf-4681-91af-f1a0df188f4e' classified as 'resume' by Local ML boosted (Confidence: 0.7)
2025-08-07 14:41:56 - classifier - INFO - Successfully emitted event for doc_id 'bc540516-bedf-4681-91af-f1a0df188f4e' to 'doc.classified' topic.
2025-08-07 14:41:56 - classifier - INFO - Received new message from Kafka: doc_id '48d16bd4-1dee-4352-8fb0-960e325e915f'
2025-08-07 14:41:56 - classifier - INFO - [Local ML ] Prediction: Resume (confidence: 0.586)
2025-08-07 14:41:56 - classifier - INFO - Doc '48d16bd4-1dee-4352-8fb0-960e325e915f' classified as 'resume' by Local ML boosted (Confidence: 0.7)
2025-08-07 14:41:56 - classifier - INFO - Successfully emitted event for doc_id '48d16bd4-1dee-4352-8fb0-960e325e915f' to 'doc.classified' topic.
2025-08-07 15:00:17 - classifier - ERROR -  Could not initialize Gemini: GEMINI_API_KEY not found in environment variables.
2025-08-07 15:00:18 - classifier - INFO -  Local ML model and vectorizer loaded successfully.
2025-08-07 15:00:18 - classifier - INFO - Classifier service starting...
2025-08-07 15:00:18 - classifier - INFO - Database connection established
2025-08-07 15:00:18 - classifier - INFO - Successfully connected to Kafka.
2025-08-07 15:00:18 - classifier - INFO - Classifier agent started. Waiting for messages from 'doc.extracted' topic...
2025-08-07 15:12:46 - classifier - ERROR -  Could not initialize Gemini: GEMINI_API_KEY not found in environment variables.
2025-08-07 15:12:47 - classifier - INFO -  Local ML model and vectorizer loaded successfully.
2025-08-07 15:12:47 - classifier - INFO - Classifier service starting...
2025-08-07 15:12:47 - classifier - INFO - Database connection established
2025-08-07 15:12:47 - classifier - INFO - Successfully connected to Kafka.
2025-08-07 15:12:47 - classifier - INFO - Classifier agent started. Waiting for messages from 'doc.extracted' topic...
2025-08-07 15:13:49 - classifier - INFO - Received new message from Kafka: doc_id '43201bee-6357-48bc-ab86-a13ae60bb3b8'
2025-08-07 15:13:49 - classifier - INFO - [Local ML ] Prediction: Technical (confidence: 0.221)
2025-08-07 15:13:49 - classifier - INFO - Doc '43201bee-6357-48bc-ab86-a13ae60bb3b8' classified as 'technical' by Local ML boosted (Confidence: 0.7)
2025-08-07 15:13:49 - classifier - INFO - Successfully emitted event for doc_id '43201bee-6357-48bc-ab86-a13ae60bb3b8' to 'doc.classified' topic.
2025-08-07 15:13:50 - classifier - INFO - Received new message from Kafka: doc_id 'd8cd3189-01d5-46e4-ba2b-c7185aa8ec1f'
2025-08-07 15:13:50 - classifier - INFO - [Local ML ] Prediction: Technical (confidence: 0.221)
2025-08-07 15:13:50 - classifier - INFO - Doc 'd8cd3189-01d5-46e4-ba2b-c7185aa8ec1f' classified as 'technical' by Local ML boosted (Confidence: 0.7)
2025-08-07 15:13:50 - classifier - INFO - Successfully emitted event for doc_id 'd8cd3189-01d5-46e4-ba2b-c7185aa8ec1f' to 'doc.classified' topic.
2025-08-07 15:13:50 - classifier - INFO - Received new message from Kafka: doc_id 'd63813a0-fa97-4421-bfe8-b2769f7476eb'
2025-08-07 15:13:50 - classifier - INFO - [Local ML ] Prediction: Technical (confidence: 0.221)
2025-08-07 15:13:50 - classifier - INFO - Doc 'd63813a0-fa97-4421-bfe8-b2769f7476eb' classified as 'technical' by Local ML boosted (Confidence: 0.7)
2025-08-07 15:13:50 - classifier - INFO - Successfully emitted event for doc_id 'd63813a0-fa97-4421-bfe8-b2769f7476eb' to 'doc.classified' topic.
2025-08-07 15:14:59 - classifier - ERROR -  Could not initialize Gemini: GEMINI_API_KEY not found in environment variables.
2025-08-07 15:15:00 - classifier - INFO -  Local ML model and vectorizer loaded successfully.
2025-08-07 15:15:00 - classifier - INFO - Classifier service starting...
2025-08-07 15:15:00 - classifier - INFO - Database connection established
2025-08-07 15:15:00 - classifier - INFO - Successfully connected to Kafka.
2025-08-07 15:15:00 - classifier - INFO - Classifier agent started. Waiting for messages from 'doc.extracted' topic...
2025-08-07 15:18:25 - classifier - INFO - Received new message from Kafka: doc_id '825083de-55c9-4f5f-a041-abf7374c484d'
2025-08-07 15:18:25 - classifier - INFO - [Local ML ] Prediction: Technical (confidence: 0.221)
2025-08-07 15:18:25 - classifier - INFO - Doc '825083de-55c9-4f5f-a041-abf7374c484d' classified as 'technical' by Local ML boosted (Confidence: 0.7)
2025-08-07 15:18:25 - classifier - INFO - Successfully emitted event for doc_id '825083de-55c9-4f5f-a041-abf7374c484d' to 'doc.classified' topic.
2025-08-07 18:30:52 - classifier - ERROR -  Could not initialize Gemini: GEMINI_API_KEY not found in environment variables.
2025-08-07 18:30:53 - classifier - INFO -  Local ML model and vectorizer loaded successfully.
2025-08-07 18:30:53 - classifier - INFO - Classifier service starting...
2025-08-07 18:30:53 - classifier - INFO - Database connection established
2025-08-07 18:30:53 - classifier - INFO - Successfully connected to Kafka.
2025-08-07 18:30:53 - classifier - INFO - Classifier agent started. Waiting for messages from 'doc.extracted' topic...
2025-08-07 18:31:01 - classifier - INFO - Received new message from Kafka: doc_id '42862a7b-683d-409c-8fed-dd4b4394b926'
2025-08-07 18:31:01 - classifier - INFO - [Local ML ] Prediction: Technical (confidence: 0.221)
2025-08-07 18:31:01 - classifier - INFO - Doc '42862a7b-683d-409c-8fed-dd4b4394b926' classified as 'technical' by Local ML boosted (Confidence: 0.7)
2025-08-07 18:31:01 - classifier - INFO - Successfully emitted event for doc_id '42862a7b-683d-409c-8fed-dd4b4394b926' to 'doc.classified' topic.
2025-08-07 18:32:05 - classifier - ERROR -  Could not initialize Gemini: GEMINI_API_KEY not found in environment variables.
2025-08-07 18:32:06 - classifier - INFO -  Local ML model and vectorizer loaded successfully.
2025-08-07 18:32:06 - classifier - INFO - Classifier service starting...
2025-08-07 18:32:06 - classifier - INFO - Database connection established
2025-08-07 18:32:06 - classifier - INFO - Successfully connected to Kafka.
2025-08-07 18:32:06 - classifier - INFO - Classifier agent started. Waiting for messages from 'doc.extracted' topic...
2025-08-07 18:32:15 - classifier - INFO - Received new message from Kafka: doc_id '057eea32-6540-4262-87fe-70af8c48e08a'
2025-08-07 18:32:15 - classifier - INFO - [Local ML ] Prediction: Technical (confidence: 0.221)
2025-08-07 18:32:15 - classifier - INFO - Doc '057eea32-6540-4262-87fe-70af8c48e08a' classified as 'technical' by Local ML boosted (Confidence: 0.7)
2025-08-07 18:32:15 - classifier - INFO - Successfully emitted event for doc_id '057eea32-6540-4262-87fe-70af8c48e08a' to 'doc.classified' topic.
2025-08-07 18:33:20 - classifier - ERROR -  Could not initialize Gemini: GEMINI_API_KEY not found in environment variables.
2025-08-07 18:33:21 - classifier - INFO -  Local ML model and vectorizer loaded successfully.
2025-08-07 18:33:21 - classifier - INFO - Classifier service starting...
2025-08-07 18:33:22 - classifier - INFO - Database connection established
2025-08-07 18:33:22 - classifier - INFO - Successfully connected to Kafka.
2025-08-07 18:33:22 - classifier - INFO - Classifier agent started. Waiting for messages from 'doc.extracted' topic...
2025-08-07 18:33:41 - classifier - INFO - Received new message from Kafka: doc_id 'cf1f3493-ed5c-4198-9e89-c54ac30a9cd5'
2025-08-07 18:33:41 - classifier - INFO - [Local ML ] Prediction: Technical (confidence: 0.221)
2025-08-07 18:33:41 - classifier - INFO - Doc 'cf1f3493-ed5c-4198-9e89-c54ac30a9cd5' classified as 'technical' by Local ML boosted (Confidence: 0.7)
2025-08-07 18:33:42 - classifier - INFO - Successfully emitted event for doc_id 'cf1f3493-ed5c-4198-9e89-c54ac30a9cd5' to 'doc.classified' topic.
2025-08-07 18:35:21 - classifier - ERROR -  Could not initialize Gemini: GEMINI_API_KEY not found in environment variables.
2025-08-07 18:35:22 - classifier - INFO - Received new message from Kafka: doc_id '86d8b009-902d-4f6e-a007-270615e17866'
2025-08-07 18:35:22 - classifier - INFO - [Local ML ] Prediction: Technical (confidence: 0.221)
2025-08-07 18:35:22 - classifier - INFO - Doc '86d8b009-902d-4f6e-a007-270615e17866' classified as 'technical' by Local ML boosted (Confidence: 0.7)
2025-08-07 18:35:22 - classifier - INFO - Successfully emitted event for doc_id '86d8b009-902d-4f6e-a007-270615e17866' to 'doc.classified' topic.
2025-08-07 18:35:34 - classifier - INFO -  Local ML model and vectorizer loaded successfully.
2025-08-07 18:35:34 - classifier - INFO - Classifier service starting...
2025-08-07 18:35:34 - classifier - INFO - Database connection established
2025-08-07 18:35:34 - classifier - INFO - Successfully connected to Kafka.
2025-08-07 18:35:34 - classifier - INFO - Classifier agent started. Waiting for messages from 'doc.extracted' topic...
2025-08-07 18:36:10 - classifier - ERROR -  Could not initialize Gemini: GEMINI_API_KEY not found in environment variables.
2025-08-07 18:36:11 - classifier - INFO -  Local ML model and vectorizer loaded successfully.
2025-08-07 18:36:11 - classifier - INFO - Classifier service starting...
2025-08-07 18:36:11 - classifier - INFO - Database connection established
2025-08-07 18:36:11 - classifier - INFO - Successfully connected to Kafka.
2025-08-07 18:36:11 - classifier - INFO - Classifier agent started. Waiting for messages from 'doc.extracted' topic...
2025-08-07 18:37:43 - classifier - INFO - Received new message from Kafka: doc_id 'cb34e186-4ef1-408b-bdbe-bd90ebc2e094'
2025-08-07 18:37:43 - classifier - INFO - [Local ML ] Prediction: Technical (confidence: 0.221)
2025-08-07 18:37:43 - classifier - INFO - Doc 'cb34e186-4ef1-408b-bdbe-bd90ebc2e094' classified as 'technical' by Local ML boosted (Confidence: 0.7)
2025-08-07 18:37:43 - classifier - INFO - Successfully emitted event for doc_id 'cb34e186-4ef1-408b-bdbe-bd90ebc2e094' to 'doc.classified' topic.
2025-08-07 18:38:35 - classifier - ERROR -  Could not initialize Gemini: GEMINI_API_KEY not found in environment variables.
2025-08-07 18:38:35 - classifier - INFO -  Local ML model and vectorizer loaded successfully.
2025-08-07 18:38:35 - classifier - INFO - Classifier service starting...
2025-08-07 18:38:36 - classifier - INFO - Database connection established
2025-08-07 18:38:36 - classifier - INFO - Successfully connected to Kafka.
2025-08-07 18:38:36 - classifier - INFO - Classifier agent started. Waiting for messages from 'doc.extracted' topic...
2025-08-07 18:38:55 - classifier - INFO - Received new message from Kafka: doc_id '7535dc64-d72b-4ea8-81fd-9896b3a99f8e'
2025-08-07 18:38:55 - classifier - INFO - [Local ML ] Prediction: Technical (confidence: 0.221)
2025-08-07 18:38:55 - classifier - INFO - Doc '7535dc64-d72b-4ea8-81fd-9896b3a99f8e' classified as 'technical' by Local ML boosted (Confidence: 0.7)
2025-08-07 18:38:55 - classifier - INFO - Successfully emitted event for doc_id '7535dc64-d72b-4ea8-81fd-9896b3a99f8e' to 'doc.classified' topic.
2025-08-07 18:41:40 - classifier - ERROR -  Could not initialize Gemini: GEMINI_API_KEY not found in environment variables.
2025-08-07 18:41:41 - classifier - INFO -  Local ML model and vectorizer loaded successfully.
2025-08-07 18:41:41 - classifier - INFO - Classifier service starting...
2025-08-07 18:41:41 - classifier - INFO - Database connection established
2025-08-07 18:41:41 - classifier - INFO - Successfully connected to Kafka.
2025-08-07 18:41:41 - classifier - INFO - Classifier agent started. Waiting for messages from 'doc.extracted' topic...
2025-08-07 18:42:00 - classifier - INFO - Received new message from Kafka: doc_id '4adc7c52-8f58-4802-8205-b86fa2f5978c'
2025-08-07 18:42:00 - classifier - INFO - [Local ML ] Prediction: Technical (confidence: 0.221)
2025-08-07 18:42:00 - classifier - INFO - Doc '4adc7c52-8f58-4802-8205-b86fa2f5978c' classified as 'technical' by Local ML boosted (Confidence: 0.7)
2025-08-07 18:42:01 - classifier - INFO - Successfully emitted event for doc_id '4adc7c52-8f58-4802-8205-b86fa2f5978c' to 'doc.classified' topic.
2025-08-07 18:48:32 - classifier - ERROR -  Could not initialize Gemini: GEMINI_API_KEY not found in environment variables.
2025-08-07 18:48:33 - classifier - INFO -  Local ML model and vectorizer loaded successfully.
2025-08-07 18:48:33 - classifier - INFO - Classifier service starting...
2025-08-07 18:48:33 - classifier - INFO - Database connection established
2025-08-07 18:48:33 - classifier - INFO - Successfully connected to Kafka.
2025-08-07 18:48:33 - classifier - INFO - Classifier agent started. Waiting for messages from 'doc.extracted' topic...
2025-08-07 18:48:49 - classifier - INFO - Received new message from Kafka: doc_id 'b07324b4-8593-4ba3-95d0-28d63d2cfdf5'
2025-08-07 18:48:49 - classifier - INFO - [Local ML ] Prediction: Technical (confidence: 0.221)
2025-08-07 18:48:49 - classifier - INFO - Doc 'b07324b4-8593-4ba3-95d0-28d63d2cfdf5' classified as 'technical' by Local ML boosted (Confidence: 0.7)
2025-08-07 18:48:49 - classifier - INFO - Successfully emitted event for doc_id 'b07324b4-8593-4ba3-95d0-28d63d2cfdf5' to 'doc.classified' topic.
2025-08-07 18:51:14 - classifier - INFO - Received new message from Kafka: doc_id '5debaa05-0b62-4df6-865a-48e7cf3a823c'
2025-08-07 18:51:14 - classifier - INFO - [Local ML ] Prediction: Resume (confidence: 0.586)
2025-08-07 18:51:14 - classifier - INFO - Doc '5debaa05-0b62-4df6-865a-48e7cf3a823c' classified as 'resume' by Local ML boosted (Confidence: 0.7)
2025-08-07 18:51:14 - classifier - INFO - Successfully emitted event for doc_id '5debaa05-0b62-4df6-865a-48e7cf3a823c' to 'doc.classified' topic.
2025-08-08 09:52:38 - classifier - ERROR -  Could not initialize Gemini: GEMINI_API_KEY not found in environment variables.
2025-08-08 09:52:48 - classifier - INFO -  Local ML model and vectorizer loaded successfully.
2025-08-08 09:52:48 - classifier - INFO - Classifier service starting...
2025-08-08 09:52:48 - classifier - INFO - Database connection established
2025-08-08 09:52:48 - classifier - INFO - Successfully connected to Kafka.
2025-08-08 09:52:48 - classifier - INFO - Classifier agent started. Waiting for messages from 'doc.extracted' topic...
2025-08-08 10:07:39 - classifier - INFO - Received new message from Kafka: doc_id '1d16d476-9dd8-446e-a2f3-5f249cf2add6'
2025-08-08 10:07:39 - classifier - INFO - [Local ML ] Prediction: Marksheet (confidence: 0.255)
2025-08-08 10:07:39 - classifier - INFO - Doc '1d16d476-9dd8-446e-a2f3-5f249cf2add6' classified as 'marksheet' by Local ML boosted (Confidence: 0.7)
2025-08-08 10:07:39 - classifier - INFO - Successfully emitted event for doc_id '1d16d476-9dd8-446e-a2f3-5f249cf2add6' to 'doc.classified' topic.
2025-08-08 10:07:40 - classifier - INFO - Received new message from Kafka: doc_id 'db897f31-6102-4215-8e37-38aa458db5d2'
2025-08-08 10:07:40 - classifier - INFO - [Local ML ] Prediction: Marksheet (confidence: 0.255)
2025-08-08 10:07:40 - classifier - INFO - Doc 'db897f31-6102-4215-8e37-38aa458db5d2' classified as 'marksheet' by Local ML boosted (Confidence: 0.7)
2025-08-08 10:07:40 - classifier - INFO - Successfully emitted event for doc_id 'db897f31-6102-4215-8e37-38aa458db5d2' to 'doc.classified' topic.
2025-08-08 10:27:56 - classifier - ERROR -  Could not initialize Gemini: GEMINI_API_KEY not found in environment variables.
2025-08-08 10:27:57 - classifier - INFO -  Local ML model and vectorizer loaded successfully.
2025-08-08 10:27:57 - classifier - INFO - Classifier service starting...
2025-08-08 10:27:57 - classifier - INFO - Database connection established
2025-08-08 10:27:57 - classifier - INFO - Successfully connected to Kafka.
2025-08-08 10:27:57 - classifier - INFO - Classifier agent started. Waiting for messages from 'doc.extracted' topic...
2025-08-08 10:45:04 - classifier - ERROR -  Could not initialize Gemini: GEMINI_API_KEY not found in environment variables.
2025-08-08 10:45:05 - classifier - INFO -  Local ML model and vectorizer loaded successfully.
2025-08-08 10:45:05 - classifier - INFO - Classifier service starting...
2025-08-08 10:45:05 - classifier - INFO - Database connection established
2025-08-08 10:45:05 - classifier - INFO - Successfully connected to Kafka.
2025-08-08 10:45:05 - classifier - INFO - Classifier agent started. Waiting for messages from 'doc.extracted' topic...
2025-08-08 11:02:04 - classifier - ERROR -  Could not initialize Gemini: GEMINI_API_KEY not found in environment variables.
2025-08-08 11:02:04 - classifier - INFO -  Local ML model and vectorizer loaded successfully.
2025-08-08 11:02:04 - classifier - INFO - Classifier service starting...
2025-08-08 11:02:05 - classifier - INFO - Database connection established
2025-08-08 11:02:05 - classifier - INFO - Successfully connected to Kafka.
2025-08-08 11:02:05 - classifier - INFO - Classifier agent started. Waiting for messages from 'doc.extracted' topic...
2025-08-08 11:05:46 - classifier - INFO - Received new message from Kafka: doc_id '1f2157a0-ed73-4ad6-b076-e76fe46b18a9'
2025-08-08 11:05:46 - classifier - INFO - [Local ML ] Prediction: Resume (confidence: 0.26)
2025-08-08 11:05:46 - classifier - INFO - Doc '1f2157a0-ed73-4ad6-b076-e76fe46b18a9' classified as 'resume' by Local ML boosted (Confidence: 0.7)
2025-08-08 11:05:46 - classifier - INFO - Successfully emitted event for doc_id '1f2157a0-ed73-4ad6-b076-e76fe46b18a9' to 'doc.classified' topic.
2025-08-08 11:27:16 - classifier - ERROR -  Could not initialize Gemini: GEMINI_API_KEY not found in environment variables.
2025-08-08 11:27:17 - classifier - INFO -  Local ML model and vectorizer loaded successfully.
2025-08-08 11:27:17 - classifier - INFO - Classifier service starting...
2025-08-08 11:27:17 - classifier - INFO - Database connection established
2025-08-08 11:27:17 - classifier - INFO - Successfully connected to Kafka.
2025-08-08 11:27:17 - classifier - INFO - Classifier agent started. Waiting for messages from 'doc.extracted' topic...
2025-08-08 11:44:21 - classifier - ERROR -  Could not initialize Gemini: GEMINI_API_KEY not found in environment variables.
2025-08-08 11:44:22 - classifier - INFO -  Local ML model and vectorizer loaded successfully.
2025-08-08 11:44:22 - classifier - INFO - Classifier service starting...
2025-08-08 11:44:22 - classifier - INFO - Database connection established
2025-08-08 11:44:22 - classifier - INFO - Successfully connected to Kafka.
2025-08-08 11:44:22 - classifier - INFO - Classifier agent started. Waiting for messages from 'doc.extracted' topic...
2025-08-08 11:47:45 - classifier - ERROR -  Could not initialize Gemini: GEMINI_API_KEY not found in environment variables.
2025-08-08 11:47:46 - classifier - INFO -  Local ML model and vectorizer loaded successfully.
2025-08-08 11:47:46 - classifier - INFO - Classifier service starting...
2025-08-08 11:47:46 - classifier - INFO - Database connection established
2025-08-08 11:47:46 - classifier - INFO - Successfully connected to Kafka.
2025-08-08 11:47:46 - classifier - INFO - Classifier agent started. Waiting for messages from 'doc.extracted' topic...
2025-08-08 11:48:58 - classifier - INFO - Received new message from Kafka: doc_id 'b2625dbb-c82b-4f44-a660-3fab4399c68e'
2025-08-08 11:48:58 - classifier - INFO - [Local ML ] Prediction: Marksheet (confidence: 0.759)
2025-08-08 11:48:58 - classifier - INFO - Doc 'b2625dbb-c82b-4f44-a660-3fab4399c68e' classified as 'marksheet' by Local ML boosted (Confidence: 0.76)
2025-08-08 11:48:58 - classifier - INFO - Successfully emitted event for doc_id 'b2625dbb-c82b-4f44-a660-3fab4399c68e' to 'doc.classified' topic.
2025-08-08 11:49:56 - classifier - INFO - Received new message from Kafka: doc_id '031220ac-955b-4d3e-b3b2-9ad968552154'
2025-08-08 11:49:56 - classifier - INFO - [Local ML ] Prediction: Resume (confidence: 0.586)
2025-08-08 11:49:56 - classifier - INFO - Doc '031220ac-955b-4d3e-b3b2-9ad968552154' classified as 'resume' by Local ML boosted (Confidence: 0.7)
2025-08-08 11:49:56 - classifier - INFO - Successfully emitted event for doc_id '031220ac-955b-4d3e-b3b2-9ad968552154' to 'doc.classified' topic.
2025-08-08 11:49:57 - classifier - INFO - Received new message from Kafka: doc_id 'c78c7d39-674b-496c-a03b-de5082f7fa88'
2025-08-08 11:49:57 - classifier - INFO - [Local ML ] Prediction: Resume (confidence: 0.586)
2025-08-08 11:49:57 - classifier - INFO - Doc 'c78c7d39-674b-496c-a03b-de5082f7fa88' classified as 'resume' by Local ML boosted (Confidence: 0.7)
2025-08-08 11:49:57 - classifier - INFO - Successfully emitted event for doc_id 'c78c7d39-674b-496c-a03b-de5082f7fa88' to 'doc.classified' topic.
2025-08-08 11:57:57 - classifier - ERROR -  Could not initialize Gemini: GEMINI_API_KEY not found in environment variables.
2025-08-08 11:57:59 - classifier - INFO -  Local ML model and vectorizer loaded successfully.
2025-08-08 11:57:59 - classifier - INFO - Classifier service starting...
2025-08-08 11:57:59 - classifier - INFO - Database connection established
2025-08-08 11:57:59 - classifier - INFO - Successfully connected to Kafka.
2025-08-08 11:57:59 - classifier - INFO - Classifier agent started. Waiting for messages from 'doc.extracted' topic...
2025-08-08 12:03:52 - classifier - INFO - Received new message from Kafka: doc_id 'ab5c8f18-19b7-4d1b-8b1d-c760706c9c02'
2025-08-08 12:03:52 - classifier - INFO - [Local ML ] Prediction: Technical (confidence: 0.302)
2025-08-08 12:03:52 - classifier - INFO - Doc 'ab5c8f18-19b7-4d1b-8b1d-c760706c9c02' classified as 'technical' by Local ML boosted (Confidence: 0.7)
2025-08-08 12:03:52 - classifier - INFO - Successfully emitted event for doc_id 'ab5c8f18-19b7-4d1b-8b1d-c760706c9c02' to 'doc.classified' topic.
2025-08-08 12:23:53 - classifier - INFO - Received new message from Kafka: doc_id '05355129-9596-4403-9e0e-d0ec62db6d1a'
2025-08-08 12:23:53 - classifier - INFO - [Local ML ] Prediction: Train Ticket (confidence: 0.163)
2025-08-08 12:23:53 - classifier - INFO - Doc '05355129-9596-4403-9e0e-d0ec62db6d1a' classified as 'train ticket' by Local ML boosted (Confidence: 0.7)
2025-08-08 12:23:53 - classifier - INFO - Successfully emitted event for doc_id '05355129-9596-4403-9e0e-d0ec62db6d1a' to 'doc.classified' topic.
2025-08-08 12:23:53 - classifier - INFO - Received new message from Kafka: doc_id 'c13760d7-9715-45c8-9bd7-05846e70e9d2'
2025-08-08 12:23:53 - classifier - INFO - [Local ML ] Prediction: Invoice (confidence: 0.658)
2025-08-08 12:23:53 - classifier - INFO - Doc 'c13760d7-9715-45c8-9bd7-05846e70e9d2' classified as 'invoice' by Local ML boosted (Confidence: 0.7)
2025-08-08 12:23:54 - classifier - INFO - Successfully emitted event for doc_id 'c13760d7-9715-45c8-9bd7-05846e70e9d2' to 'doc.classified' topic.
2025-08-08 12:25:28 - classifier - INFO - Received new message from Kafka: doc_id 'e3f25ca1-334a-48c1-bcc9-d9d649944232'
2025-08-08 12:25:28 - classifier - INFO - [Local ML ] Prediction: Prescription (confidence: 0.124)
2025-08-08 12:25:28 - classifier - INFO - Doc 'e3f25ca1-334a-48c1-bcc9-d9d649944232' classified as 'prescription' by Local ML boosted (Confidence: 0.7)
2025-08-08 12:25:28 - classifier - INFO - Successfully emitted event for doc_id 'e3f25ca1-334a-48c1-bcc9-d9d649944232' to 'doc.classified' topic.
2025-08-08 12:25:29 - classifier - INFO - Received new message from Kafka: doc_id '7b5be3ea-a8a7-4fbc-bd44-094469dc8bc9'
2025-08-08 12:25:29 - classifier - INFO - [Local ML ] Prediction: Prescription (confidence: 0.117)
2025-08-08 12:25:29 - classifier - INFO - Doc '7b5be3ea-a8a7-4fbc-bd44-094469dc8bc9' classified as 'prescription' by Local ML boosted (Confidence: 0.7)
2025-08-08 12:25:29 - classifier - INFO - Successfully emitted event for doc_id '7b5be3ea-a8a7-4fbc-bd44-094469dc8bc9' to 'doc.classified' topic.
2025-08-08 12:25:30 - classifier - INFO - Received new message from Kafka: doc_id '4bf812f1-c6b5-43f2-a639-916076efc798'
2025-08-08 12:25:30 - classifier - INFO - [Local ML ] Prediction: Brochure (confidence: 0.155)
2025-08-08 12:25:30 - classifier - INFO - Doc '4bf812f1-c6b5-43f2-a639-916076efc798' classified as 'brochure' by Local ML boosted (Confidence: 0.7)
2025-08-08 12:25:30 - classifier - INFO - Successfully emitted event for doc_id '4bf812f1-c6b5-43f2-a639-916076efc798' to 'doc.classified' topic.
2025-08-08 12:25:31 - classifier - INFO - Received new message from Kafka: doc_id 'a69d3c54-11e4-4554-bbb5-8d3c91e2011b'
2025-08-08 12:25:31 - classifier - INFO - [Local ML ] Prediction: Technical (confidence: 0.111)
2025-08-08 12:25:31 - classifier - INFO - Doc 'a69d3c54-11e4-4554-bbb5-8d3c91e2011b' classified as 'technical' by Local ML boosted (Confidence: 0.7)
2025-08-08 12:25:31 - classifier - INFO - Successfully emitted event for doc_id 'a69d3c54-11e4-4554-bbb5-8d3c91e2011b' to 'doc.classified' topic.
2025-08-08 12:25:33 - classifier - INFO - Received new message from Kafka: doc_id '8ad58e61-52e5-4f35-b555-17dd5923b30a'
2025-08-08 12:25:33 - classifier - INFO - [Local ML ] Prediction: Resume (confidence: 0.247)
2025-08-08 12:25:33 - classifier - INFO - Doc '8ad58e61-52e5-4f35-b555-17dd5923b30a' classified as 'resume' by Local ML boosted (Confidence: 0.7)
2025-08-08 12:25:33 - classifier - INFO - Successfully emitted event for doc_id '8ad58e61-52e5-4f35-b555-17dd5923b30a' to 'doc.classified' topic.
2025-08-08 12:25:39 - classifier - INFO - Received new message from Kafka: doc_id '17f7c1f8-a90f-40af-ae85-822b4ebbac4d'
2025-08-08 12:25:39 - classifier - INFO - [Local ML ] Prediction: Business Pitch Deck (confidence: 0.195)
2025-08-08 12:25:39 - classifier - INFO - Doc '17f7c1f8-a90f-40af-ae85-822b4ebbac4d' classified as 'business pitch deck' by Local ML boosted (Confidence: 0.7)
2025-08-08 12:25:39 - classifier - INFO - Successfully emitted event for doc_id '17f7c1f8-a90f-40af-ae85-822b4ebbac4d' to 'doc.classified' topic.
2025-08-08 12:25:39 - classifier - INFO - Received new message from Kafka: doc_id '43860923-890e-4f6e-b718-5eb92581984c'
2025-08-08 12:25:39 - classifier - INFO - [Local ML ] Prediction: Advertisement (confidence: 0.127)
2025-08-08 12:25:39 - classifier - INFO - Doc '43860923-890e-4f6e-b718-5eb92581984c' classified as 'advertisement' by Local ML boosted (Confidence: 0.7)
2025-08-08 12:25:40 - classifier - INFO - Successfully emitted event for doc_id '43860923-890e-4f6e-b718-5eb92581984c' to 'doc.classified' topic.
2025-08-08 12:25:40 - classifier - INFO - Received new message from Kafka: doc_id 'b2a3dd36-e1ff-41f3-93a6-91b654c72550'
2025-08-08 12:25:40 - classifier - INFO - [Local ML ] Prediction: Resume (confidence: 0.253)
2025-08-08 12:25:40 - classifier - INFO - Doc 'b2a3dd36-e1ff-41f3-93a6-91b654c72550' classified as 'resume' by Local ML boosted (Confidence: 0.7)
2025-08-08 12:25:41 - classifier - INFO - Successfully emitted event for doc_id 'b2a3dd36-e1ff-41f3-93a6-91b654c72550' to 'doc.classified' topic.
2025-08-08 12:25:41 - classifier - INFO - Received new message from Kafka: doc_id 'da28e28c-dd1b-405f-b69a-c33c42f5f06d'
2025-08-08 12:25:41 - classifier - INFO - [Local ML ] Prediction: Brochure (confidence: 0.161)
2025-08-08 12:25:41 - classifier - INFO - Doc 'da28e28c-dd1b-405f-b69a-c33c42f5f06d' classified as 'brochure' by Local ML boosted (Confidence: 0.7)
2025-08-08 12:25:41 - classifier - INFO - Successfully emitted event for doc_id 'da28e28c-dd1b-405f-b69a-c33c42f5f06d' to 'doc.classified' topic.
2025-08-08 12:25:42 - classifier - INFO - Received new message from Kafka: doc_id '71184a4d-ae83-46d8-866b-39ed37909eb1'
2025-08-08 12:25:42 - classifier - INFO - [Local ML ] Prediction: Prescription (confidence: 0.127)
2025-08-08 12:25:42 - classifier - INFO - Doc '71184a4d-ae83-46d8-866b-39ed37909eb1' classified as 'prescription' by Local ML boosted (Confidence: 0.7)
2025-08-08 12:25:42 - classifier - INFO - Successfully emitted event for doc_id '71184a4d-ae83-46d8-866b-39ed37909eb1' to 'doc.classified' topic.
2025-08-08 12:25:42 - classifier - INFO - Received new message from Kafka: doc_id '67c5b855-4972-48ce-8789-101d503299a3'
2025-08-08 12:25:42 - classifier - INFO - [Local ML ] Prediction: Prescription (confidence: 0.122)
2025-08-08 12:25:42 - classifier - INFO - Doc '67c5b855-4972-48ce-8789-101d503299a3' classified as 'prescription' by Local ML boosted (Confidence: 0.7)
2025-08-08 12:25:42 - classifier - INFO - Successfully emitted event for doc_id '67c5b855-4972-48ce-8789-101d503299a3' to 'doc.classified' topic.
2025-08-08 12:25:43 - classifier - INFO - Received new message from Kafka: doc_id '0553f2e5-2092-468b-9aa7-6d50b13bd13b'
2025-08-08 12:25:43 - classifier - INFO - [Local ML ] Prediction: Prescription (confidence: 0.116)
2025-08-08 12:25:43 - classifier - INFO - Doc '0553f2e5-2092-468b-9aa7-6d50b13bd13b' classified as 'prescription' by Local ML boosted (Confidence: 0.7)
2025-08-08 12:25:43 - classifier - INFO - Successfully emitted event for doc_id '0553f2e5-2092-468b-9aa7-6d50b13bd13b' to 'doc.classified' topic.
2025-08-08 12:25:43 - classifier - INFO - Received new message from Kafka: doc_id 'd5c10023-aba7-40a3-8e5f-99e792bd37d1'
2025-08-08 12:25:44 - classifier - INFO - [Local ML ] Prediction: Prescription (confidence: 0.12)
2025-08-08 12:25:44 - classifier - INFO - Doc 'd5c10023-aba7-40a3-8e5f-99e792bd37d1' classified as 'prescription' by Local ML boosted (Confidence: 0.7)
2025-08-08 12:25:44 - classifier - INFO - Successfully emitted event for doc_id 'd5c10023-aba7-40a3-8e5f-99e792bd37d1' to 'doc.classified' topic.
2025-08-08 12:25:44 - classifier - INFO - Received new message from Kafka: doc_id '7b58588c-855b-4f07-9793-57d5ee653d75'
2025-08-08 12:25:44 - classifier - INFO - [Local ML ] Prediction: Brochure (confidence: 0.125)
2025-08-08 12:25:44 - classifier - INFO - Doc '7b58588c-855b-4f07-9793-57d5ee653d75' classified as 'brochure' by Local ML boosted (Confidence: 0.7)
2025-08-08 12:25:44 - classifier - INFO - Successfully emitted event for doc_id '7b58588c-855b-4f07-9793-57d5ee653d75' to 'doc.classified' topic.
2025-08-08 12:25:45 - classifier - INFO - Received new message from Kafka: doc_id '2d815132-8816-48a2-a5a9-88e11781bab8'
2025-08-08 12:25:45 - classifier - INFO - [Local ML ] Prediction: Resume (confidence: 0.283)
2025-08-08 12:25:45 - classifier - INFO - Doc '2d815132-8816-48a2-a5a9-88e11781bab8' classified as 'resume' by Local ML boosted (Confidence: 0.7)
2025-08-08 12:25:46 - classifier - INFO - Successfully emitted event for doc_id '2d815132-8816-48a2-a5a9-88e11781bab8' to 'doc.classified' topic.
2025-08-08 12:25:46 - classifier - INFO - Received new message from Kafka: doc_id '53288d2d-e7eb-4ef8-b3b0-72177740cf14'
2025-08-08 12:25:46 - classifier - INFO - [Local ML ] Prediction: Resume (confidence: 0.241)
2025-08-08 12:25:46 - classifier - INFO - Doc '53288d2d-e7eb-4ef8-b3b0-72177740cf14' classified as 'resume' by Local ML boosted (Confidence: 0.7)
2025-08-08 12:25:46 - classifier - INFO - Successfully emitted event for doc_id '53288d2d-e7eb-4ef8-b3b0-72177740cf14' to 'doc.classified' topic.
2025-08-08 12:25:48 - classifier - INFO - Received new message from Kafka: doc_id '44e1fad0-5272-47e0-85a2-6000d41287a1'
2025-08-08 12:25:48 - classifier - INFO - [Local ML ] Prediction: Resume (confidence: 0.218)
2025-08-08 12:25:48 - classifier - INFO - Doc '44e1fad0-5272-47e0-85a2-6000d41287a1' classified as 'resume' by Local ML boosted (Confidence: 0.7)
2025-08-08 12:25:48 - classifier - INFO - Successfully emitted event for doc_id '44e1fad0-5272-47e0-85a2-6000d41287a1' to 'doc.classified' topic.
2025-08-08 12:25:48 - classifier - INFO - Received new message from Kafka: doc_id '56ee91ff-a41f-438b-bc5f-347fd0adcee5'
2025-08-08 12:25:49 - classifier - INFO - [Local ML ] Prediction: Resume (confidence: 0.255)
2025-08-08 12:25:49 - classifier - INFO - Doc '56ee91ff-a41f-438b-bc5f-347fd0adcee5' classified as 'resume' by Local ML boosted (Confidence: 0.7)
2025-08-08 12:25:49 - classifier - INFO - Successfully emitted event for doc_id '56ee91ff-a41f-438b-bc5f-347fd0adcee5' to 'doc.classified' topic.
2025-08-08 12:25:50 - classifier - INFO - Received new message from Kafka: doc_id 'fc331f03-3d01-45e3-b5cf-f269d6d52a1e'
2025-08-08 12:25:50 - classifier - INFO - [Local ML ] Prediction: Resume (confidence: 0.182)
2025-08-08 12:25:50 - classifier - INFO - Doc 'fc331f03-3d01-45e3-b5cf-f269d6d52a1e' classified as 'resume' by Local ML boosted (Confidence: 0.7)
2025-08-08 12:25:50 - classifier - INFO - Successfully emitted event for doc_id 'fc331f03-3d01-45e3-b5cf-f269d6d52a1e' to 'doc.classified' topic.
2025-08-08 12:25:51 - classifier - INFO - Received new message from Kafka: doc_id 'da2fd9e9-405c-4f95-806e-6b7e8767eda5'
2025-08-08 12:25:51 - classifier - INFO - [Local ML ] Prediction: Resume (confidence: 0.196)
2025-08-08 12:25:51 - classifier - INFO - Doc 'da2fd9e9-405c-4f95-806e-6b7e8767eda5' classified as 'resume' by Local ML boosted (Confidence: 0.7)
2025-08-08 12:25:51 - classifier - INFO - Successfully emitted event for doc_id 'da2fd9e9-405c-4f95-806e-6b7e8767eda5' to 'doc.classified' topic.
2025-08-08 12:25:52 - classifier - INFO - Received new message from Kafka: doc_id '4c1294ca-7788-4345-9d6a-2ebcb3bcaec3'
2025-08-08 12:25:52 - classifier - INFO - [Local ML ] Prediction: Resume (confidence: 0.275)
2025-08-08 12:25:52 - classifier - INFO - Doc '4c1294ca-7788-4345-9d6a-2ebcb3bcaec3' classified as 'resume' by Local ML boosted (Confidence: 0.7)
2025-08-08 12:25:52 - classifier - INFO - Successfully emitted event for doc_id '4c1294ca-7788-4345-9d6a-2ebcb3bcaec3' to 'doc.classified' topic.
2025-08-08 12:25:53 - classifier - INFO - Received new message from Kafka: doc_id 'c200e695-ae28-4eaa-b954-80e3b0a4dfa5'
2025-08-08 12:25:53 - classifier - INFO - [Local ML ] Prediction: Prescription (confidence: 0.122)
2025-08-08 12:25:53 - classifier - INFO - Doc 'c200e695-ae28-4eaa-b954-80e3b0a4dfa5' classified as 'prescription' by Local ML boosted (Confidence: 0.7)
2025-08-08 12:25:53 - classifier - INFO - Successfully emitted event for doc_id 'c200e695-ae28-4eaa-b954-80e3b0a4dfa5' to 'doc.classified' topic.
2025-08-08 12:25:53 - classifier - INFO - Received new message from Kafka: doc_id '3e65d0a3-bc96-433c-ac9b-45d9e7c5df31'
2025-08-08 12:25:53 - classifier - INFO - [Local ML ] Prediction: Prescription (confidence: 0.117)
2025-08-08 12:25:53 - classifier - INFO - Doc '3e65d0a3-bc96-433c-ac9b-45d9e7c5df31' classified as 'prescription' by Local ML boosted (Confidence: 0.7)
2025-08-08 12:25:53 - classifier - INFO - Successfully emitted event for doc_id '3e65d0a3-bc96-433c-ac9b-45d9e7c5df31' to 'doc.classified' topic.
2025-08-08 12:38:29 - classifier - ERROR -  Could not initialize Gemini: GEMINI_API_KEY not found in environment variables.
2025-08-08 12:38:30 - classifier - INFO -  Local ML model and vectorizer loaded successfully.
2025-08-08 12:38:30 - classifier - INFO - Classifier service starting...
2025-08-08 12:38:31 - classifier - INFO - Database connection established
2025-08-08 12:38:31 - classifier - INFO - Successfully connected to Kafka.
2025-08-08 12:38:31 - classifier - INFO - Classifier agent started. Waiting for messages from 'doc.extracted' topic...
2025-08-08 12:41:46 - classifier - ERROR -  Could not initialize Gemini: GEMINI_API_KEY not found in environment variables.
2025-08-08 12:41:47 - classifier - INFO -  Local ML model and vectorizer loaded successfully.
2025-08-08 12:41:47 - classifier - INFO - Classifier service starting...
2025-08-08 12:41:47 - classifier - INFO - Database connection established
2025-08-08 12:41:47 - classifier - INFO - Successfully connected to Kafka.
2025-08-08 12:41:47 - classifier - INFO - Classifier agent started. Waiting for messages from 'doc.extracted' topic...
2025-08-08 12:53:40 - classifier - ERROR -  Could not initialize Gemini: GEMINI_API_KEY not found in environment variables.
2025-08-08 12:53:45 - classifier - INFO -  Local ML model and vectorizer loaded successfully.
2025-08-08 12:53:45 - classifier - INFO - Classifier service starting...
2025-08-08 12:53:45 - classifier - INFO - Database connection established
2025-08-08 12:53:45 - classifier - INFO - Successfully connected to Kafka.
2025-08-08 12:53:45 - classifier - INFO - Classifier agent started. Waiting for messages from 'doc.extracted' topic...
2025-08-08 12:56:27 - classifier - ERROR -  Could not initialize Gemini: GEMINI_API_KEY not found in environment variables.
2025-08-08 12:56:28 - classifier - INFO -  Local ML model and vectorizer loaded successfully.
2025-08-08 12:56:28 - classifier - INFO - Classifier service starting...
2025-08-08 12:56:28 - classifier - INFO - Database connection established
2025-08-08 12:56:28 - classifier - INFO - Successfully connected to Kafka.
2025-08-08 12:56:28 - classifier - INFO - Classifier agent started. Waiting for messages from 'doc.extracted' topic...
2025-08-08 13:56:35 - classifier - ERROR -  Could not initialize Gemini: GEMINI_API_KEY not found in environment variables.
2025-08-08 13:56:45 - classifier - INFO -  Local ML model and vectorizer loaded successfully.
2025-08-08 13:56:45 - classifier - INFO - Classifier service starting...
2025-08-08 13:56:45 - classifier - INFO - Database connection established
2025-08-08 13:56:45 - classifier - INFO - Successfully connected to Kafka.
2025-08-08 13:56:45 - classifier - INFO - Classifier agent started. Waiting for messages from 'doc.extracted' topic...
2025-08-08 14:21:55 - classifier - ERROR -  Could not initialize Gemini: GEMINI_API_KEY not found in environment variables.
2025-08-08 14:21:57 - classifier - INFO -  Local ML model and vectorizer loaded successfully.
2025-08-08 14:21:57 - classifier - INFO - Classifier service starting...
2025-08-08 14:21:57 - classifier - INFO - Database connection established
2025-08-08 14:21:57 - classifier - INFO - Successfully connected to Kafka.
2025-08-08 14:21:57 - classifier - INFO - Classifier agent started. Waiting for messages from 'doc.extracted' topic...
2025-08-08 15:18:14 - classifier - ERROR -  Could not initialize Gemini: GEMINI_API_KEY not found in environment variables.
2025-08-08 15:18:16 - classifier - INFO -  Local ML model and vectorizer loaded successfully.
2025-08-08 15:18:16 - classifier - INFO - Classifier service starting...
2025-08-08 15:18:16 - classifier - INFO - Database connection established
2025-08-08 15:18:16 - classifier - INFO - Successfully connected to Kafka.
2025-08-08 15:18:16 - classifier - INFO - Classifier agent started. Waiting for messages from 'doc.extracted' topic...
2025-08-08 15:38:51 - classifier - ERROR -  Could not initialize Gemini: GEMINI_API_KEY not found in environment variables.
2025-08-08 15:38:53 - classifier - INFO -  Local ML model and vectorizer loaded successfully.
2025-08-08 15:38:53 - classifier - INFO - Classifier service starting...
2025-08-08 15:38:53 - classifier - INFO - Database connection established
2025-08-08 15:38:53 - classifier - INFO - Successfully connected to Kafka.
2025-08-08 15:38:53 - classifier - INFO - Classifier agent started. Waiting for messages from 'doc.extracted' topic...
2025-08-08 15:42:19 - classifier - ERROR -  Could not initialize Gemini: GEMINI_API_KEY not found in environment variables.
2025-08-08 15:42:20 - classifier - INFO -  Local ML model and vectorizer loaded successfully.
2025-08-08 15:42:20 - classifier - INFO - Classifier service starting...
2025-08-08 15:42:20 - classifier - INFO - Database connection established
2025-08-08 15:42:20 - classifier - INFO - Successfully connected to Kafka.
2025-08-08 15:42:20 - classifier - INFO - Classifier agent started. Waiting for messages from 'doc.extracted' topic...
