2025-08-04 13:06:02 - extractor - INFO - Extractor service starting...
2025-08-04 13:06:02 - extractor - INFO - Successfully connected to Kafka.
2025-08-04 13:06:02 - extractor - INFO - Extractor agent started. Waiting for messages from 'doc.ingested' topic...
2025-08-04 13:06:05 - extractor - INFO - Received new message from Kafka: doc_id '82e16d83-82df-4524-aa4d-0fefe15551d7' for doc_name 'MUGUNTHAN_S.pdf'
2025-08-04 13:06:05 - extractor - ERROR - File not found at path 'D:\Langs\Team_Docs\Local working prototype\Document-Ingestion-and-Classification\Backend\ingestor\folder\MUGUNTHAN_S.pdf' for doc_id '82e16d83-82df-4524-aa4d-0fefe15551d7'. Skipping.
2025-08-04 13:06:05 - extractor - INFO - Received new message from Kafka: doc_id '0d74a2d2-5373-4fde-bb2a-bab515417369' for doc_name 'MUGUNTHAN_S.pdf'
2025-08-04 13:06:05 - extractor - ERROR - File not found at path 'D:\Langs\Team_Docs\Local working prototype\Document-Ingestion-and-Classification\Backend\ingestor\folder\MUGUNTHAN_S.pdf' for doc_id '0d74a2d2-5373-4fde-bb2a-bab515417369'. Skipping.
2025-08-04 13:06:05 - extractor - INFO - Received new message from Kafka: doc_id 'ada141fc-9a16-4d31-86ae-7c8ec1f440e8' for doc_name 'sample-invoice.pdf'
2025-08-04 13:06:05 - extractor - INFO - Attempting to extract text from 'sample-invoice.pdf' (type: .pdf)
2025-08-04 13:06:05 - extractor - INFO - Successfully extracted text from 'sample-invoice.pdf'.
2025-08-04 13:06:05 - extractor - INFO - Successfully emitted event for doc_id 'ada141fc-9a16-4d31-86ae-7c8ec1f440e8' to 'doc.extracted' topic.
2025-08-04 13:07:09 - extractor - INFO - Received new message from Kafka: doc_id '0a177075-6529-479a-b3d2-fd06d733f330' for doc_name 'sample-invoice.pdf'
2025-08-04 13:07:09 - extractor - INFO - Attempting to extract text from 'sample-invoice.pdf' (type: .pdf)
2025-08-04 13:07:09 - extractor - INFO - Successfully extracted text from 'sample-invoice.pdf'.
2025-08-04 13:07:09 - extractor - INFO - Successfully emitted event for doc_id '0a177075-6529-479a-b3d2-fd06d733f330' to 'doc.extracted' topic.
2025-08-04 13:46:50 - extractor - INFO - Extractor service starting...
2025-08-04 13:46:50 - extractor - INFO - Successfully connected to Kafka.
2025-08-04 13:46:50 - extractor - INFO - Extractor agent started. Waiting for messages from 'doc.ingested' topic...
2025-08-04 13:47:15 - extractor - INFO - Received new message from Kafka: doc_id 'fc6ee5c6-88af-46a5-8782-7d1f834fcee7' for doc_name 'NEW_RESUME.pdf'
2025-08-04 13:47:15 - extractor - INFO - Attempting to extract text from 'NEW_RESUME.pdf' (type: .pdf)
2025-08-04 13:47:15 - extractor - INFO - Successfully extracted text from 'NEW_RESUME.pdf'.
2025-08-04 13:47:15 - extractor - INFO - Successfully emitted event for doc_id 'fc6ee5c6-88af-46a5-8782-7d1f834fcee7' to 'doc.extracted' topic.
2025-08-04 13:52:45 - extractor - INFO - Extractor service starting...
2025-08-04 13:52:45 - extractor - INFO - Successfully connected to Kafka.
2025-08-04 13:52:45 - extractor - INFO - Extractor agent started. Waiting for messages from 'doc.ingested' topic...
2025-08-04 13:53:28 - extractor - INFO - Extractor service starting...
2025-08-04 13:53:28 - extractor - INFO - Successfully connected to Kafka.
2025-08-04 13:53:28 - extractor - INFO - Extractor agent started. Waiting for messages from 'doc.ingested' topic...
2025-08-04 13:53:46 - extractor - INFO - Received new message from Kafka: doc_id '9294d360-e21e-4178-9619-e1a7e1707d22' for doc_name 'NEW_RESUME.pdf'
2025-08-04 13:53:46 - extractor - INFO - Attempting to extract text from 'NEW_RESUME.pdf' (type: .pdf)
2025-08-04 13:53:46 - extractor - INFO - Successfully extracted text from 'NEW_RESUME.pdf'.
2025-08-04 13:53:46 - extractor - INFO - Successfully emitted event for doc_id '9294d360-e21e-4178-9619-e1a7e1707d22' to 'doc.extracted' topic.
2025-08-04 13:54:20 - extractor - INFO - Received new message from Kafka: doc_id 'b9ffea8d-bb50-4b2c-ac25-ac35f0ef1229' for doc_name 'NEW_RESUME.pdf'
2025-08-04 13:54:20 - extractor - INFO - Attempting to extract text from 'NEW_RESUME.pdf' (type: .pdf)
2025-08-04 13:54:20 - extractor - INFO - Successfully extracted text from 'NEW_RESUME.pdf'.
2025-08-04 13:54:20 - extractor - INFO - Successfully emitted event for doc_id 'b9ffea8d-bb50-4b2c-ac25-ac35f0ef1229' to 'doc.extracted' topic.
2025-08-04 13:54:29 - extractor - INFO - Received new message from Kafka: doc_id '9f42dfd0-fa96-4032-ad38-181bf49dcfb8' for doc_name 'MUGUNTHAN_S.pdf'
2025-08-04 13:54:29 - extractor - INFO - Attempting to extract text from 'MUGUNTHAN_S.pdf' (type: .pdf)
2025-08-04 13:54:31 - extractor - INFO - Successfully extracted text from 'MUGUNTHAN_S.pdf'.
2025-08-04 13:54:31 - extractor - INFO - Successfully emitted event for doc_id '9f42dfd0-fa96-4032-ad38-181bf49dcfb8' to 'doc.extracted' topic.
2025-08-04 14:02:58 - extractor - INFO - Extractor service starting...
2025-08-04 14:02:58 - extractor - INFO - Successfully connected to Kafka.
2025-08-04 14:02:58 - extractor - INFO - Extractor agent started. Waiting for messages from 'doc.ingested' topic...
2025-08-04 14:03:08 - extractor - INFO - Received new message from Kafka: doc_id '8c85a93f-c814-4828-879e-bcff2aefd895' for doc_name 'MUGUNTHAN_S.pdf'
2025-08-04 14:03:08 - extractor - INFO - Attempting to extract text from 'MUGUNTHAN_S.pdf' (type: .pdf)
2025-08-04 14:03:09 - extractor - INFO - Successfully extracted text from 'MUGUNTHAN_S.pdf'.
2025-08-04 14:03:09 - extractor - INFO - Successfully emitted event for doc_id '8c85a93f-c814-4828-879e-bcff2aefd895' to 'doc.extracted' topic.
2025-08-04 14:24:06 - extractor - INFO - Extractor service starting...
2025-08-04 14:24:06 - extractor - INFO - Successfully connected to Kafka.
2025-08-04 14:24:06 - extractor - INFO - Extractor agent started. Waiting for messages from 'doc.ingested' topic...
2025-08-04 18:37:55 - extractor - INFO - Extractor service starting...
2025-08-04 18:37:55 - extractor - INFO - Successfully connected to Kafka.
2025-08-04 18:37:55 - extractor - INFO - Extractor agent started. Waiting for messages from 'doc.ingested' topic...
2025-08-04 18:40:39 - extractor - INFO - Extractor service starting...
2025-08-04 18:40:39 - extractor - INFO - Successfully connected to Kafka.
2025-08-04 18:40:39 - extractor - INFO - Extractor agent started. Waiting for messages from 'doc.ingested' topic...
2025-08-04 18:43:41 - extractor - INFO - Extractor service starting...
2025-08-04 18:43:41 - extractor - INFO - Successfully connected to Kafka.
2025-08-04 18:43:41 - extractor - INFO - Extractor agent started. Waiting for messages from 'doc.ingested' topic...
2025-08-04 18:44:09 - extractor - INFO - Extractor service starting...
2025-08-04 18:44:09 - extractor - INFO - Successfully connected to Kafka.
2025-08-04 18:44:09 - extractor - INFO - Extractor agent started. Waiting for messages from 'doc.ingested' topic...
2025-08-04 18:46:59 - extractor - INFO - Extractor service starting...
2025-08-04 18:46:59 - extractor - INFO - Successfully connected to Kafka.
2025-08-04 18:46:59 - extractor - INFO - Extractor agent started. Waiting for messages from 'doc.ingested' topic...
2025-08-04 18:47:03 - extractor - INFO - Received new message from Kafka: doc_id '79f497a3-db39-40ea-9e76-c9ddfe69f656' for doc_name 'IMG_2695.png'
2025-08-04 18:47:03 - extractor - INFO - Attempting to extract text from 'IMG_2695.png' (type: .png)
2025-08-04 18:47:03 - extractor - ERROR - Failed to extract text from D:\Langs\Team_Docs\Local working prototype\Document-Ingestion-and-Classification\Backend\ingestor\uploads\IMG_2695.png
Traceback (most recent call last):
  File "D:\Langs\Team_Docs\Local working prototype\Document-Ingestion-and-Classification\Backend\venv\Lib\site-packages\pytesseract\pytesseract.py", line 275, in run_tesseract
    proc = subprocess.Popen(cmd_args, **subprocess_args())
           ^^^^^^^^^^^^^^^^^^^^^^^^^^^^^^^^^^^^^^^^^^^^^^^
  File "C:\Users\Naveenkumar\AppData\Local\Programs\Python\Python312\Lib\subprocess.py", line 1026, in __init__
    self._execute_child(args, executable, preexec_fn, close_fds,
  File "C:\Users\Naveenkumar\AppData\Local\Programs\Python\Python312\Lib\subprocess.py", line 1538, in _execute_child
    hp, ht, pid, tid = _winapi.CreateProcess(executable, args,
                       ^^^^^^^^^^^^^^^^^^^^^^^^^^^^^^^^^^^^^^^
FileNotFoundError: [WinError 2] The system cannot find the file specified

During handling of the above exception, another exception occurred:

Traceback (most recent call last):
  File "D:\Langs\Team_Docs\Local working prototype\Document-Ingestion-and-Classification\Backend\extractor\extractor.py", line 32, in extract_text
    return pytesseract.image_to_string(Image.open(file_path))
           ^^^^^^^^^^^^^^^^^^^^^^^^^^^^^^^^^^^^^^^^^^^^^^^^^^
  File "D:\Langs\Team_Docs\Local working prototype\Document-Ingestion-and-Classification\Backend\venv\Lib\site-packages\pytesseract\pytesseract.py", line 486, in image_to_string
    return {
           ^
  File "D:\Langs\Team_Docs\Local working prototype\Document-Ingestion-and-Classification\Backend\venv\Lib\site-packages\pytesseract\pytesseract.py", line 489, in <lambda>
    Output.STRING: lambda: run_and_get_output(*args),
                           ^^^^^^^^^^^^^^^^^^^^^^^^^
  File "D:\Langs\Team_Docs\Local working prototype\Document-Ingestion-and-Classification\Backend\venv\Lib\site-packages\pytesseract\pytesseract.py", line 352, in run_and_get_output
    run_tesseract(**kwargs)
  File "D:\Langs\Team_Docs\Local working prototype\Document-Ingestion-and-Classification\Backend\venv\Lib\site-packages\pytesseract\pytesseract.py", line 280, in run_tesseract
    raise TesseractNotFoundError()
pytesseract.pytesseract.TesseractNotFoundError: C:\Program Files\Tesseract-OCR\tesseract.exe is not installed or it's not in your PATH. See README file for more information.
2025-08-04 18:47:03 - extractor - WARNING - No text extracted from 'IMG_2695.png'. Waiting for user input.
2025-08-04 18:47:18 - extractor - INFO - Skipping blank file as per user choice/timeout: IMG_2695.png
2025-08-04 18:47:18 - extractor - INFO - Received new message from Kafka: doc_id 'c332d216-a74b-490b-8127-0ae71f3ca893' for doc_name 'IMG_2695.png'
2025-08-04 18:47:18 - extractor - INFO - Attempting to extract text from 'IMG_2695.png' (type: .png)
2025-08-04 18:47:18 - extractor - ERROR - Failed to extract text from D:\Langs\Team_Docs\Local working prototype\Document-Ingestion-and-Classification\Backend\ingestor\uploads\IMG_2695.png
Traceback (most recent call last):
  File "D:\Langs\Team_Docs\Local working prototype\Document-Ingestion-and-Classification\Backend\venv\Lib\site-packages\pytesseract\pytesseract.py", line 275, in run_tesseract
    proc = subprocess.Popen(cmd_args, **subprocess_args())
           ^^^^^^^^^^^^^^^^^^^^^^^^^^^^^^^^^^^^^^^^^^^^^^^
  File "C:\Users\Naveenkumar\AppData\Local\Programs\Python\Python312\Lib\subprocess.py", line 1026, in __init__
    self._execute_child(args, executable, preexec_fn, close_fds,
  File "C:\Users\Naveenkumar\AppData\Local\Programs\Python\Python312\Lib\subprocess.py", line 1538, in _execute_child
    hp, ht, pid, tid = _winapi.CreateProcess(executable, args,
                       ^^^^^^^^^^^^^^^^^^^^^^^^^^^^^^^^^^^^^^^
FileNotFoundError: [WinError 2] The system cannot find the file specified

During handling of the above exception, another exception occurred:

Traceback (most recent call last):
  File "D:\Langs\Team_Docs\Local working prototype\Document-Ingestion-and-Classification\Backend\extractor\extractor.py", line 32, in extract_text
    return pytesseract.image_to_string(Image.open(file_path))
           ^^^^^^^^^^^^^^^^^^^^^^^^^^^^^^^^^^^^^^^^^^^^^^^^^^
  File "D:\Langs\Team_Docs\Local working prototype\Document-Ingestion-and-Classification\Backend\venv\Lib\site-packages\pytesseract\pytesseract.py", line 486, in image_to_string
    return {
           ^
  File "D:\Langs\Team_Docs\Local working prototype\Document-Ingestion-and-Classification\Backend\venv\Lib\site-packages\pytesseract\pytesseract.py", line 489, in <lambda>
    Output.STRING: lambda: run_and_get_output(*args),
                           ^^^^^^^^^^^^^^^^^^^^^^^^^
  File "D:\Langs\Team_Docs\Local working prototype\Document-Ingestion-and-Classification\Backend\venv\Lib\site-packages\pytesseract\pytesseract.py", line 352, in run_and_get_output
    run_tesseract(**kwargs)
  File "D:\Langs\Team_Docs\Local working prototype\Document-Ingestion-and-Classification\Backend\venv\Lib\site-packages\pytesseract\pytesseract.py", line 280, in run_tesseract
    raise TesseractNotFoundError()
pytesseract.pytesseract.TesseractNotFoundError: C:\Program Files\Tesseract-OCR\tesseract.exe is not installed or it's not in your PATH. See README file for more information.
2025-08-04 18:47:18 - extractor - WARNING - No text extracted from 'IMG_2695.png'. Waiting for user input.
2025-08-04 18:47:33 - extractor - INFO - Skipping blank file as per user choice/timeout: IMG_2695.png
2025-08-04 18:47:33 - extractor - INFO - Received new message from Kafka: doc_id '3b69a866-6495-47b6-8c69-4ddf016aece4' for doc_name 'Donor_Diaries_1[1].pdf'
2025-08-04 18:47:33 - extractor - INFO - Attempting to extract text from 'Donor_Diaries_1[1].pdf' (type: .pdf)
2025-08-04 18:47:33 - extractor - INFO - Successfully extracted text from 'Donor_Diaries_1[1].pdf'.
2025-08-04 18:47:33 - extractor - INFO - Successfully emitted event for doc_id '3b69a866-6495-47b6-8c69-4ddf016aece4' to 'doc.extracted' topic.
2025-08-04 18:47:33 - extractor - INFO - Received new message from Kafka: doc_id 'c7e2b606-e175-4e41-8995-860a9423dcda' for doc_name 'Donor_Diaries_1[1].pdf'
2025-08-04 18:47:33 - extractor - INFO - Attempting to extract text from 'Donor_Diaries_1[1].pdf' (type: .pdf)
2025-08-04 18:47:34 - extractor - INFO - Successfully extracted text from 'Donor_Diaries_1[1].pdf'.
2025-08-04 18:47:34 - extractor - INFO - Successfully emitted event for doc_id 'c7e2b606-e175-4e41-8995-860a9423dcda' to 'doc.extracted' topic.
2025-08-04 18:47:34 - extractor - INFO - Received new message from Kafka: doc_id 'add50a3c-fa28-4bf3-bd2c-b1c361af9354' for doc_name 'SHIELDING WOMENLAWS & REALITY Final.pdf.pdf (3).pdf'
2025-08-04 18:47:34 - extractor - INFO - Attempting to extract text from 'SHIELDING WOMENLAWS & REALITY Final.pdf.pdf (3).pdf' (type: .pdf)
2025-08-04 18:47:34 - extractor - INFO - Successfully extracted text from 'SHIELDING WOMENLAWS & REALITY Final.pdf.pdf (3).pdf'.
2025-08-04 18:47:34 - extractor - INFO - Successfully emitted event for doc_id 'add50a3c-fa28-4bf3-bd2c-b1c361af9354' to 'doc.extracted' topic.
2025-08-04 18:47:34 - extractor - INFO - Received new message from Kafka: doc_id 'db985dcf-1e07-4e4a-a327-54d1b6d460dd' for doc_name 'SHIELDING WOMENLAWS & REALITY Final.pdf.pdf (3).pdf'
2025-08-04 18:47:34 - extractor - INFO - Attempting to extract text from 'SHIELDING WOMENLAWS & REALITY Final.pdf.pdf (3).pdf' (type: .pdf)
2025-08-04 18:47:35 - extractor - INFO - Successfully extracted text from 'SHIELDING WOMENLAWS & REALITY Final.pdf.pdf (3).pdf'.
2025-08-04 18:47:35 - extractor - INFO - Successfully emitted event for doc_id 'db985dcf-1e07-4e4a-a327-54d1b6d460dd' to 'doc.extracted' topic.
2025-08-04 18:47:35 - extractor - INFO - Received new message from Kafka: doc_id 'a49a63f5-e606-4ce0-82ca-512feeb05ff1' for doc_name 'image001.jpg'
2025-08-04 18:47:35 - extractor - INFO - Attempting to extract text from 'image001.jpg' (type: .jpg)
2025-08-04 18:47:35 - extractor - ERROR - Failed to extract text from D:\Langs\Team_Docs\Local working prototype\Document-Ingestion-and-Classification\Backend\ingestor\uploads\image001.jpg
Traceback (most recent call last):
  File "D:\Langs\Team_Docs\Local working prototype\Document-Ingestion-and-Classification\Backend\venv\Lib\site-packages\pytesseract\pytesseract.py", line 275, in run_tesseract
    proc = subprocess.Popen(cmd_args, **subprocess_args())
           ^^^^^^^^^^^^^^^^^^^^^^^^^^^^^^^^^^^^^^^^^^^^^^^
  File "C:\Users\Naveenkumar\AppData\Local\Programs\Python\Python312\Lib\subprocess.py", line 1026, in __init__
    self._execute_child(args, executable, preexec_fn, close_fds,
  File "C:\Users\Naveenkumar\AppData\Local\Programs\Python\Python312\Lib\subprocess.py", line 1538, in _execute_child
    hp, ht, pid, tid = _winapi.CreateProcess(executable, args,
                       ^^^^^^^^^^^^^^^^^^^^^^^^^^^^^^^^^^^^^^^
FileNotFoundError: [WinError 2] The system cannot find the file specified

During handling of the above exception, another exception occurred:

Traceback (most recent call last):
  File "D:\Langs\Team_Docs\Local working prototype\Document-Ingestion-and-Classification\Backend\extractor\extractor.py", line 32, in extract_text
    return pytesseract.image_to_string(Image.open(file_path))
           ^^^^^^^^^^^^^^^^^^^^^^^^^^^^^^^^^^^^^^^^^^^^^^^^^^
  File "D:\Langs\Team_Docs\Local working prototype\Document-Ingestion-and-Classification\Backend\venv\Lib\site-packages\pytesseract\pytesseract.py", line 486, in image_to_string
    return {
           ^
  File "D:\Langs\Team_Docs\Local working prototype\Document-Ingestion-and-Classification\Backend\venv\Lib\site-packages\pytesseract\pytesseract.py", line 489, in <lambda>
    Output.STRING: lambda: run_and_get_output(*args),
                           ^^^^^^^^^^^^^^^^^^^^^^^^^
  File "D:\Langs\Team_Docs\Local working prototype\Document-Ingestion-and-Classification\Backend\venv\Lib\site-packages\pytesseract\pytesseract.py", line 352, in run_and_get_output
    run_tesseract(**kwargs)
  File "D:\Langs\Team_Docs\Local working prototype\Document-Ingestion-and-Classification\Backend\venv\Lib\site-packages\pytesseract\pytesseract.py", line 280, in run_tesseract
    raise TesseractNotFoundError()
pytesseract.pytesseract.TesseractNotFoundError: C:\Program Files\Tesseract-OCR\tesseract.exe is not installed or it's not in your PATH. See README file for more information.
2025-08-04 18:47:35 - extractor - WARNING - No text extracted from 'image001.jpg'. Waiting for user input.
2025-08-04 19:05:52 - extractor - INFO - Extractor service starting...
2025-08-04 19:05:52 - extractor - INFO - Successfully connected to Kafka.
2025-08-04 19:05:52 - extractor - INFO - Extractor agent started. Waiting for messages from 'doc.ingested' topic...
2025-08-04 19:05:55 - extractor - INFO - Received new message from Kafka: doc_id '3b69a866-6495-47b6-8c69-4ddf016aece4' for doc_name 'Donor_Diaries_1[1].pdf'
2025-08-04 19:05:55 - extractor - ERROR - File not found at path 'D:\Langs\Team_Docs\Local working prototype\Document-Ingestion-and-Classification\Backend\ingestor\uploads\Donor_Diaries_1[1].pdf' for doc_id '3b69a866-6495-47b6-8c69-4ddf016aece4'. Skipping.
2025-08-04 19:05:55 - extractor - INFO - Received new message from Kafka: doc_id 'c7e2b606-e175-4e41-8995-860a9423dcda' for doc_name 'Donor_Diaries_1[1].pdf'
2025-08-04 19:05:55 - extractor - ERROR - File not found at path 'D:\Langs\Team_Docs\Local working prototype\Document-Ingestion-and-Classification\Backend\ingestor\uploads\Donor_Diaries_1[1].pdf' for doc_id 'c7e2b606-e175-4e41-8995-860a9423dcda'. Skipping.
2025-08-04 19:05:55 - extractor - INFO - Received new message from Kafka: doc_id 'add50a3c-fa28-4bf3-bd2c-b1c361af9354' for doc_name 'SHIELDING WOMENLAWS & REALITY Final.pdf.pdf (3).pdf'
2025-08-04 19:05:55 - extractor - ERROR - File not found at path 'D:\Langs\Team_Docs\Local working prototype\Document-Ingestion-and-Classification\Backend\ingestor\uploads\SHIELDING WOMENLAWS & REALITY Final.pdf.pdf (3).pdf' for doc_id 'add50a3c-fa28-4bf3-bd2c-b1c361af9354'. Skipping.
2025-08-04 19:05:55 - extractor - INFO - Received new message from Kafka: doc_id 'db985dcf-1e07-4e4a-a327-54d1b6d460dd' for doc_name 'SHIELDING WOMENLAWS & REALITY Final.pdf.pdf (3).pdf'
2025-08-04 19:05:55 - extractor - ERROR - File not found at path 'D:\Langs\Team_Docs\Local working prototype\Document-Ingestion-and-Classification\Backend\ingestor\uploads\SHIELDING WOMENLAWS & REALITY Final.pdf.pdf (3).pdf' for doc_id 'db985dcf-1e07-4e4a-a327-54d1b6d460dd'. Skipping.
2025-08-04 19:05:55 - extractor - INFO - Received new message from Kafka: doc_id 'a49a63f5-e606-4ce0-82ca-512feeb05ff1' for doc_name 'image001.jpg'
2025-08-04 19:05:55 - extractor - ERROR - File not found at path 'D:\Langs\Team_Docs\Local working prototype\Document-Ingestion-and-Classification\Backend\ingestor\uploads\image001.jpg' for doc_id 'a49a63f5-e606-4ce0-82ca-512feeb05ff1'. Skipping.
2025-08-04 19:05:55 - extractor - INFO - Received new message from Kafka: doc_id '1f1b8f5d-a290-4c95-a1ef-1fd71db6c2df' for doc_name 'image001.jpg'
2025-08-04 19:05:55 - extractor - ERROR - File not found at path 'D:\Langs\Team_Docs\Local working prototype\Document-Ingestion-and-Classification\Backend\ingestor\uploads\image001.jpg' for doc_id '1f1b8f5d-a290-4c95-a1ef-1fd71db6c2df'. Skipping.
2025-08-04 19:05:55 - extractor - INFO - Received new message from Kafka: doc_id '564972a1-56bf-4ee5-a5d0-3be8d24354ae' for doc_name 'image001.jpg'
2025-08-04 19:05:55 - extractor - ERROR - File not found at path 'D:\Langs\Team_Docs\Local working prototype\Document-Ingestion-and-Classification\Backend\ingestor\uploads\image001.jpg' for doc_id '564972a1-56bf-4ee5-a5d0-3be8d24354ae'. Skipping.
2025-08-04 19:05:55 - extractor - INFO - Received new message from Kafka: doc_id '5689c1d7-b490-4ca8-8d4d-3a5aa5e4c5ca' for doc_name 'HackWithInfy Practice Questions 2025_Part 1.pdf'
2025-08-04 19:05:55 - extractor - ERROR - File not found at path 'D:\Langs\Team_Docs\Local working prototype\Document-Ingestion-and-Classification\Backend\ingestor\uploads\HackWithInfy Practice Questions 2025_Part 1.pdf' for doc_id '5689c1d7-b490-4ca8-8d4d-3a5aa5e4c5ca'. Skipping.
2025-08-04 19:05:55 - extractor - INFO - Received new message from Kafka: doc_id '5fc8d0e2-732c-45df-a265-d7cda1edc09c' for doc_name 'HackWithInfy Practice Questions 2025_Part 1.pdf'
2025-08-04 19:05:55 - extractor - ERROR - File not found at path 'D:\Langs\Team_Docs\Local working prototype\Document-Ingestion-and-Classification\Backend\ingestor\uploads\HackWithInfy Practice Questions 2025_Part 1.pdf' for doc_id '5fc8d0e2-732c-45df-a265-d7cda1edc09c'. Skipping.
2025-08-04 19:05:55 - extractor - INFO - Received new message from Kafka: doc_id '74f5629b-a024-4fcd-b746-ce043d4e19f0' for doc_name 'HackWithInfy Practice Questions 2025_Part 2.pdf'
2025-08-04 19:05:55 - extractor - ERROR - File not found at path 'D:\Langs\Team_Docs\Local working prototype\Document-Ingestion-and-Classification\Backend\ingestor\uploads\HackWithInfy Practice Questions 2025_Part 2.pdf' for doc_id '74f5629b-a024-4fcd-b746-ce043d4e19f0'. Skipping.
2025-08-04 19:05:55 - extractor - INFO - Received new message from Kafka: doc_id 'ce8fd256-f0d6-4f7d-8f66-9374b28e94da' for doc_name 'HackWithInfy Practice Questions 2025_Part 2.pdf'
2025-08-04 19:05:55 - extractor - ERROR - File not found at path 'D:\Langs\Team_Docs\Local working prototype\Document-Ingestion-and-Classification\Backend\ingestor\uploads\HackWithInfy Practice Questions 2025_Part 2.pdf' for doc_id 'ce8fd256-f0d6-4f7d-8f66-9374b28e94da'. Skipping.
2025-08-04 19:05:55 - extractor - INFO - Received new message from Kafka: doc_id '8f82b1b1-aa8f-46cc-b4c1-f376ed2f045c' for doc_name 'Examination Guidelines - HWI 2025 Qualifiers.pdf'
2025-08-04 19:05:55 - extractor - ERROR - File not found at path 'D:\Langs\Team_Docs\Local working prototype\Document-Ingestion-and-Classification\Backend\ingestor\uploads\Examination Guidelines - HWI 2025 Qualifiers.pdf' for doc_id '8f82b1b1-aa8f-46cc-b4c1-f376ed2f045c'. Skipping.
2025-08-04 19:05:55 - extractor - INFO - Received new message from Kafka: doc_id '65eed5d3-0e5e-44b5-96b1-a860494db249' for doc_name 'Examination Guidelines - HWI 2025 Qualifiers.pdf'
2025-08-04 19:05:55 - extractor - ERROR - File not found at path 'D:\Langs\Team_Docs\Local working prototype\Document-Ingestion-and-Classification\Backend\ingestor\uploads\Examination Guidelines - HWI 2025 Qualifiers.pdf' for doc_id '65eed5d3-0e5e-44b5-96b1-a860494db249'. Skipping.
2025-08-04 19:05:55 - extractor - INFO - Received new message from Kafka: doc_id '2024ddc9-364b-4dea-beae-c1ff180c31eb' for doc_name 'GD Allotment 23rd June'25 - Rajalakshmi Institute of Technology, Chennai all.xlsx'
2025-08-04 19:05:55 - extractor - ERROR - File not found at path 'D:\Langs\Team_Docs\Local working prototype\Document-Ingestion-and-Classification\Backend\ingestor\uploads\GD Allotment 23rd June'25 - Rajalakshmi Institute of Technology, Chennai all.xlsx' for doc_id '2024ddc9-364b-4dea-beae-c1ff180c31eb'. Skipping.
2025-08-04 19:05:55 - extractor - INFO - Received new message from Kafka: doc_id 'ada31e9a-cfed-4a5d-bfae-7ea79009a2a5' for doc_name 'GD Allotment 23rd June'25 - Rajalakshmi Institute of Technology, Chennai all.xlsx'
2025-08-04 19:05:55 - extractor - ERROR - File not found at path 'D:\Langs\Team_Docs\Local working prototype\Document-Ingestion-and-Classification\Backend\ingestor\uploads\GD Allotment 23rd June'25 - Rajalakshmi Institute of Technology, Chennai all.xlsx' for doc_id 'ada31e9a-cfed-4a5d-bfae-7ea79009a2a5'. Skipping.
2025-08-04 19:05:55 - extractor - INFO - Received new message from Kafka: doc_id '8258cf61-c60c-4606-8f28-6bcd34877c35' for doc_name 'CandidateDetails.xlsx'
2025-08-04 19:05:55 - extractor - ERROR - File not found at path 'D:\Langs\Team_Docs\Local working prototype\Document-Ingestion-and-Classification\Backend\ingestor\uploads\CandidateDetails.xlsx' for doc_id '8258cf61-c60c-4606-8f28-6bcd34877c35'. Skipping.
2025-08-04 19:05:55 - extractor - INFO - Received new message from Kafka: doc_id '0af9ba03-a3ed-4d99-9fc1-37bc673b9d96' for doc_name 'CandidateDetails.xlsx'
2025-08-04 19:05:55 - extractor - ERROR - File not found at path 'D:\Langs\Team_Docs\Local working prototype\Document-Ingestion-and-Classification\Backend\ingestor\uploads\CandidateDetails.xlsx' for doc_id '0af9ba03-a3ed-4d99-9fc1-37bc673b9d96'. Skipping.
2025-08-04 19:05:55 - extractor - INFO - Received new message from Kafka: doc_id '31d3317a-e58b-455b-bd9e-c654840a5022' for doc_name '1 (6).jpg'
2025-08-04 19:05:55 - extractor - ERROR - File not found at path 'D:\Langs\Team_Docs\Local working prototype\Document-Ingestion-and-Classification\Backend\ingestor\uploads\1 (6).jpg' for doc_id '31d3317a-e58b-455b-bd9e-c654840a5022'. Skipping.
2025-08-04 19:05:55 - extractor - INFO - Received new message from Kafka: doc_id 'e06c38de-6ff5-4160-9372-0eae2ac47a77' for doc_name '1 (6).jpg'
2025-08-04 19:05:55 - extractor - ERROR - File not found at path 'D:\Langs\Team_Docs\Local working prototype\Document-Ingestion-and-Classification\Backend\ingestor\uploads\1 (6).jpg' for doc_id 'e06c38de-6ff5-4160-9372-0eae2ac47a77'. Skipping.
2025-08-04 19:05:55 - extractor - INFO - Received new message from Kafka: doc_id '7ad37c5b-0c0a-4d09-99e7-925312ce638b' for doc_name '1 (11).jpg'
2025-08-04 19:05:55 - extractor - ERROR - File not found at path 'D:\Langs\Team_Docs\Local working prototype\Document-Ingestion-and-Classification\Backend\ingestor\uploads\1 (11).jpg' for doc_id '7ad37c5b-0c0a-4d09-99e7-925312ce638b'. Skipping.
2025-08-04 19:05:55 - extractor - INFO - Received new message from Kafka: doc_id 'c0ba11eb-5a59-4f05-9bba-3e5885bd0308' for doc_name '1 (11).jpg'
2025-08-04 19:05:55 - extractor - ERROR - File not found at path 'D:\Langs\Team_Docs\Local working prototype\Document-Ingestion-and-Classification\Backend\ingestor\uploads\1 (11).jpg' for doc_id 'c0ba11eb-5a59-4f05-9bba-3e5885bd0308'. Skipping.
2025-08-04 19:05:55 - extractor - INFO - Received new message from Kafka: doc_id '03ad90d3-c489-4b38-815e-90e6b9063dc7' for doc_name '1 (9).jpg'
2025-08-04 19:05:55 - extractor - ERROR - File not found at path 'D:\Langs\Team_Docs\Local working prototype\Document-Ingestion-and-Classification\Backend\ingestor\uploads\1 (9).jpg' for doc_id '03ad90d3-c489-4b38-815e-90e6b9063dc7'. Skipping.
2025-08-04 19:05:55 - extractor - INFO - Received new message from Kafka: doc_id '7c7f1c69-26e6-483a-bc91-1d6c77a3d57c' for doc_name '1 (9).jpg'
2025-08-04 19:05:55 - extractor - ERROR - File not found at path 'D:\Langs\Team_Docs\Local working prototype\Document-Ingestion-and-Classification\Backend\ingestor\uploads\1 (9).jpg' for doc_id '7c7f1c69-26e6-483a-bc91-1d6c77a3d57c'. Skipping.
2025-08-04 19:05:55 - extractor - INFO - Received new message from Kafka: doc_id '9056639f-732d-4235-b66f-5c27663d7e93' for doc_name '1 (7).jpg'
2025-08-04 19:05:55 - extractor - ERROR - File not found at path 'D:\Langs\Team_Docs\Local working prototype\Document-Ingestion-and-Classification\Backend\ingestor\uploads\1 (7).jpg' for doc_id '9056639f-732d-4235-b66f-5c27663d7e93'. Skipping.
2025-08-04 19:05:55 - extractor - INFO - Received new message from Kafka: doc_id '58464243-ddd3-40dc-b546-cab3da934b80' for doc_name '1 (7).jpg'
2025-08-04 19:05:55 - extractor - ERROR - File not found at path 'D:\Langs\Team_Docs\Local working prototype\Document-Ingestion-and-Classification\Backend\ingestor\uploads\1 (7).jpg' for doc_id '58464243-ddd3-40dc-b546-cab3da934b80'. Skipping.
2025-08-04 19:05:55 - extractor - INFO - Received new message from Kafka: doc_id '933afe91-1ba5-46d2-8f6f-f6e415b020e3' for doc_name '1 (10).jpg'
2025-08-04 19:05:55 - extractor - ERROR - File not found at path 'D:\Langs\Team_Docs\Local working prototype\Document-Ingestion-and-Classification\Backend\ingestor\uploads\1 (10).jpg' for doc_id '933afe91-1ba5-46d2-8f6f-f6e415b020e3'. Skipping.
2025-08-04 19:05:55 - extractor - INFO - Received new message from Kafka: doc_id 'f50bda87-a9ca-45b1-9a56-55e0adaa2b83' for doc_name '1 (10).jpg'
2025-08-04 19:05:55 - extractor - ERROR - File not found at path 'D:\Langs\Team_Docs\Local working prototype\Document-Ingestion-and-Classification\Backend\ingestor\uploads\1 (10).jpg' for doc_id 'f50bda87-a9ca-45b1-9a56-55e0adaa2b83'. Skipping.
2025-08-04 19:05:55 - extractor - INFO - Received new message from Kafka: doc_id 'a83c49ca-5189-4a05-8ace-1018f2c168f1' for doc_name '1 (3).jpg'
2025-08-04 19:05:55 - extractor - ERROR - File not found at path 'D:\Langs\Team_Docs\Local working prototype\Document-Ingestion-and-Classification\Backend\ingestor\uploads\1 (3).jpg' for doc_id 'a83c49ca-5189-4a05-8ace-1018f2c168f1'. Skipping.
2025-08-04 19:05:55 - extractor - INFO - Received new message from Kafka: doc_id '95cd236c-819c-4325-aa0c-2ab9f4f56fd2' for doc_name '1 (3).jpg'
2025-08-04 19:05:55 - extractor - ERROR - File not found at path 'D:\Langs\Team_Docs\Local working prototype\Document-Ingestion-and-Classification\Backend\ingestor\uploads\1 (3).jpg' for doc_id '95cd236c-819c-4325-aa0c-2ab9f4f56fd2'. Skipping.
2025-08-04 19:05:55 - extractor - INFO - Received new message from Kafka: doc_id 'b5ac12bc-43f2-47a9-8e61-1b928cbbb387' for doc_name '1 (4).jpg'
2025-08-04 19:05:55 - extractor - ERROR - File not found at path 'D:\Langs\Team_Docs\Local working prototype\Document-Ingestion-and-Classification\Backend\ingestor\uploads\1 (4).jpg' for doc_id 'b5ac12bc-43f2-47a9-8e61-1b928cbbb387'. Skipping.
2025-08-04 19:05:55 - extractor - INFO - Received new message from Kafka: doc_id 'a0429086-4368-4f27-8a62-3836a659cab5' for doc_name '1 (4).jpg'
2025-08-04 19:05:55 - extractor - ERROR - File not found at path 'D:\Langs\Team_Docs\Local working prototype\Document-Ingestion-and-Classification\Backend\ingestor\uploads\1 (4).jpg' for doc_id 'a0429086-4368-4f27-8a62-3836a659cab5'. Skipping.
2025-08-04 19:05:55 - extractor - INFO - Received new message from Kafka: doc_id '717ebde5-a5b9-4c4f-892f-28b1551643e7' for doc_name '1 (2).jpg'
2025-08-04 19:05:55 - extractor - ERROR - File not found at path 'D:\Langs\Team_Docs\Local working prototype\Document-Ingestion-and-Classification\Backend\ingestor\uploads\1 (2).jpg' for doc_id '717ebde5-a5b9-4c4f-892f-28b1551643e7'. Skipping.
2025-08-04 19:05:55 - extractor - INFO - Received new message from Kafka: doc_id '7b226639-4bd5-437b-a965-09c765cdf326' for doc_name '1 (2).jpg'
2025-08-04 19:05:55 - extractor - ERROR - File not found at path 'D:\Langs\Team_Docs\Local working prototype\Document-Ingestion-and-Classification\Backend\ingestor\uploads\1 (2).jpg' for doc_id '7b226639-4bd5-437b-a965-09c765cdf326'. Skipping.
2025-08-04 19:05:55 - extractor - INFO - Received new message from Kafka: doc_id '6763c624-089f-487b-be46-17cfb48ab575' for doc_name '1 (1) (1).jpg'
2025-08-04 19:05:55 - extractor - ERROR - File not found at path 'D:\Langs\Team_Docs\Local working prototype\Document-Ingestion-and-Classification\Backend\ingestor\uploads\1 (1) (1).jpg' for doc_id '6763c624-089f-487b-be46-17cfb48ab575'. Skipping.
2025-08-04 19:05:55 - extractor - INFO - Received new message from Kafka: doc_id '40307499-0394-4cda-9a50-a952d8258bdf' for doc_name '1 (1) (1).jpg'
2025-08-04 19:05:55 - extractor - ERROR - File not found at path 'D:\Langs\Team_Docs\Local working prototype\Document-Ingestion-and-Classification\Backend\ingestor\uploads\1 (1) (1).jpg' for doc_id '40307499-0394-4cda-9a50-a952d8258bdf'. Skipping.
2025-08-04 19:05:55 - extractor - INFO - Received new message from Kafka: doc_id '485503a4-7024-457e-be59-d3a703efbcfe' for doc_name '1 (5).jpg'
2025-08-04 19:05:55 - extractor - ERROR - File not found at path 'D:\Langs\Team_Docs\Local working prototype\Document-Ingestion-and-Classification\Backend\ingestor\uploads\1 (5).jpg' for doc_id '485503a4-7024-457e-be59-d3a703efbcfe'. Skipping.
2025-08-04 19:05:55 - extractor - INFO - Received new message from Kafka: doc_id '3b828679-5c70-46bd-8f9a-6dbcdcda8064' for doc_name '1 (5).jpg'
2025-08-04 19:05:55 - extractor - ERROR - File not found at path 'D:\Langs\Team_Docs\Local working prototype\Document-Ingestion-and-Classification\Backend\ingestor\uploads\1 (5).jpg' for doc_id '3b828679-5c70-46bd-8f9a-6dbcdcda8064'. Skipping.
2025-08-04 19:05:55 - extractor - INFO - Received new message from Kafka: doc_id 'e167cb48-385b-40cc-97fe-35351b5b11de' for doc_name 'SSC_CGL_2023_Tier_1_14th-July-2023-Shift-1.pdf'
2025-08-04 19:05:55 - extractor - ERROR - File not found at path 'D:\Langs\Team_Docs\Local working prototype\Document-Ingestion-and-Classification\Backend\ingestor\uploads\SSC_CGL_2023_Tier_1_14th-July-2023-Shift-1.pdf' for doc_id 'e167cb48-385b-40cc-97fe-35351b5b11de'. Skipping.
2025-08-04 19:05:55 - extractor - INFO - Received new message from Kafka: doc_id '4c825694-f38e-45cd-9188-def75674f532' for doc_name 'SSC_CGL_2023_Tier_1_14th-July-2023-Shift-1.pdf'
2025-08-04 19:05:55 - extractor - ERROR - File not found at path 'D:\Langs\Team_Docs\Local working prototype\Document-Ingestion-and-Classification\Backend\ingestor\uploads\SSC_CGL_2023_Tier_1_14th-July-2023-Shift-1.pdf' for doc_id '4c825694-f38e-45cd-9188-def75674f532'. Skipping.
2025-08-04 19:05:55 - extractor - INFO - Received new message from Kafka: doc_id 'e8222806-0818-4161-8aae-bf3d28a6618c' for doc_name 'SSC_CGL_2023_Tier_1_14th-July-2023-Shift-3 (1).pdf'
2025-08-04 19:05:55 - extractor - ERROR - File not found at path 'D:\Langs\Team_Docs\Local working prototype\Document-Ingestion-and-Classification\Backend\ingestor\uploads\SSC_CGL_2023_Tier_1_14th-July-2023-Shift-3 (1).pdf' for doc_id 'e8222806-0818-4161-8aae-bf3d28a6618c'. Skipping.
2025-08-04 19:05:55 - extractor - INFO - Received new message from Kafka: doc_id '962ae1a1-a34e-4788-93e4-0ab76bd20ca9' for doc_name 'SSC_CGL_2023_Tier_1_14th-July-2023-Shift-3 (1).pdf'
2025-08-04 19:05:55 - extractor - ERROR - File not found at path 'D:\Langs\Team_Docs\Local working prototype\Document-Ingestion-and-Classification\Backend\ingestor\uploads\SSC_CGL_2023_Tier_1_14th-July-2023-Shift-3 (1).pdf' for doc_id '962ae1a1-a34e-4788-93e4-0ab76bd20ca9'. Skipping.
2025-08-04 19:05:55 - extractor - INFO - Received new message from Kafka: doc_id 'ce2a2e6e-3193-4787-9a87-77569a450d0a' for doc_name 'SSC_CGL_2023_Tier_1_14th-July-2023-Shift-3.pdf'
2025-08-04 19:05:55 - extractor - ERROR - File not found at path 'D:\Langs\Team_Docs\Local working prototype\Document-Ingestion-and-Classification\Backend\ingestor\uploads\SSC_CGL_2023_Tier_1_14th-July-2023-Shift-3.pdf' for doc_id 'ce2a2e6e-3193-4787-9a87-77569a450d0a'. Skipping.
2025-08-04 19:05:55 - extractor - INFO - Received new message from Kafka: doc_id '015c1f58-1898-4e3b-ac37-6c474de5a3ce' for doc_name 'SSC_CGL_2023_Tier_1_14th-July-2023-Shift-3.pdf'
2025-08-04 19:05:55 - extractor - ERROR - File not found at path 'D:\Langs\Team_Docs\Local working prototype\Document-Ingestion-and-Classification\Backend\ingestor\uploads\SSC_CGL_2023_Tier_1_14th-July-2023-Shift-3.pdf' for doc_id '015c1f58-1898-4e3b-ac37-6c474de5a3ce'. Skipping.
2025-08-04 19:05:55 - extractor - INFO - Received new message from Kafka: doc_id '9e09ee2f-483a-46d6-9be5-99213c23a265' for doc_name 'SSC_CGL_2023_Tier_1_17th-July-2023-Shift-1.pdf'
2025-08-04 19:05:55 - extractor - ERROR - File not found at path 'D:\Langs\Team_Docs\Local working prototype\Document-Ingestion-and-Classification\Backend\ingestor\uploads\SSC_CGL_2023_Tier_1_17th-July-2023-Shift-1.pdf' for doc_id '9e09ee2f-483a-46d6-9be5-99213c23a265'. Skipping.
2025-08-04 19:05:55 - extractor - INFO - Received new message from Kafka: doc_id '7979cb05-c672-449b-a691-2d1a98dccac5' for doc_name 'SSC_CGL_2023_Tier_1_17th-July-2023-Shift-1.pdf'
2025-08-04 19:05:55 - extractor - ERROR - File not found at path 'D:\Langs\Team_Docs\Local working prototype\Document-Ingestion-and-Classification\Backend\ingestor\uploads\SSC_CGL_2023_Tier_1_17th-July-2023-Shift-1.pdf' for doc_id '7979cb05-c672-449b-a691-2d1a98dccac5'. Skipping.
2025-08-04 19:05:55 - extractor - INFO - Received new message from Kafka: doc_id '961a739f-38d5-4c4e-8ce9-ba69157a5231' for doc_name 'SSC_CGL_2023_Tier_1_17th-July-2023-Shift-2.pdf'
2025-08-04 19:05:55 - extractor - ERROR - File not found at path 'D:\Langs\Team_Docs\Local working prototype\Document-Ingestion-and-Classification\Backend\ingestor\uploads\SSC_CGL_2023_Tier_1_17th-July-2023-Shift-2.pdf' for doc_id '961a739f-38d5-4c4e-8ce9-ba69157a5231'. Skipping.
2025-08-04 19:05:55 - extractor - INFO - Received new message from Kafka: doc_id '206556f7-5b23-40a3-875d-9a2d28bb6ca5' for doc_name 'SSC_CGL_2023_Tier_1_17th-July-2023-Shift-2.pdf'
2025-08-04 19:05:55 - extractor - ERROR - File not found at path 'D:\Langs\Team_Docs\Local working prototype\Document-Ingestion-and-Classification\Backend\ingestor\uploads\SSC_CGL_2023_Tier_1_17th-July-2023-Shift-2.pdf' for doc_id '206556f7-5b23-40a3-875d-9a2d28bb6ca5'. Skipping.
2025-08-04 19:06:24 - extractor - INFO - Extractor service starting...
2025-08-04 19:06:24 - extractor - INFO - Successfully connected to Kafka.
2025-08-04 19:06:24 - extractor - INFO - Extractor agent started. Waiting for messages from 'doc.ingested' topic...
2025-08-04 19:09:08 - extractor - INFO - Extractor service starting...
2025-08-04 19:09:08 - extractor - INFO - Successfully connected to Kafka.
2025-08-04 19:09:08 - extractor - INFO - Extractor agent started. Waiting for messages from 'doc.ingested' topic...
2025-08-04 19:09:52 - extractor - INFO - Extractor service starting...
2025-08-04 19:09:52 - extractor - INFO - Successfully connected to Kafka.
2025-08-04 19:09:52 - extractor - INFO - Extractor agent started. Waiting for messages from 'doc.ingested' topic...
2025-08-04 19:12:00 - extractor - INFO - Received new message from Kafka: doc_id '9589f651-b11b-4303-9574-b254132ffb47' for doc_name 'Document Ingestion & Classification.pdf'
2025-08-04 19:12:00 - extractor - INFO - Attempting to extract text from 'Document Ingestion & Classification.pdf' (type: .pdf)
2025-08-04 19:12:00 - extractor - INFO - Successfully extracted text from 'Document Ingestion & Classification.pdf'.
2025-08-04 19:12:00 - extractor - INFO - Successfully emitted event for doc_id '9589f651-b11b-4303-9574-b254132ffb47' to 'doc.extracted' topic.
2025-08-04 19:19:29 - extractor - INFO - Received new message from Kafka: doc_id '32028589-7c43-4368-857b-45aa388c4b52' for doc_name 'NEW_RESUME1.pdf'
2025-08-04 19:19:29 - extractor - INFO - Attempting to extract text from 'NEW_RESUME1.pdf' (type: .pdf)
2025-08-04 19:19:29 - extractor - INFO - Successfully extracted text from 'NEW_RESUME1.pdf'.
2025-08-04 19:19:29 - extractor - INFO - Successfully emitted event for doc_id '32028589-7c43-4368-857b-45aa388c4b52' to 'doc.extracted' topic.
2025-08-04 19:20:13 - extractor - INFO - Extractor service starting...
2025-08-04 19:20:13 - extractor - INFO - Successfully connected to Kafka.
2025-08-04 19:20:13 - extractor - INFO - Extractor agent started. Waiting for messages from 'doc.ingested' topic...
2025-08-04 19:20:42 - extractor - INFO - Extractor service starting...
2025-08-04 19:20:42 - extractor - INFO - Successfully connected to Kafka.
2025-08-04 19:20:42 - extractor - INFO - Extractor agent started. Waiting for messages from 'doc.ingested' topic...
2025-08-04 19:20:56 - extractor - INFO - Received new message from Kafka: doc_id '5aed82cc-fcf9-4684-a88f-688df46dceb1' for doc_name 'NEW_RESUME.pdf'
2025-08-04 19:20:56 - extractor - INFO - Attempting to extract text from 'NEW_RESUME.pdf' (type: .pdf)
2025-08-04 19:20:56 - extractor - INFO - Successfully extracted text from 'NEW_RESUME.pdf'.
2025-08-04 19:20:56 - extractor - INFO - Successfully emitted event for doc_id '5aed82cc-fcf9-4684-a88f-688df46dceb1' to 'doc.extracted' topic.
2025-08-04 19:25:52 - extractor - INFO - Extractor service starting...
2025-08-04 19:25:52 - extractor - INFO - Successfully connected to Kafka.
2025-08-04 19:25:52 - extractor - INFO - Extractor agent started. Waiting for messages from 'doc.ingested' topic...
2025-08-04 19:26:09 - extractor - INFO - Extractor service starting...
2025-08-04 19:26:09 - extractor - INFO - Successfully connected to Kafka.
2025-08-04 19:26:09 - extractor - INFO - Extractor agent started. Waiting for messages from 'doc.ingested' topic...
2025-08-04 19:26:14 - extractor - INFO - Received new message from Kafka: doc_id '735c1ed7-0357-4608-8fde-383e208fedb2' for doc_name 'NEW_RESUME.pdf'
2025-08-04 19:26:14 - extractor - INFO - Attempting to extract text from 'NEW_RESUME.pdf' (type: .pdf)
2025-08-04 19:26:14 - extractor - INFO - Successfully extracted text from 'NEW_RESUME.pdf'.
2025-08-04 19:26:14 - extractor - INFO - Successfully emitted event for doc_id '735c1ed7-0357-4608-8fde-383e208fedb2' to 'doc.extracted' topic.
2025-08-04 19:26:51 - extractor - INFO - Extractor service starting...
2025-08-04 19:26:51 - extractor - INFO - Successfully connected to Kafka.
2025-08-04 19:26:51 - extractor - INFO - Extractor agent started. Waiting for messages from 'doc.ingested' topic...
2025-08-04 19:30:53 - extractor - INFO - Extractor service starting...
2025-08-04 19:30:53 - extractor - INFO - Successfully connected to Kafka.
2025-08-04 19:30:53 - extractor - INFO - Extractor agent started. Waiting for messages from 'doc.ingested' topic...
2025-08-04 19:32:41 - extractor - INFO - Extractor service starting...
2025-08-04 19:32:41 - extractor - INFO - Successfully connected to Kafka.
2025-08-04 19:32:41 - extractor - INFO - Extractor agent started. Waiting for messages from 'doc.ingested' topic...
2025-08-04 19:33:13 - extractor - INFO - Received new message from Kafka: doc_id '26f0e1b3-e6c6-49dc-9578-22a4bfc47dcc' for doc_name 'test_document.txt'
2025-08-04 19:33:13 - extractor - INFO - Attempting to extract text from 'test_document.txt' (type: .txt)
2025-08-04 19:33:13 - extractor - INFO - Successfully extracted text from 'test_document.txt'.
2025-08-04 19:33:13 - extractor - INFO - Successfully emitted event for doc_id '26f0e1b3-e6c6-49dc-9578-22a4bfc47dcc' to 'doc.extracted' topic.
2025-08-04 19:35:14 - extractor - INFO - Received new message from Kafka: doc_id 'b7dbd367-88a6-45a7-bba2-8d7cdfdebfd6' for doc_name 'NEW_RESUME.pdf'
2025-08-04 19:35:14 - extractor - INFO - Attempting to extract text from 'NEW_RESUME.pdf' (type: .pdf)
2025-08-04 19:35:14 - extractor - INFO - Successfully extracted text from 'NEW_RESUME.pdf'.
2025-08-04 19:35:14 - extractor - INFO - Successfully emitted event for doc_id 'b7dbd367-88a6-45a7-bba2-8d7cdfdebfd6' to 'doc.extracted' topic.
2025-08-04 22:06:36 - extractor - INFO - Extractor service starting...
2025-08-04 22:06:36 - extractor - INFO - Successfully connected to Kafka.
2025-08-04 22:06:36 - extractor - INFO - Extractor agent started. Waiting for messages from 'doc.ingested' topic...
2025-08-04 22:06:52 - extractor - INFO - Received new message from Kafka: doc_id '977cb1bc-e79d-431f-8f94-5a64e56c13d9' for doc_name 'nationaltravels.co.in_booking-confirm.html_pnr_number5828329cms_status0emailkumar010370gmail.com.pdf'
2025-08-04 22:06:52 - extractor - INFO - Attempting to extract text from 'nationaltravels.co.in_booking-confirm.html_pnr_number5828329cms_status0emailkumar010370gmail.com.pdf' (type: .pdf)
2025-08-04 22:06:52 - extractor - INFO - Successfully extracted text from 'nationaltravels.co.in_booking-confirm.html_pnr_number5828329cms_status0emailkumar010370gmail.com.pdf'.
2025-08-04 22:06:52 - extractor - INFO - Successfully emitted event for doc_id '977cb1bc-e79d-431f-8f94-5a64e56c13d9' to 'doc.extracted' topic.
2025-08-04 22:15:36 - extractor - INFO - Extractor service starting...
2025-08-04 22:15:36 - extractor - INFO - Successfully connected to Kafka.
2025-08-04 22:15:36 - extractor - INFO - Extractor agent started. Waiting for messages from 'doc.ingested' topic...
2025-08-04 22:15:58 - extractor - INFO - Received new message from Kafka: doc_id '81212428-02c6-4b4c-88f5-71c0358c4536' for doc_name 'MUGUNTHAN_S.pdf'
2025-08-04 22:15:58 - extractor - INFO - Attempting to extract text from 'MUGUNTHAN_S.pdf' (type: .pdf)
2025-08-04 22:15:58 - extractor - INFO - Successfully extracted text from 'MUGUNTHAN_S.pdf'.
2025-08-04 22:15:58 - extractor - INFO - Successfully emitted event for doc_id '81212428-02c6-4b4c-88f5-71c0358c4536' to 'doc.extracted' topic.
2025-08-05 08:14:02 - extractor - INFO - Extractor service starting...
2025-08-05 08:14:04 - extractor - ERROR - Could not connect to Kafka. Please ensure Kafka is running.
Traceback (most recent call last):
  File "D:\Langs\Team_Docs\Local working prototype\Document-Ingestion-and-Classification\Backend\extractor\extractor.py", line 130, in <module>
    producer = KafkaProducer(
               ^^^^^^^^^^^^^^
  File "D:\Langs\Team_Docs\Local working prototype\Document-Ingestion-and-Classification\Backend\venv\Lib\site-packages\kafka\producer\kafka.py", line 481, in __init__
    client = self.config['kafka_client'](
             ^^^^^^^^^^^^^^^^^^^^^^^^^^^^
  File "D:\Langs\Team_Docs\Local working prototype\Document-Ingestion-and-Classification\Backend\venv\Lib\site-packages\kafka\client_async.py", line 262, in __init__
    self.config['api_version'] = self.check_version()
                                 ^^^^^^^^^^^^^^^^^^^^
  File "D:\Langs\Team_Docs\Local working prototype\Document-Ingestion-and-Classification\Backend\venv\Lib\site-packages\kafka\client_async.py", line 1074, in check_version
    raise Errors.NoBrokersAvailable()
kafka.errors.NoBrokersAvailable: NoBrokersAvailable
2025-08-05 08:46:35 - extractor - INFO - Extractor service starting...
2025-08-05 08:46:35 - extractor - INFO - Successfully connected to Kafka.
2025-08-05 08:46:35 - extractor - INFO - Extractor agent started. Waiting for messages from 'doc.ingested' topic...
2025-08-05 09:03:49 - extractor - INFO - Extractor service starting...
2025-08-05 09:03:49 - extractor - INFO - Successfully connected to Kafka.
2025-08-05 09:03:49 - extractor - INFO - Extractor agent started. Waiting for messages from 'doc.ingested' topic...
2025-08-05 09:04:16 - extractor - INFO - Extractor service starting...
2025-08-05 09:04:16 - extractor - INFO - Successfully connected to Kafka.
2025-08-05 09:04:16 - extractor - INFO - Extractor agent started. Waiting for messages from 'doc.ingested' topic...
2025-08-05 09:06:30 - extractor - INFO - Received new message from Kafka: doc_id '34d47298-e714-4350-88f0-cd45ada68ef8' for doc_name 'receipt.pdf.pdf'
2025-08-05 09:06:30 - extractor - INFO - Attempting to extract text from 'receipt.pdf.pdf' (type: .pdf)
2025-08-05 09:06:30 - extractor - WARNING - No text extracted from 'receipt.pdf.pdf'. Waiting for user input.
2025-08-05 09:06:45 - extractor - INFO - Skipping blank file as per user choice/timeout: receipt.pdf.pdf
2025-08-05 09:06:45 - extractor - INFO - Received new message from Kafka: doc_id '1fed3359-fa7a-42c5-9919-2de203962c82' for doc_name 'receipt.pdf.pdf'
2025-08-05 09:06:45 - extractor - INFO - Attempting to extract text from 'receipt.pdf.pdf' (type: .pdf)
2025-08-05 09:06:45 - extractor - WARNING - No text extracted from 'receipt.pdf.pdf'. Waiting for user input.
2025-08-05 09:07:00 - extractor - INFO - Skipping blank file as per user choice/timeout: receipt.pdf.pdf
2025-08-05 09:08:52 - extractor - INFO - Extractor service starting...
2025-08-05 09:08:52 - extractor - INFO - Successfully connected to Kafka.
2025-08-05 09:08:52 - extractor - INFO - Extractor agent started. Waiting for messages from 'doc.ingested' topic...
2025-08-05 09:10:57 - extractor - INFO - Received new message from Kafka: doc_id '921caf27-a9df-4ceb-8dc4-38a496bc221f' for doc_name 'receipt.pdf.pdf'
2025-08-05 09:10:57 - extractor - INFO - Attempting to extract text from 'receipt.pdf.pdf' (type: .pdf)
2025-08-05 09:10:57 - extractor - WARNING - No text extracted from 'receipt.pdf.pdf'. Waiting for user input.
2025-08-05 09:11:12 - extractor - INFO - User chose to route blank file to 'Needs_Action': D:\Langs\Team_Docs\Local working prototype\Document-Ingestion-and-Classification\backend\extractor\..\router\routed_documents\Needs_Action\receipt.pdf.pdf
2025-08-05 09:11:12 - extractor - INFO - Received new message from Kafka: doc_id 'b204e163-435c-4c8e-870b-c62de5d3e287' for doc_name 'receipt.pdf.pdf'
2025-08-05 09:11:12 - extractor - ERROR - File not found at path 'D:\Langs\Team_Docs\Local working prototype\Document-Ingestion-and-Classification\backend\ingestor\uploads\receipt.pdf.pdf' for doc_id 'b204e163-435c-4c8e-870b-c62de5d3e287'. Skipping.
2025-08-05 09:13:13 - extractor - INFO - Extractor service starting...
2025-08-05 09:13:13 - extractor - INFO - Successfully connected to Kafka.
2025-08-05 09:13:13 - extractor - INFO - Extractor agent started. Waiting for messages from 'doc.ingested' topic...
2025-08-05 09:16:30 - extractor - INFO - Extractor service starting...
2025-08-05 09:16:30 - extractor - INFO - Successfully connected to Kafka.
2025-08-05 09:16:30 - extractor - INFO - Extractor agent started. Waiting for messages from 'doc.ingested' topic...
2025-08-05 12:46:31 - extractor - INFO - Extractor service starting...
2025-08-05 12:46:31 - extractor - INFO - Successfully connected to Kafka.
2025-08-05 12:46:31 - extractor - INFO - Extractor agent started. Waiting for messages from 'doc.ingested' topic...
2025-08-05 12:47:49 - extractor - INFO - Received new message from Kafka: doc_id 'ab7b9eae-daea-49f6-b783-da39914b4ce6' for doc_name 'Document Ingestion & Classification.pdf'
2025-08-05 12:47:49 - extractor - INFO - Attempting to extract text from 'Document Ingestion & Classification.pdf' (type: .pdf)
2025-08-05 12:47:50 - extractor - INFO - Successfully extracted text from 'Document Ingestion & Classification.pdf'.
2025-08-05 12:47:50 - extractor - INFO - Successfully emitted event for doc_id 'ab7b9eae-daea-49f6-b783-da39914b4ce6' to 'doc.extracted' topic.
2025-08-05 23:29:57 - extractor - INFO - Extractor service starting...
2025-08-05 23:29:58 - extractor - INFO - Database connection established
2025-08-05 23:29:58 - extractor - INFO - Successfully connected to Kafka.
2025-08-05 23:29:58 - extractor - INFO - Extractor agent started. Waiting for messages from 'doc.ingested' topic...
2025-08-05 23:30:03 - extractor - INFO - Received new message from Kafka: doc_id '08b16be1-85a4-4fcf-849b-9a4ebe445dc5' for doc_name 'Hackathon invitation Rajesh 6th aug .jpg'
2025-08-05 23:30:03 - extractor - INFO - Attempting to extract text from 'Hackathon invitation Rajesh 6th aug .jpg' (type: .jpg)
2025-08-05 23:30:05 - extractor - INFO - Successfully extracted 780 characters from 'Hackathon invitation Rajesh 6th aug .jpg'.
2025-08-05 23:30:05 - extractor - INFO - Successfully emitted event for doc_id '08b16be1-85a4-4fcf-849b-9a4ebe445dc5' to 'doc.extracted' topic.
2025-08-05 23:30:06 - extractor - INFO - Received new message from Kafka: doc_id 'cb5b6f70-1f04-4bff-baf0-9e24c863cbc2' for doc_name 'Hackathon invitation Rajesh 6th aug .jpg'
2025-08-05 23:30:06 - extractor - INFO - Attempting to extract text from 'Hackathon invitation Rajesh 6th aug .jpg' (type: .jpg)
2025-08-05 23:30:06 - extractor - INFO - Successfully extracted 780 characters from 'Hackathon invitation Rajesh 6th aug .jpg'.
2025-08-05 23:30:06 - extractor - INFO - Successfully emitted event for doc_id 'cb5b6f70-1f04-4bff-baf0-9e24c863cbc2' to 'doc.extracted' topic.
2025-08-05 23:41:15 - extractor - INFO - Extractor service starting...
2025-08-05 23:41:15 - extractor - INFO - Database connection established
2025-08-05 23:41:15 - extractor - INFO - Successfully connected to Kafka.
2025-08-05 23:41:15 - extractor - INFO - Extractor agent started. Waiting for messages from 'doc.ingested' topic...
2025-08-06 09:16:55 - extractor - INFO - Extractor service starting...
2025-08-06 09:16:55 - extractor - INFO - Database connection established
2025-08-06 09:16:55 - extractor - INFO - Successfully connected to Kafka.
2025-08-06 09:16:55 - extractor - INFO - Extractor agent started. Waiting for messages from 'doc.ingested' topic...
2025-08-06 13:14:56 - extractor - INFO - Extractor service starting...
2025-08-06 13:14:56 - extractor - INFO - Database connection established
2025-08-06 13:14:56 - extractor - INFO - Successfully connected to Kafka.
2025-08-06 13:14:56 - extractor - INFO - Extractor agent started. Waiting for messages from 'doc.ingested' topic...
2025-08-06 13:15:22 - extractor - INFO - Extractor service starting...
2025-08-06 13:15:22 - extractor - INFO - Database connection established
2025-08-06 13:15:23 - extractor - INFO - Successfully connected to Kafka.
2025-08-06 13:15:23 - extractor - INFO - Extractor agent started. Waiting for messages from 'doc.ingested' topic...
2025-08-06 13:17:22 - extractor - INFO - Received new message from Kafka: doc_id '03b91f6e-506f-4f76-bac8-9471fb11b9bd' for doc_name 'MUGUNTHAN_S.pdf'
2025-08-06 13:17:22 - extractor - INFO - Attempting to extract text from 'MUGUNTHAN_S.pdf' (type: .pdf)
2025-08-06 13:17:24 - extractor - INFO - Successfully extracted 2399 characters from 'MUGUNTHAN_S.pdf'.
2025-08-06 13:17:24 - extractor - INFO - Successfully emitted event for doc_id '03b91f6e-506f-4f76-bac8-9471fb11b9bd' to 'doc.extracted' topic.
2025-08-06 13:17:24 - extractor - INFO - Received new message from Kafka: doc_id '74e9e196-cf23-4918-8635-7a3173ad02b7' for doc_name 'MUGUNTHAN_S.pdf'
2025-08-06 13:17:24 - extractor - INFO - Attempting to extract text from 'MUGUNTHAN_S.pdf' (type: .pdf)
2025-08-06 13:17:25 - extractor - INFO - Successfully extracted 2399 characters from 'MUGUNTHAN_S.pdf'.
2025-08-06 13:17:25 - extractor - INFO - Successfully emitted event for doc_id '74e9e196-cf23-4918-8635-7a3173ad02b7' to 'doc.extracted' topic.
2025-08-06 13:24:51 - extractor - INFO - Extractor service starting...
2025-08-06 13:24:52 - extractor - INFO - Database connection established
2025-08-06 13:24:52 - extractor - INFO - Successfully connected to Kafka.
2025-08-06 13:24:52 - extractor - INFO - Extractor agent started. Waiting for messages from 'doc.ingested' topic...
2025-08-06 13:25:07 - extractor - INFO - Received new message from Kafka: doc_id '7b6a155c-4091-42ca-8483-4d49c05a0f27' for doc_name 'sample-invoice.pdf'
2025-08-06 13:25:07 - extractor - INFO - Attempting to extract text from 'sample-invoice.pdf' (type: .pdf)
2025-08-06 13:25:08 - extractor - INFO - Successfully extracted 2758 characters from 'sample-invoice.pdf'.
2025-08-06 13:25:08 - extractor - INFO - Successfully emitted event for doc_id '7b6a155c-4091-42ca-8483-4d49c05a0f27' to 'doc.extracted' topic.
2025-08-06 13:25:08 - extractor - INFO - Received new message from Kafka: doc_id '6d2e5e1b-8dc0-4da4-9c5b-2361ebe18fa0' for doc_name 'sample-invoice.pdf'
2025-08-06 13:25:08 - extractor - INFO - Attempting to extract text from 'sample-invoice.pdf' (type: .pdf)
2025-08-06 13:25:09 - extractor - INFO - Successfully extracted 2758 characters from 'sample-invoice.pdf'.
2025-08-06 13:25:09 - extractor - INFO - Successfully emitted event for doc_id '6d2e5e1b-8dc0-4da4-9c5b-2361ebe18fa0' to 'doc.extracted' topic.
2025-08-06 13:31:53 - extractor - INFO - Received new message from Kafka: doc_id '8ca11e6d-73d0-4c10-b19a-a394620ff234' for doc_name '1000124077.png'
2025-08-06 13:31:53 - extractor - INFO - Attempting to extract text from '1000124077.png' (type: .png)
2025-08-06 13:31:55 - extractor - INFO - Successfully extracted 311 characters from '1000124077.png'.
2025-08-06 13:31:55 - extractor - INFO - Successfully emitted event for doc_id '8ca11e6d-73d0-4c10-b19a-a394620ff234' to 'doc.extracted' topic.
2025-08-06 13:31:55 - extractor - INFO - Received new message from Kafka: doc_id '3854ce50-dc8c-4891-aeb1-8c85342e4292' for doc_name '1000124077.png'
2025-08-06 13:31:55 - extractor - INFO - Attempting to extract text from '1000124077.png' (type: .png)
2025-08-06 13:31:56 - extractor - INFO - Successfully extracted 311 characters from '1000124077.png'.
2025-08-06 13:31:56 - extractor - INFO - Successfully emitted event for doc_id '3854ce50-dc8c-4891-aeb1-8c85342e4292' to 'doc.extracted' topic.
2025-08-06 13:39:31 - extractor - INFO - Extractor service starting...
2025-08-06 13:39:31 - extractor - INFO - Database connection established
2025-08-06 13:39:31 - extractor - INFO - Successfully connected to Kafka.
2025-08-06 13:39:31 - extractor - INFO - Extractor agent started. Waiting for messages from 'doc.ingested' topic...
2025-08-06 13:39:48 - extractor - INFO - Received new message from Kafka: doc_id '746d852e-eb87-4f5c-884a-1c4023f34c2e' for doc_name 'Results.pdf'
2025-08-06 13:39:48 - extractor - INFO - Attempting to extract text from 'Results.pdf' (type: .pdf)
2025-08-06 13:39:49 - extractor - INFO - Successfully extracted 799 characters from 'Results.pdf'.
2025-08-06 13:39:49 - extractor - INFO - Successfully emitted event for doc_id '746d852e-eb87-4f5c-884a-1c4023f34c2e' to 'doc.extracted' topic.
2025-08-06 13:39:49 - extractor - INFO - Received new message from Kafka: doc_id 'd91a363d-cb0f-4b70-aa67-80f71099a64e' for doc_name 'Results.pdf'
2025-08-06 13:39:50 - extractor - INFO - Attempting to extract text from 'Results.pdf' (type: .pdf)
2025-08-06 13:39:50 - extractor - INFO - Successfully extracted 799 characters from 'Results.pdf'.
2025-08-06 13:39:50 - extractor - INFO - Successfully emitted event for doc_id 'd91a363d-cb0f-4b70-aa67-80f71099a64e' to 'doc.extracted' topic.
2025-08-06 13:40:43 - extractor - INFO - Received new message from Kafka: doc_id 'e5f0bb7c-3f4c-4fe5-8f60-4fbb420acfbf' for doc_name '202201100_beee_assignment_1.pdf'
2025-08-06 13:40:43 - extractor - INFO - Attempting to extract text from '202201100_beee_assignment_1.pdf' (type: .pdf)
2025-08-06 13:40:44 - extractor - WARNING - No text extracted from '202201100_beee_assignment_1.pdf'. Waiting for user input.
2025-08-06 13:40:59 - extractor - INFO - User chose to route blank file to 'Needs_Action': D:\Langs\Team_Docs\Local working prototype\Document-Ingestion-and-Classification\backend\extractor\..\router\routed_documents\Needs_Action\202201100_beee_assignment_1.pdf
2025-08-06 13:40:59 - extractor - INFO - Received new message from Kafka: doc_id 'a09894a8-6fe1-4b19-8d9a-694513fd6f79' for doc_name 'CRUDOperationsinMongoDB_Badge20250620-27-jt9xd8.pdf'
2025-08-06 13:41:00 - extractor - INFO - Attempting to extract text from 'CRUDOperationsinMongoDB_Badge20250620-27-jt9xd8.pdf' (type: .pdf)
2025-08-06 13:41:00 - extractor - INFO - Successfully extracted 140 characters from 'CRUDOperationsinMongoDB_Badge20250620-27-jt9xd8.pdf'.
2025-08-06 13:41:00 - extractor - INFO - Successfully emitted event for doc_id 'a09894a8-6fe1-4b19-8d9a-694513fd6f79' to 'doc.extracted' topic.
2025-08-06 13:41:00 - extractor - INFO - Received new message from Kafka: doc_id '7d1aa6f6-6745-48ee-8615-62677f350a11' for doc_name 'BuildingRAGAppsUsingMongoDB_Badge20250620-27-1b51p5.pdf'
2025-08-06 13:41:00 - extractor - INFO - Attempting to extract text from 'BuildingRAGAppsUsingMongoDB_Badge20250620-27-1b51p5.pdf' (type: .pdf)
2025-08-06 13:41:00 - extractor - INFO - Successfully extracted 145 characters from 'BuildingRAGAppsUsingMongoDB_Badge20250620-27-1b51p5.pdf'.
2025-08-06 13:41:01 - extractor - INFO - Successfully emitted event for doc_id '7d1aa6f6-6745-48ee-8615-62677f350a11' to 'doc.extracted' topic.
2025-08-06 13:41:01 - extractor - INFO - Received new message from Kafka: doc_id '3d3403bf-f574-449a-92ae-798329d37d5d' for doc_name 'BuildingAI-PoweredSearchwithMongoDBVectorSearch_Badge20250620-27-bqobga.pdf'
2025-08-06 13:41:01 - extractor - INFO - Attempting to extract text from 'BuildingAI-PoweredSearchwithMongoDBVectorSearch_Badge20250620-27-bqobga.pdf' (type: .pdf)
2025-08-06 13:41:01 - extractor - INFO - Successfully extracted 167 characters from 'BuildingAI-PoweredSearchwithMongoDBVectorSearch_Badge20250620-27-bqobga.pdf'.
2025-08-06 13:41:01 - extractor - INFO - Successfully emitted event for doc_id '3d3403bf-f574-449a-92ae-798329d37d5d' to 'doc.extracted' topic.
2025-08-06 13:41:01 - extractor - INFO - Received new message from Kafka: doc_id 'e79bd29d-bb17-4bac-b648-199dd77cdd5a' for doc_name 'DocScanner_Jul_5_2023_9-18_PM.pdf'
2025-08-06 13:41:02 - extractor - INFO - Attempting to extract text from 'DocScanner_Jul_5_2023_9-18_PM.pdf' (type: .pdf)
2025-08-06 13:41:02 - extractor - WARNING - No text extracted from 'DocScanner_Jul_5_2023_9-18_PM.pdf'. Waiting for user input.
2025-08-06 13:41:17 - extractor - INFO - User chose to route blank file to 'Needs_Action': D:\Langs\Team_Docs\Local working prototype\Document-Ingestion-and-Classification\backend\extractor\..\router\routed_documents\Needs_Action\DocScanner_Jul_5_2023_9-18_PM.pdf
2025-08-06 13:41:17 - extractor - INFO - Received new message from Kafka: doc_id '56d140a7-644c-46bf-ba77-8912021f894d' for doc_name 'EG_Assignment_5.pdf'
2025-08-06 13:41:17 - extractor - INFO - Attempting to extract text from 'EG_Assignment_5.pdf' (type: .pdf)
2025-08-06 13:41:17 - extractor - WARNING - No text extracted from 'EG_Assignment_5.pdf'. Waiting for user input.
2025-08-06 13:41:32 - extractor - INFO - User chose to route blank file to 'Needs_Action': D:\Langs\Team_Docs\Local working prototype\Document-Ingestion-and-Classification\backend\extractor\..\router\routed_documents\Needs_Action\EG_Assignment_5.pdf
2025-08-06 13:41:32 - extractor - INFO - Received new message from Kafka: doc_id '2996970d-07ba-4036-b829-51aaeedbdd5e' for doc_name '202201100_beee_assignment_1.pdf'
2025-08-06 13:41:32 - extractor - ERROR - File not found at path 'D:\Langs\Team_Docs\Local working prototype\Document-Ingestion-and-Classification\backend\ingestor\uploads\202201100_beee_assignment_1.pdf' for doc_id '2996970d-07ba-4036-b829-51aaeedbdd5e'
2025-08-06 13:41:33 - extractor - INFO - Received new message from Kafka: doc_id '0723da47-9ac0-431f-8987-bfb7383f9a58' for doc_name 'English_2.pdf'
2025-08-06 13:41:33 - extractor - INFO - Attempting to extract text from 'English_2.pdf' (type: .pdf)
2025-08-06 13:41:33 - extractor - WARNING - No text extracted from 'English_2.pdf'. Waiting for user input.
2025-08-06 13:41:48 - extractor - INFO - User chose to route blank file to 'Needs_Action': D:\Langs\Team_Docs\Local working prototype\Document-Ingestion-and-Classification\backend\extractor\..\router\routed_documents\Needs_Action\English_2.pdf
2025-08-06 13:41:48 - extractor - INFO - Received new message from Kafka: doc_id '28057b64-f26c-4e3d-9448-4b5532f41009' for doc_name 'FromRelationalModelSQLtoMongoDBsDocumentModel_Badge20250620-26-c3iwpo.pdf'
2025-08-06 13:41:48 - extractor - INFO - Attempting to extract text from 'FromRelationalModelSQLtoMongoDBsDocumentModel_Badge20250620-26-c3iwpo.pdf' (type: .pdf)
2025-08-06 13:41:48 - extractor - INFO - Successfully extracted 169 characters from 'FromRelationalModelSQLtoMongoDBsDocumentModel_Badge20250620-26-c3iwpo.pdf'.
2025-08-06 13:41:48 - extractor - INFO - Successfully emitted event for doc_id '28057b64-f26c-4e3d-9448-4b5532f41009' to 'doc.extracted' topic.
2025-08-06 13:41:48 - extractor - INFO - Received new message from Kafka: doc_id 'cbd830f5-1579-4063-9faa-353bf68d51db' for doc_name 'GODWIN_JUDAH_J_RESUME_-_GODWIN_JUDAH_J.pdf'
2025-08-06 13:41:48 - extractor - INFO - Attempting to extract text from 'GODWIN_JUDAH_J_RESUME_-_GODWIN_JUDAH_J.pdf' (type: .pdf)
2025-08-06 13:41:49 - extractor - INFO - Successfully extracted 4750 characters from 'GODWIN_JUDAH_J_RESUME_-_GODWIN_JUDAH_J.pdf'.
2025-08-06 13:41:49 - extractor - INFO - Successfully emitted event for doc_id 'cbd830f5-1579-4063-9faa-353bf68d51db' to 'doc.extracted' topic.
2025-08-06 13:41:49 - extractor - INFO - Received new message from Kafka: doc_id '0e3d3922-b413-4488-819f-b5f110fa78ca' for doc_name 'Intel_AI_Reference_Kits.pdf'
2025-08-06 13:41:49 - extractor - INFO - Attempting to extract text from 'Intel_AI_Reference_Kits.pdf' (type: .pdf)
2025-08-06 13:41:51 - extractor - INFO - Successfully extracted 5993 characters from 'Intel_AI_Reference_Kits.pdf'.
2025-08-06 13:41:52 - extractor - INFO - Successfully emitted event for doc_id '0e3d3922-b413-4488-819f-b5f110fa78ca' to 'doc.extracted' topic.
2025-08-06 13:41:52 - extractor - INFO - Received new message from Kafka: doc_id '95900e4f-9700-460b-a0c2-21ffd7eecadc' for doc_name 'CRUDOperationsinMongoDB_Badge20250620-27-jt9xd8.pdf'
2025-08-06 13:41:52 - extractor - ERROR - File not found at path 'D:\Langs\Team_Docs\Local working prototype\Document-Ingestion-and-Classification\backend\ingestor\uploads\CRUDOperationsinMongoDB_Badge20250620-27-jt9xd8.pdf' for doc_id '95900e4f-9700-460b-a0c2-21ffd7eecadc'
2025-08-06 13:41:52 - extractor - INFO - Received new message from Kafka: doc_id '69d4fb85-0e83-49b7-9e78-fb95c92cabc0' for doc_name 'BuildingRAGAppsUsingMongoDB_Badge20250620-27-1b51p5.pdf'
2025-08-06 13:41:52 - extractor - ERROR - File not found at path 'D:\Langs\Team_Docs\Local working prototype\Document-Ingestion-and-Classification\backend\ingestor\uploads\BuildingRAGAppsUsingMongoDB_Badge20250620-27-1b51p5.pdf' for doc_id '69d4fb85-0e83-49b7-9e78-fb95c92cabc0'
2025-08-06 13:41:52 - extractor - INFO - Received new message from Kafka: doc_id '8cc0e6f2-1d37-475a-a801-759f036d6653' for doc_name 'BuildingAI-PoweredSearchwithMongoDBVectorSearch_Badge20250620-27-bqobga.pdf'
2025-08-06 13:41:52 - extractor - ERROR - File not found at path 'D:\Langs\Team_Docs\Local working prototype\Document-Ingestion-and-Classification\backend\ingestor\uploads\BuildingAI-PoweredSearchwithMongoDBVectorSearch_Badge20250620-27-bqobga.pdf' for doc_id '8cc0e6f2-1d37-475a-a801-759f036d6653'
2025-08-06 13:41:52 - extractor - INFO - Received new message from Kafka: doc_id '8f5903d8-cb35-460f-81a9-5a064e42b015' for doc_name 'DocScanner_Jul_5_2023_9-18_PM.pdf'
2025-08-06 13:41:52 - extractor - ERROR - File not found at path 'D:\Langs\Team_Docs\Local working prototype\Document-Ingestion-and-Classification\backend\ingestor\uploads\DocScanner_Jul_5_2023_9-18_PM.pdf' for doc_id '8f5903d8-cb35-460f-81a9-5a064e42b015'
2025-08-06 13:41:52 - extractor - INFO - Received new message from Kafka: doc_id '4c32b62c-5224-4c4f-bc2d-f520e542e030' for doc_name 'EG_Assignment_5.pdf'
2025-08-06 13:41:52 - extractor - ERROR - File not found at path 'D:\Langs\Team_Docs\Local working prototype\Document-Ingestion-and-Classification\backend\ingestor\uploads\EG_Assignment_5.pdf' for doc_id '4c32b62c-5224-4c4f-bc2d-f520e542e030'
2025-08-06 13:41:52 - extractor - INFO - Received new message from Kafka: doc_id 'cc9407c9-5582-4178-b819-04546830b5eb' for doc_name 'English_2.pdf'
2025-08-06 13:41:52 - extractor - ERROR - File not found at path 'D:\Langs\Team_Docs\Local working prototype\Document-Ingestion-and-Classification\backend\ingestor\uploads\English_2.pdf' for doc_id 'cc9407c9-5582-4178-b819-04546830b5eb'
2025-08-06 13:41:52 - extractor - INFO - Received new message from Kafka: doc_id 'd9994e7e-517d-49c2-9fc2-63c9d92bf221' for doc_name 'FromRelationalModelSQLtoMongoDBsDocumentModel_Badge20250620-26-c3iwpo.pdf'
2025-08-06 13:41:52 - extractor - ERROR - File not found at path 'D:\Langs\Team_Docs\Local working prototype\Document-Ingestion-and-Classification\backend\ingestor\uploads\FromRelationalModelSQLtoMongoDBsDocumentModel_Badge20250620-26-c3iwpo.pdf' for doc_id 'd9994e7e-517d-49c2-9fc2-63c9d92bf221'
2025-08-06 13:41:53 - extractor - INFO - Received new message from Kafka: doc_id 'b5d882fc-cde3-4393-9a78-821acc1b9c96' for doc_name 'GODWIN_JUDAH_J_RESUME_-_GODWIN_JUDAH_J.pdf'
2025-08-06 13:41:53 - extractor - ERROR - File not found at path 'D:\Langs\Team_Docs\Local working prototype\Document-Ingestion-and-Classification\backend\ingestor\uploads\GODWIN_JUDAH_J_RESUME_-_GODWIN_JUDAH_J.pdf' for doc_id 'b5d882fc-cde3-4393-9a78-821acc1b9c96'
2025-08-06 13:41:53 - extractor - INFO - Received new message from Kafka: doc_id 'feefb885-d78d-4f4f-a177-71ed408dde3f' for doc_name 'Intel_AI_Reference_Kits.pdf'
2025-08-06 13:41:53 - extractor - ERROR - File not found at path 'D:\Langs\Team_Docs\Local working prototype\Document-Ingestion-and-Classification\backend\ingestor\uploads\Intel_AI_Reference_Kits.pdf' for doc_id 'feefb885-d78d-4f4f-a177-71ed408dde3f'
2025-08-06 13:45:00 - extractor - INFO - Extractor service starting...
2025-08-06 13:45:00 - extractor - INFO - Database connection established
2025-08-06 13:45:00 - extractor - INFO - Successfully connected to Kafka.
2025-08-06 13:45:00 - extractor - INFO - Extractor agent started. Waiting for messages from 'doc.ingested' topic...
2025-08-06 13:45:45 - extractor - INFO - Received new message from Kafka: doc_id '21735d3d-12e2-4ad6-ae3a-a651ccd034f8' for doc_name '202201100_beee_assignment_1.pdf'
2025-08-06 13:45:45 - extractor - INFO - Attempting to extract text from '202201100_beee_assignment_1.pdf' (type: .pdf)
2025-08-06 13:45:45 - extractor - WARNING - No text extracted from '202201100_beee_assignment_1.pdf'. Waiting for user input.
2025-08-06 13:46:00 - extractor - ERROR - Failed to process message for doc_id '21735d3d-12e2-4ad6-ae3a-a651ccd034f8': [WinError 183] Cannot create a file when that file already exists: 'D:\\Langs\\Team_Docs\\Local working prototype\\Document-Ingestion-and-Classification\\backend\\ingestor\\uploads\\202201100_beee_assignment_1.pdf' -> 'D:\\Langs\\Team_Docs\\Local working prototype\\Document-Ingestion-and-Classification\\backend\\extractor\\..\\router\\routed_documents\\Needs_Action\\202201100_beee_assignment_1.pdf'
Traceback (most recent call last):
  File "D:\Langs\Team_Docs\Local working prototype\Document-Ingestion-and-Classification\backend\extractor\extractor.py", line 121, in process_messages
    os.rename(path, new_path)
FileExistsError: [WinError 183] Cannot create a file when that file already exists: 'D:\\Langs\\Team_Docs\\Local working prototype\\Document-Ingestion-and-Classification\\backend\\ingestor\\uploads\\202201100_beee_assignment_1.pdf' -> 'D:\\Langs\\Team_Docs\\Local working prototype\\Document-Ingestion-and-Classification\\backend\\extractor\\..\\router\\routed_documents\\Needs_Action\\202201100_beee_assignment_1.pdf'
2025-08-06 13:46:00 - extractor - INFO - Received new message from Kafka: doc_id 'd1ce2865-fcb2-44a3-a237-ed582913a20b' for doc_name 'BuildingRAGAppsUsingMongoDB_Badge20250620-27-1b51p5.pdf'
2025-08-06 13:46:01 - extractor - INFO - Attempting to extract text from 'BuildingRAGAppsUsingMongoDB_Badge20250620-27-1b51p5.pdf' (type: .pdf)
2025-08-06 13:46:01 - extractor - INFO - Successfully extracted 145 characters from 'BuildingRAGAppsUsingMongoDB_Badge20250620-27-1b51p5.pdf'.
2025-08-06 13:46:01 - extractor - INFO - Successfully emitted event for doc_id 'd1ce2865-fcb2-44a3-a237-ed582913a20b' to 'doc.extracted' topic.
2025-08-06 13:46:01 - extractor - INFO - Received new message from Kafka: doc_id 'd62179ca-9990-428a-8dcd-37becbfe3f82' for doc_name 'BuildingAI-PoweredSearchwithMongoDBVectorSearch_Badge20250620-27-bqobga.pdf'
2025-08-06 13:46:01 - extractor - INFO - Attempting to extract text from 'BuildingAI-PoweredSearchwithMongoDBVectorSearch_Badge20250620-27-bqobga.pdf' (type: .pdf)
2025-08-06 13:46:01 - extractor - INFO - Successfully extracted 167 characters from 'BuildingAI-PoweredSearchwithMongoDBVectorSearch_Badge20250620-27-bqobga.pdf'.
2025-08-06 13:46:01 - extractor - INFO - Successfully emitted event for doc_id 'd62179ca-9990-428a-8dcd-37becbfe3f82' to 'doc.extracted' topic.
2025-08-06 13:46:02 - extractor - INFO - Received new message from Kafka: doc_id '637bac53-af65-499c-9f7a-7e6b2b5b34e4' for doc_name 'CRUDOperationsinMongoDB_Badge20250620-27-jt9xd8.pdf'
2025-08-06 13:46:02 - extractor - INFO - Attempting to extract text from 'CRUDOperationsinMongoDB_Badge20250620-27-jt9xd8.pdf' (type: .pdf)
2025-08-06 13:46:02 - extractor - INFO - Successfully extracted 140 characters from 'CRUDOperationsinMongoDB_Badge20250620-27-jt9xd8.pdf'.
2025-08-06 13:46:02 - extractor - INFO - Successfully emitted event for doc_id '637bac53-af65-499c-9f7a-7e6b2b5b34e4' to 'doc.extracted' topic.
2025-08-06 13:46:02 - extractor - INFO - Received new message from Kafka: doc_id 'a8cc63a1-fc9d-4d94-a975-89a5c7dcaa99' for doc_name 'DocScanner_Jul_5_2023_9-18_PM.pdf'
2025-08-06 13:46:02 - extractor - INFO - Attempting to extract text from 'DocScanner_Jul_5_2023_9-18_PM.pdf' (type: .pdf)
2025-08-06 13:46:02 - extractor - WARNING - No text extracted from 'DocScanner_Jul_5_2023_9-18_PM.pdf'. Waiting for user input.
2025-08-06 13:46:17 - extractor - ERROR - Failed to process message for doc_id 'a8cc63a1-fc9d-4d94-a975-89a5c7dcaa99': [WinError 183] Cannot create a file when that file already exists: 'D:\\Langs\\Team_Docs\\Local working prototype\\Document-Ingestion-and-Classification\\backend\\ingestor\\uploads\\DocScanner_Jul_5_2023_9-18_PM.pdf' -> 'D:\\Langs\\Team_Docs\\Local working prototype\\Document-Ingestion-and-Classification\\backend\\extractor\\..\\router\\routed_documents\\Needs_Action\\DocScanner_Jul_5_2023_9-18_PM.pdf'
Traceback (most recent call last):
  File "D:\Langs\Team_Docs\Local working prototype\Document-Ingestion-and-Classification\backend\extractor\extractor.py", line 121, in process_messages
    os.rename(path, new_path)
FileExistsError: [WinError 183] Cannot create a file when that file already exists: 'D:\\Langs\\Team_Docs\\Local working prototype\\Document-Ingestion-and-Classification\\backend\\ingestor\\uploads\\DocScanner_Jul_5_2023_9-18_PM.pdf' -> 'D:\\Langs\\Team_Docs\\Local working prototype\\Document-Ingestion-and-Classification\\backend\\extractor\\..\\router\\routed_documents\\Needs_Action\\DocScanner_Jul_5_2023_9-18_PM.pdf'
2025-08-06 13:46:17 - extractor - INFO - Received new message from Kafka: doc_id 'a8e2971c-22b1-479d-95e2-71f4e550452d' for doc_name 'EG_Assignment_5.pdf'
2025-08-06 13:46:18 - extractor - INFO - Attempting to extract text from 'EG_Assignment_5.pdf' (type: .pdf)
2025-08-06 13:46:18 - extractor - WARNING - No text extracted from 'EG_Assignment_5.pdf'. Waiting for user input.
2025-08-06 13:46:33 - extractor - ERROR - Failed to process message for doc_id 'a8e2971c-22b1-479d-95e2-71f4e550452d': [WinError 183] Cannot create a file when that file already exists: 'D:\\Langs\\Team_Docs\\Local working prototype\\Document-Ingestion-and-Classification\\backend\\ingestor\\uploads\\EG_Assignment_5.pdf' -> 'D:\\Langs\\Team_Docs\\Local working prototype\\Document-Ingestion-and-Classification\\backend\\extractor\\..\\router\\routed_documents\\Needs_Action\\EG_Assignment_5.pdf'
Traceback (most recent call last):
  File "D:\Langs\Team_Docs\Local working prototype\Document-Ingestion-and-Classification\backend\extractor\extractor.py", line 121, in process_messages
    os.rename(path, new_path)
FileExistsError: [WinError 183] Cannot create a file when that file already exists: 'D:\\Langs\\Team_Docs\\Local working prototype\\Document-Ingestion-and-Classification\\backend\\ingestor\\uploads\\EG_Assignment_5.pdf' -> 'D:\\Langs\\Team_Docs\\Local working prototype\\Document-Ingestion-and-Classification\\backend\\extractor\\..\\router\\routed_documents\\Needs_Action\\EG_Assignment_5.pdf'
2025-08-06 13:46:33 - extractor - INFO - Received new message from Kafka: doc_id '03ed8e39-00c9-4f5e-b770-9deb956ccb32' for doc_name '202201100_beee_assignment_1.pdf'
2025-08-06 13:46:33 - extractor - INFO - Attempting to extract text from '202201100_beee_assignment_1.pdf' (type: .pdf)
2025-08-06 13:46:33 - extractor - WARNING - No text extracted from '202201100_beee_assignment_1.pdf'. Waiting for user input.
2025-08-06 13:46:48 - extractor - ERROR - Failed to process message for doc_id '03ed8e39-00c9-4f5e-b770-9deb956ccb32': [WinError 183] Cannot create a file when that file already exists: 'D:\\Langs\\Team_Docs\\Local working prototype\\Document-Ingestion-and-Classification\\backend\\ingestor\\uploads\\202201100_beee_assignment_1.pdf' -> 'D:\\Langs\\Team_Docs\\Local working prototype\\Document-Ingestion-and-Classification\\backend\\extractor\\..\\router\\routed_documents\\Needs_Action\\202201100_beee_assignment_1.pdf'
Traceback (most recent call last):
  File "D:\Langs\Team_Docs\Local working prototype\Document-Ingestion-and-Classification\backend\extractor\extractor.py", line 121, in process_messages
    os.rename(path, new_path)
FileExistsError: [WinError 183] Cannot create a file when that file already exists: 'D:\\Langs\\Team_Docs\\Local working prototype\\Document-Ingestion-and-Classification\\backend\\ingestor\\uploads\\202201100_beee_assignment_1.pdf' -> 'D:\\Langs\\Team_Docs\\Local working prototype\\Document-Ingestion-and-Classification\\backend\\extractor\\..\\router\\routed_documents\\Needs_Action\\202201100_beee_assignment_1.pdf'
2025-08-06 13:46:48 - extractor - INFO - Received new message from Kafka: doc_id 'b0ebd6fa-2da4-42fa-a12e-05358e11dbae' for doc_name 'GODWIN_JUDAH_J_RESUME_-_GODWIN_JUDAH_J.pdf'
2025-08-06 13:46:48 - extractor - INFO - Attempting to extract text from 'GODWIN_JUDAH_J_RESUME_-_GODWIN_JUDAH_J.pdf' (type: .pdf)
2025-08-06 13:46:49 - extractor - INFO - Successfully extracted 4750 characters from 'GODWIN_JUDAH_J_RESUME_-_GODWIN_JUDAH_J.pdf'.
2025-08-06 13:46:49 - extractor - INFO - Successfully emitted event for doc_id 'b0ebd6fa-2da4-42fa-a12e-05358e11dbae' to 'doc.extracted' topic.
2025-08-06 13:46:49 - extractor - INFO - Received new message from Kafka: doc_id '46a93361-7f27-4fab-ba95-352e8970bea6' for doc_name 'English_2.pdf'
2025-08-06 13:46:49 - extractor - INFO - Attempting to extract text from 'English_2.pdf' (type: .pdf)
2025-08-06 13:46:49 - extractor - WARNING - No text extracted from 'English_2.pdf'. Waiting for user input.
2025-08-06 13:47:04 - extractor - ERROR - Failed to process message for doc_id '46a93361-7f27-4fab-ba95-352e8970bea6': [WinError 183] Cannot create a file when that file already exists: 'D:\\Langs\\Team_Docs\\Local working prototype\\Document-Ingestion-and-Classification\\backend\\ingestor\\uploads\\English_2.pdf' -> 'D:\\Langs\\Team_Docs\\Local working prototype\\Document-Ingestion-and-Classification\\backend\\extractor\\..\\router\\routed_documents\\Needs_Action\\English_2.pdf'
Traceback (most recent call last):
  File "D:\Langs\Team_Docs\Local working prototype\Document-Ingestion-and-Classification\backend\extractor\extractor.py", line 121, in process_messages
    os.rename(path, new_path)
FileExistsError: [WinError 183] Cannot create a file when that file already exists: 'D:\\Langs\\Team_Docs\\Local working prototype\\Document-Ingestion-and-Classification\\backend\\ingestor\\uploads\\English_2.pdf' -> 'D:\\Langs\\Team_Docs\\Local working prototype\\Document-Ingestion-and-Classification\\backend\\extractor\\..\\router\\routed_documents\\Needs_Action\\English_2.pdf'
2025-08-06 13:47:05 - extractor - INFO - Received new message from Kafka: doc_id '7e0a33d7-3990-4428-b018-805bed465a05' for doc_name 'Intel_AI_Reference_Kits.pdf'
2025-08-06 13:47:05 - extractor - INFO - Attempting to extract text from 'Intel_AI_Reference_Kits.pdf' (type: .pdf)
2025-08-06 13:47:07 - extractor - INFO - Successfully extracted 5993 characters from 'Intel_AI_Reference_Kits.pdf'.
2025-08-06 13:47:08 - extractor - INFO - Successfully emitted event for doc_id '7e0a33d7-3990-4428-b018-805bed465a05' to 'doc.extracted' topic.
2025-08-06 13:47:08 - extractor - INFO - Received new message from Kafka: doc_id '2280d2d3-10c9-4626-b6da-46572ea4b76e' for doc_name 'FromRelationalModelSQLtoMongoDBsDocumentModel_Badge20250620-26-c3iwpo.pdf'
2025-08-06 13:47:08 - extractor - INFO - Attempting to extract text from 'FromRelationalModelSQLtoMongoDBsDocumentModel_Badge20250620-26-c3iwpo.pdf' (type: .pdf)
2025-08-06 13:47:08 - extractor - INFO - Successfully extracted 169 characters from 'FromRelationalModelSQLtoMongoDBsDocumentModel_Badge20250620-26-c3iwpo.pdf'.
2025-08-06 13:47:08 - extractor - INFO - Successfully emitted event for doc_id '2280d2d3-10c9-4626-b6da-46572ea4b76e' to 'doc.extracted' topic.
2025-08-06 13:47:08 - extractor - INFO - Received new message from Kafka: doc_id 'f20bc366-9281-4c39-bde2-4428c33d06f8' for doc_name 'invoice3.pdf'
2025-08-06 13:47:08 - extractor - INFO - Attempting to extract text from 'invoice3.pdf' (type: .pdf)
2025-08-06 13:47:08 - extractor - ERROR - Failed to extract text from D:\Langs\Team_Docs\Local working prototype\Document-Ingestion-and-Classification\backend\ingestor\uploads\invoice3.pdf
Traceback (most recent call last):
  File "D:\Langs\Team_Docs\Local working prototype\Document-Ingestion-and-Classification\backend\venv\Lib\site-packages\pdfplumber\pdf.py", line 50, in __init__
    self.doc = PDFDocument(PDFParser(stream), password=password or "")
               ^^^^^^^^^^^^^^^^^^^^^^^^^^^^^^^^^^^^^^^^^^^^^^^^^^^^^^^
  File "D:\Langs\Team_Docs\Local working prototype\Document-Ingestion-and-Classification\backend\venv\Lib\site-packages\pdfminer\pdfdocument.py", line 752, in __init__
    raise PDFSyntaxError("No /Root object! - Is this really a PDF?")
pdfminer.pdfparser.PDFSyntaxError: No /Root object! - Is this really a PDF?

During handling of the above exception, another exception occurred:

Traceback (most recent call last):
  File "D:\Langs\Team_Docs\Local working prototype\Document-Ingestion-and-Classification\backend\extractor\extractor.py", line 31, in extract_text
    with pdfplumber.open(file_path) as pdf:
         ^^^^^^^^^^^^^^^^^^^^^^^^^^
  File "D:\Langs\Team_Docs\Local working prototype\Document-Ingestion-and-Classification\backend\venv\Lib\site-packages\pdfplumber\pdf.py", line 107, in open
    return cls(
           ^^^^
  File "D:\Langs\Team_Docs\Local working prototype\Document-Ingestion-and-Classification\backend\venv\Lib\site-packages\pdfplumber\pdf.py", line 52, in __init__
    raise PdfminerException(e)
pdfplumber.utils.exceptions.PdfminerException: No /Root object! - Is this really a PDF?
2025-08-06 13:47:08 - extractor - WARNING - No text extracted from 'invoice3.pdf'. Waiting for user input.
2025-08-06 13:47:23 - extractor - INFO - User chose to route blank file to 'Needs_Action': D:\Langs\Team_Docs\Local working prototype\Document-Ingestion-and-Classification\backend\extractor\..\router\routed_documents\Needs_Action\invoice3.pdf
2025-08-06 13:47:24 - extractor - INFO - Received new message from Kafka: doc_id '3daa3097-9352-4f78-8f99-7ceb1905762c' for doc_name 'invoice1.pdf'
2025-08-06 13:47:24 - extractor - INFO - Attempting to extract text from 'invoice1.pdf' (type: .pdf)
2025-08-06 13:47:24 - extractor - ERROR - Failed to extract text from D:\Langs\Team_Docs\Local working prototype\Document-Ingestion-and-Classification\backend\ingestor\uploads\invoice1.pdf
Traceback (most recent call last):
  File "D:\Langs\Team_Docs\Local working prototype\Document-Ingestion-and-Classification\backend\venv\Lib\site-packages\pdfplumber\pdf.py", line 50, in __init__
    self.doc = PDFDocument(PDFParser(stream), password=password or "")
               ^^^^^^^^^^^^^^^^^^^^^^^^^^^^^^^^^^^^^^^^^^^^^^^^^^^^^^^
  File "D:\Langs\Team_Docs\Local working prototype\Document-Ingestion-and-Classification\backend\venv\Lib\site-packages\pdfminer\pdfdocument.py", line 752, in __init__
    raise PDFSyntaxError("No /Root object! - Is this really a PDF?")
pdfminer.pdfparser.PDFSyntaxError: No /Root object! - Is this really a PDF?

During handling of the above exception, another exception occurred:

Traceback (most recent call last):
  File "D:\Langs\Team_Docs\Local working prototype\Document-Ingestion-and-Classification\backend\extractor\extractor.py", line 31, in extract_text
    with pdfplumber.open(file_path) as pdf:
         ^^^^^^^^^^^^^^^^^^^^^^^^^^
  File "D:\Langs\Team_Docs\Local working prototype\Document-Ingestion-and-Classification\backend\venv\Lib\site-packages\pdfplumber\pdf.py", line 107, in open
    return cls(
           ^^^^
  File "D:\Langs\Team_Docs\Local working prototype\Document-Ingestion-and-Classification\backend\venv\Lib\site-packages\pdfplumber\pdf.py", line 52, in __init__
    raise PdfminerException(e)
pdfplumber.utils.exceptions.PdfminerException: No /Root object! - Is this really a PDF?
2025-08-06 13:47:24 - extractor - WARNING - No text extracted from 'invoice1.pdf'. Waiting for user input.
2025-08-06 13:47:39 - extractor - INFO - User chose to route blank file to 'Needs_Action': D:\Langs\Team_Docs\Local working prototype\Document-Ingestion-and-Classification\backend\extractor\..\router\routed_documents\Needs_Action\invoice1.pdf
2025-08-06 13:47:39 - extractor - INFO - Received new message from Kafka: doc_id 'f882920b-53ec-495c-90de-11c7130bf932' for doc_name 'BuildingRAGAppsUsingMongoDB_Badge20250620-27-1b51p5.pdf'
2025-08-06 13:47:39 - extractor - INFO - Attempting to extract text from 'BuildingRAGAppsUsingMongoDB_Badge20250620-27-1b51p5.pdf' (type: .pdf)
2025-08-06 13:47:39 - extractor - INFO - Successfully extracted 145 characters from 'BuildingRAGAppsUsingMongoDB_Badge20250620-27-1b51p5.pdf'.
2025-08-06 13:47:39 - extractor - INFO - Successfully emitted event for doc_id 'f882920b-53ec-495c-90de-11c7130bf932' to 'doc.extracted' topic.
2025-08-06 13:47:39 - extractor - INFO - Received new message from Kafka: doc_id 'eddcb60a-1520-40b4-83a9-fecc7c8f9175' for doc_name 'JAYASHREE-resume_-_JAYASHREE_R.pdf'
2025-08-06 13:47:39 - extractor - INFO - Attempting to extract text from 'JAYASHREE-resume_-_JAYASHREE_R.pdf' (type: .pdf)
2025-08-06 13:47:40 - extractor - INFO - Successfully extracted 1847 characters from 'JAYASHREE-resume_-_JAYASHREE_R.pdf'.
2025-08-06 13:47:40 - extractor - INFO - Successfully emitted event for doc_id 'eddcb60a-1520-40b4-83a9-fecc7c8f9175' to 'doc.extracted' topic.
2025-08-06 13:47:40 - extractor - INFO - Received new message from Kafka: doc_id '0f2f5cc2-e327-4d5c-942f-b88386073ac7' for doc_name 'MongoDBAdvancedSchemaDesignPatternsandAntipatternsSkillBadge_Badge20250620-25-quwb1l.pdf'
2025-08-06 13:47:40 - extractor - INFO - Attempting to extract text from 'MongoDBAdvancedSchemaDesignPatternsandAntipatternsSkillBadge_Badge20250620-25-quwb1l.pdf' (type: .pdf)
2025-08-06 13:47:40 - extractor - INFO - Successfully extracted 182 characters from 'MongoDBAdvancedSchemaDesignPatternsandAntipatternsSkillBadge_Badge20250620-25-quwb1l.pdf'.
2025-08-06 13:47:40 - extractor - INFO - Successfully emitted event for doc_id '0f2f5cc2-e327-4d5c-942f-b88386073ac7' to 'doc.extracted' topic.
2025-08-06 13:47:40 - extractor - INFO - Received new message from Kafka: doc_id 'f240a915-39d4-4498-b905-83d36a272eed' for doc_name 'MongoDBAggregationFundamentals_Badge20250620-27-bg2ih1.pdf'
2025-08-06 13:47:40 - extractor - INFO - Attempting to extract text from 'MongoDBAggregationFundamentals_Badge20250620-27-bg2ih1.pdf' (type: .pdf)
2025-08-06 13:47:40 - extractor - INFO - Successfully extracted 146 characters from 'MongoDBAggregationFundamentals_Badge20250620-27-bg2ih1.pdf'.
2025-08-06 13:47:41 - extractor - INFO - Successfully emitted event for doc_id 'f240a915-39d4-4498-b905-83d36a272eed' to 'doc.extracted' topic.
2025-08-06 13:47:41 - extractor - INFO - Received new message from Kafka: doc_id 'e7d830af-abd2-4d64-a71d-f3018804c1ce' for doc_name 'JAYA_SHREE_RESUME_3_-_JAYA_SHREE_P.pdf'
2025-08-06 13:47:41 - extractor - INFO - Attempting to extract text from 'JAYA_SHREE_RESUME_3_-_JAYA_SHREE_P.pdf' (type: .pdf)
2025-08-06 13:47:41 - extractor - INFO - Successfully extracted 1 characters from 'JAYA_SHREE_RESUME_3_-_JAYA_SHREE_P.pdf'.
2025-08-06 13:47:41 - extractor - INFO - Successfully emitted event for doc_id 'e7d830af-abd2-4d64-a71d-f3018804c1ce' to 'doc.extracted' topic.
2025-08-06 13:47:41 - extractor - INFO - Received new message from Kafka: doc_id '77781b69-62b3-4f80-af8e-a12197ab69ea' for doc_name 'MongoDBQueryOptimizationTechniques_Badge20250620-25-uqulmn.pdf'
2025-08-06 13:47:41 - extractor - INFO - Attempting to extract text from 'MongoDBQueryOptimizationTechniques_Badge20250620-25-uqulmn.pdf' (type: .pdf)
2025-08-06 13:47:41 - extractor - INFO - Successfully extracted 151 characters from 'MongoDBQueryOptimizationTechniques_Badge20250620-25-uqulmn.pdf'.
2025-08-06 13:47:41 - extractor - INFO - Successfully emitted event for doc_id '77781b69-62b3-4f80-af8e-a12197ab69ea' to 'doc.extracted' topic.
2025-08-06 13:47:41 - extractor - INFO - Received new message from Kafka: doc_id '1e06e079-c291-4c7b-8b42-09917c097302' for doc_name 'MongoDBBasicsforStudents_Badge20250620-29-jwwbtq.pdf'
2025-08-06 13:47:42 - extractor - INFO - Attempting to extract text from 'MongoDBBasicsforStudents_Badge20250620-29-jwwbtq.pdf' (type: .pdf)
2025-08-06 13:47:42 - extractor - INFO - Successfully extracted 141 characters from 'MongoDBBasicsforStudents_Badge20250620-29-jwwbtq.pdf'.
2025-08-06 13:47:42 - extractor - INFO - Successfully emitted event for doc_id '1e06e079-c291-4c7b-8b42-09917c097302' to 'doc.extracted' topic.
2025-08-06 13:47:42 - extractor - INFO - Received new message from Kafka: doc_id '00c3c65e-4317-4497-a5cd-6a2d442bbcd2' for doc_name 'BuildingAI-PoweredSearchwithMongoDBVectorSearch_Badge20250620-27-bqobga.pdf'
2025-08-06 13:47:42 - extractor - INFO - Attempting to extract text from 'BuildingAI-PoweredSearchwithMongoDBVectorSearch_Badge20250620-27-bqobga.pdf' (type: .pdf)
2025-08-06 13:47:42 - extractor - INFO - Successfully extracted 167 characters from 'BuildingAI-PoweredSearchwithMongoDBVectorSearch_Badge20250620-27-bqobga.pdf'.
2025-08-06 13:47:42 - extractor - INFO - Successfully emitted event for doc_id '00c3c65e-4317-4497-a5cd-6a2d442bbcd2' to 'doc.extracted' topic.
2025-08-06 13:47:42 - extractor - INFO - Received new message from Kafka: doc_id '7e0592ae-3e73-4609-8d49-b7890dacc26a' for doc_name 'MongoDBSchemaDesignOptimizationSkillBadge_Badge20250620-24-g7xmz9.pdf'
2025-08-06 13:47:42 - extractor - INFO - Attempting to extract text from 'MongoDBSchemaDesignOptimizationSkillBadge_Badge20250620-24-g7xmz9.pdf' (type: .pdf)
2025-08-06 13:47:43 - extractor - INFO - Successfully extracted 160 characters from 'MongoDBSchemaDesignOptimizationSkillBadge_Badge20250620-24-g7xmz9.pdf'.
2025-08-06 13:47:43 - extractor - INFO - Successfully emitted event for doc_id '7e0592ae-3e73-4609-8d49-b7890dacc26a' to 'doc.extracted' topic.
2025-08-06 13:47:43 - extractor - INFO - Received new message from Kafka: doc_id '7ba00f84-0914-4f3a-8987-7c80fcd9527e' for doc_name 'MongoDBSchemaDesignPatternsandAntipatternsSkillBadge_Badge20250620-27-v47272.pdf'
2025-08-06 13:47:43 - extractor - INFO - Attempting to extract text from 'MongoDBSchemaDesignPatternsandAntipatternsSkillBadge_Badge20250620-27-v47272.pdf' (type: .pdf)
2025-08-06 13:47:43 - extractor - INFO - Successfully extracted 173 characters from 'MongoDBSchemaDesignPatternsandAntipatternsSkillBadge_Badge20250620-27-v47272.pdf'.
2025-08-06 13:47:43 - extractor - INFO - Successfully emitted event for doc_id '7ba00f84-0914-4f3a-8987-7c80fcd9527e' to 'doc.extracted' topic.
2025-08-06 13:47:43 - extractor - INFO - Received new message from Kafka: doc_id '130aa634-e15c-4b1e-ae3d-4a1175dec15c' for doc_name 'Naveen_-_Resume.pdf'
2025-08-06 13:47:43 - extractor - INFO - Attempting to extract text from 'Naveen_-_Resume.pdf' (type: .pdf)
2025-08-06 13:47:44 - extractor - INFO - Successfully extracted 1404 characters from 'Naveen_-_Resume.pdf'.
2025-08-06 13:47:44 - extractor - INFO - Successfully emitted event for doc_id '130aa634-e15c-4b1e-ae3d-4a1175dec15c' to 'doc.extracted' topic.
2025-08-06 13:47:44 - extractor - INFO - Received new message from Kafka: doc_id 'b07c997b-ac96-477b-8e2b-8590b4c43729' for doc_name 'Muni_Charmi_-_MUNI_CHARMI_T.pdf'
2025-08-06 13:47:44 - extractor - INFO - Attempting to extract text from 'Muni_Charmi_-_MUNI_CHARMI_T.pdf' (type: .pdf)
2025-08-06 13:47:44 - extractor - INFO - Successfully extracted 2847 characters from 'Muni_Charmi_-_MUNI_CHARMI_T.pdf'.
2025-08-06 13:47:45 - extractor - INFO - Successfully emitted event for doc_id 'b07c997b-ac96-477b-8e2b-8590b4c43729' to 'doc.extracted' topic.
2025-08-06 13:47:45 - extractor - INFO - Received new message from Kafka: doc_id '9fce13e5-bb6b-41ff-b07c-fb8a3014030c' for doc_name 'naveen.pdf'
2025-08-06 13:47:45 - extractor - INFO - Attempting to extract text from 'naveen.pdf' (type: .pdf)
2025-08-06 13:47:45 - extractor - ERROR - Failed to extract text from D:\Langs\Team_Docs\Local working prototype\Document-Ingestion-and-Classification\backend\ingestor\uploads\naveen.pdf
Traceback (most recent call last):
  File "D:\Langs\Team_Docs\Local working prototype\Document-Ingestion-and-Classification\backend\venv\Lib\site-packages\pdfplumber\pdf.py", line 50, in __init__
    self.doc = PDFDocument(PDFParser(stream), password=password or "")
               ^^^^^^^^^^^^^^^^^^^^^^^^^^^^^^^^^^^^^^^^^^^^^^^^^^^^^^^
  File "D:\Langs\Team_Docs\Local working prototype\Document-Ingestion-and-Classification\backend\venv\Lib\site-packages\pdfminer\pdfdocument.py", line 752, in __init__
    raise PDFSyntaxError("No /Root object! - Is this really a PDF?")
pdfminer.pdfparser.PDFSyntaxError: No /Root object! - Is this really a PDF?

During handling of the above exception, another exception occurred:

Traceback (most recent call last):
  File "D:\Langs\Team_Docs\Local working prototype\Document-Ingestion-and-Classification\backend\extractor\extractor.py", line 31, in extract_text
    with pdfplumber.open(file_path) as pdf:
         ^^^^^^^^^^^^^^^^^^^^^^^^^^
  File "D:\Langs\Team_Docs\Local working prototype\Document-Ingestion-and-Classification\backend\venv\Lib\site-packages\pdfplumber\pdf.py", line 107, in open
    return cls(
           ^^^^
  File "D:\Langs\Team_Docs\Local working prototype\Document-Ingestion-and-Classification\backend\venv\Lib\site-packages\pdfplumber\pdf.py", line 52, in __init__
    raise PdfminerException(e)
pdfplumber.utils.exceptions.PdfminerException: No /Root object! - Is this really a PDF?
2025-08-06 13:47:45 - extractor - WARNING - No text extracted from 'naveen.pdf'. Waiting for user input.
2025-08-06 13:48:00 - extractor - INFO - User chose to route blank file to 'Needs_Action': D:\Langs\Team_Docs\Local working prototype\Document-Ingestion-and-Classification\backend\extractor\..\router\routed_documents\Needs_Action\naveen.pdf
2025-08-06 13:48:00 - extractor - INFO - Received new message from Kafka: doc_id '54b03a37-7a7c-4acf-af49-caad27e8ef00' for doc_name 'Naveen_Resume.pdf'
2025-08-06 13:48:00 - extractor - INFO - Attempting to extract text from 'Naveen_Resume.pdf' (type: .pdf)
2025-08-06 13:48:01 - extractor - INFO - Successfully extracted 2962 characters from 'Naveen_Resume.pdf'.
2025-08-06 13:48:01 - extractor - INFO - Successfully emitted event for doc_id '54b03a37-7a7c-4acf-af49-caad27e8ef00' to 'doc.extracted' topic.
2025-08-06 13:48:01 - extractor - INFO - Received new message from Kafka: doc_id '1a27cc1f-5ed4-4e98-8786-cf77068c8496' for doc_name 'CRUDOperationsinMongoDB_Badge20250620-27-jt9xd8.pdf'
2025-08-06 13:48:01 - extractor - INFO - Attempting to extract text from 'CRUDOperationsinMongoDB_Badge20250620-27-jt9xd8.pdf' (type: .pdf)
2025-08-06 13:48:01 - extractor - INFO - Successfully extracted 140 characters from 'CRUDOperationsinMongoDB_Badge20250620-27-jt9xd8.pdf'.
2025-08-06 13:48:01 - extractor - INFO - Successfully emitted event for doc_id '1a27cc1f-5ed4-4e98-8786-cf77068c8496' to 'doc.extracted' topic.
2025-08-06 13:48:01 - extractor - INFO - Received new message from Kafka: doc_id '7a845d4f-ef1c-435e-aa46-2cf7b98fb351' for doc_name 'PRABHU_SUNDAR_Resume_-_PRABHU_SUNDAR_D_1.pdf'
2025-08-06 13:48:02 - extractor - INFO - Attempting to extract text from 'PRABHU_SUNDAR_Resume_-_PRABHU_SUNDAR_D_1.pdf' (type: .pdf)
2025-08-06 13:48:02 - extractor - INFO - Successfully extracted 1801 characters from 'PRABHU_SUNDAR_Resume_-_PRABHU_SUNDAR_D_1.pdf'.
2025-08-06 13:48:02 - extractor - INFO - Successfully emitted event for doc_id '7a845d4f-ef1c-435e-aa46-2cf7b98fb351' to 'doc.extracted' topic.
2025-08-06 13:48:02 - extractor - INFO - Received new message from Kafka: doc_id '35db44a5-e6a4-40ab-8dd0-d4627f01a2ef' for doc_name 'resume.pdf'
2025-08-06 13:48:02 - extractor - INFO - Attempting to extract text from 'resume.pdf' (type: .pdf)
2025-08-06 13:48:02 - extractor - ERROR - Failed to extract text from D:\Langs\Team_Docs\Local working prototype\Document-Ingestion-and-Classification\backend\ingestor\uploads\resume.pdf
Traceback (most recent call last):
  File "D:\Langs\Team_Docs\Local working prototype\Document-Ingestion-and-Classification\backend\venv\Lib\site-packages\pdfplumber\pdf.py", line 50, in __init__
    self.doc = PDFDocument(PDFParser(stream), password=password or "")
               ^^^^^^^^^^^^^^^^^^^^^^^^^^^^^^^^^^^^^^^^^^^^^^^^^^^^^^^
  File "D:\Langs\Team_Docs\Local working prototype\Document-Ingestion-and-Classification\backend\venv\Lib\site-packages\pdfminer\pdfdocument.py", line 752, in __init__
    raise PDFSyntaxError("No /Root object! - Is this really a PDF?")
pdfminer.pdfparser.PDFSyntaxError: No /Root object! - Is this really a PDF?

During handling of the above exception, another exception occurred:

Traceback (most recent call last):
  File "D:\Langs\Team_Docs\Local working prototype\Document-Ingestion-and-Classification\backend\extractor\extractor.py", line 31, in extract_text
    with pdfplumber.open(file_path) as pdf:
         ^^^^^^^^^^^^^^^^^^^^^^^^^^
  File "D:\Langs\Team_Docs\Local working prototype\Document-Ingestion-and-Classification\backend\venv\Lib\site-packages\pdfplumber\pdf.py", line 107, in open
    return cls(
           ^^^^
  File "D:\Langs\Team_Docs\Local working prototype\Document-Ingestion-and-Classification\backend\venv\Lib\site-packages\pdfplumber\pdf.py", line 52, in __init__
    raise PdfminerException(e)
pdfplumber.utils.exceptions.PdfminerException: No /Root object! - Is this really a PDF?
2025-08-06 13:48:02 - extractor - WARNING - No text extracted from 'resume.pdf'. Waiting for user input.
2025-08-06 13:48:17 - extractor - INFO - User chose to route blank file to 'Needs_Action': D:\Langs\Team_Docs\Local working prototype\Document-Ingestion-and-Classification\backend\extractor\..\router\routed_documents\Needs_Action\resume.pdf
2025-08-06 13:48:18 - extractor - INFO - Received new message from Kafka: doc_id '03dcb159-e5fb-4a6d-9e49-7aa84fbb6f7b' for doc_name 'Resume_NEW_Jun_2025_-_KANNAN_C_J.pdf'
2025-08-06 13:48:18 - extractor - INFO - Attempting to extract text from 'Resume_NEW_Jun_2025_-_KANNAN_C_J.pdf' (type: .pdf)
2025-08-06 13:48:18 - extractor - INFO - Successfully extracted 1467 characters from 'Resume_NEW_Jun_2025_-_KANNAN_C_J.pdf'.
2025-08-06 13:48:18 - extractor - INFO - Successfully emitted event for doc_id '03dcb159-e5fb-4a6d-9e49-7aa84fbb6f7b' to 'doc.extracted' topic.
2025-08-06 13:48:18 - extractor - INFO - Received new message from Kafka: doc_id '8f5d17dc-a266-4b1d-bcb4-ecb280a2195c' for doc_name 'sadha_cv_-_SADHA_SHREE_R.pdf'
2025-08-06 13:48:18 - extractor - INFO - Attempting to extract text from 'sadha_cv_-_SADHA_SHREE_R.pdf' (type: .pdf)
2025-08-06 13:48:18 - extractor - INFO - Successfully extracted 1907 characters from 'sadha_cv_-_SADHA_SHREE_R.pdf'.
2025-08-06 13:48:19 - extractor - INFO - Successfully emitted event for doc_id '8f5d17dc-a266-4b1d-bcb4-ecb280a2195c' to 'doc.extracted' topic.
2025-08-06 13:48:19 - extractor - INFO - Received new message from Kafka: doc_id '6c5e5994-fda0-4c88-87dc-723b7ba55036' for doc_name 'resume2.pdf'
2025-08-06 13:48:19 - extractor - INFO - Attempting to extract text from 'resume2.pdf' (type: .pdf)
2025-08-06 13:48:19 - extractor - ERROR - Failed to extract text from D:\Langs\Team_Docs\Local working prototype\Document-Ingestion-and-Classification\backend\ingestor\uploads\resume2.pdf
Traceback (most recent call last):
  File "D:\Langs\Team_Docs\Local working prototype\Document-Ingestion-and-Classification\backend\venv\Lib\site-packages\pdfplumber\pdf.py", line 50, in __init__
    self.doc = PDFDocument(PDFParser(stream), password=password or "")
               ^^^^^^^^^^^^^^^^^^^^^^^^^^^^^^^^^^^^^^^^^^^^^^^^^^^^^^^
  File "D:\Langs\Team_Docs\Local working prototype\Document-Ingestion-and-Classification\backend\venv\Lib\site-packages\pdfminer\pdfdocument.py", line 752, in __init__
    raise PDFSyntaxError("No /Root object! - Is this really a PDF?")
pdfminer.pdfparser.PDFSyntaxError: No /Root object! - Is this really a PDF?

During handling of the above exception, another exception occurred:

Traceback (most recent call last):
  File "D:\Langs\Team_Docs\Local working prototype\Document-Ingestion-and-Classification\backend\extractor\extractor.py", line 31, in extract_text
    with pdfplumber.open(file_path) as pdf:
         ^^^^^^^^^^^^^^^^^^^^^^^^^^
  File "D:\Langs\Team_Docs\Local working prototype\Document-Ingestion-and-Classification\backend\venv\Lib\site-packages\pdfplumber\pdf.py", line 107, in open
    return cls(
           ^^^^
  File "D:\Langs\Team_Docs\Local working prototype\Document-Ingestion-and-Classification\backend\venv\Lib\site-packages\pdfplumber\pdf.py", line 52, in __init__
    raise PdfminerException(e)
pdfplumber.utils.exceptions.PdfminerException: No /Root object! - Is this really a PDF?
2025-08-06 13:48:19 - extractor - WARNING - No text extracted from 'resume2.pdf'. Waiting for user input.
2025-08-06 13:48:34 - extractor - INFO - User chose to route blank file to 'Needs_Action': D:\Langs\Team_Docs\Local working prototype\Document-Ingestion-and-Classification\backend\extractor\..\router\routed_documents\Needs_Action\resume2.pdf
2025-08-06 13:48:34 - extractor - INFO - Received new message from Kafka: doc_id '626c11e6-4521-4392-8d25-04550a5793b9' for doc_name 'SAHANA_R_-_RESUME_-_SAHANA_R.pdf'
2025-08-06 13:48:34 - extractor - INFO - Attempting to extract text from 'SAHANA_R_-_RESUME_-_SAHANA_R.pdf' (type: .pdf)
2025-08-06 13:48:34 - extractor - INFO - Successfully extracted 2847 characters from 'SAHANA_R_-_RESUME_-_SAHANA_R.pdf'.
2025-08-06 13:48:34 - extractor - INFO - Successfully emitted event for doc_id '626c11e6-4521-4392-8d25-04550a5793b9' to 'doc.extracted' topic.
2025-08-06 13:48:34 - extractor - INFO - Received new message from Kafka: doc_id 'b1349bab-166d-4707-bfd1-d60b642008aa' for doc_name 'SecuringMongoDBSelf-ManagedAuthenticationAuthorization_Badge20250620-29-nv0d3x.pdf'
2025-08-06 13:48:34 - extractor - INFO - Attempting to extract text from 'SecuringMongoDBSelf-ManagedAuthenticationAuthorization_Badge20250620-29-nv0d3x.pdf' (type: .pdf)
2025-08-06 13:48:35 - extractor - INFO - Successfully extracted 175 characters from 'SecuringMongoDBSelf-ManagedAuthenticationAuthorization_Badge20250620-29-nv0d3x.pdf'.
2025-08-06 13:48:35 - extractor - INFO - Successfully emitted event for doc_id 'b1349bab-166d-4707-bfd1-d60b642008aa' to 'doc.extracted' topic.
2025-08-06 13:48:35 - extractor - INFO - Received new message from Kafka: doc_id '7b98d023-9190-4994-962f-cf3e6c11fc42' for doc_name 'SecuringMongoDBAtlasAuthenticationAuthorization_Badge20250620-24-80voyh.pdf'
2025-08-06 13:48:35 - extractor - INFO - Attempting to extract text from 'SecuringMongoDBAtlasAuthenticationAuthorization_Badge20250620-24-80voyh.pdf' (type: .pdf)
2025-08-06 13:48:35 - extractor - INFO - Successfully extracted 168 characters from 'SecuringMongoDBAtlasAuthenticationAuthorization_Badge20250620-24-80voyh.pdf'.
2025-08-06 13:48:36 - extractor - INFO - Successfully emitted event for doc_id '7b98d023-9190-4994-962f-cf3e6c11fc42' to 'doc.extracted' topic.
2025-08-06 13:48:36 - extractor - INFO - Received new message from Kafka: doc_id '497e84f9-0a40-4596-82db-3036fa289c4c' for doc_name 'DocScanner_Jul_5_2023_9-18_PM.pdf'
2025-08-06 13:48:36 - extractor - INFO - Attempting to extract text from 'DocScanner_Jul_5_2023_9-18_PM.pdf' (type: .pdf)
2025-08-06 13:48:36 - extractor - WARNING - No text extracted from 'DocScanner_Jul_5_2023_9-18_PM.pdf'. Waiting for user input.
2025-08-06 13:48:51 - extractor - ERROR - Failed to process message for doc_id '497e84f9-0a40-4596-82db-3036fa289c4c': [WinError 183] Cannot create a file when that file already exists: 'D:\\Langs\\Team_Docs\\Local working prototype\\Document-Ingestion-and-Classification\\backend\\ingestor\\uploads\\DocScanner_Jul_5_2023_9-18_PM.pdf' -> 'D:\\Langs\\Team_Docs\\Local working prototype\\Document-Ingestion-and-Classification\\backend\\extractor\\..\\router\\routed_documents\\Needs_Action\\DocScanner_Jul_5_2023_9-18_PM.pdf'
Traceback (most recent call last):
  File "D:\Langs\Team_Docs\Local working prototype\Document-Ingestion-and-Classification\backend\extractor\extractor.py", line 121, in process_messages
    os.rename(path, new_path)
FileExistsError: [WinError 183] Cannot create a file when that file already exists: 'D:\\Langs\\Team_Docs\\Local working prototype\\Document-Ingestion-and-Classification\\backend\\ingestor\\uploads\\DocScanner_Jul_5_2023_9-18_PM.pdf' -> 'D:\\Langs\\Team_Docs\\Local working prototype\\Document-Ingestion-and-Classification\\backend\\extractor\\..\\router\\routed_documents\\Needs_Action\\DocScanner_Jul_5_2023_9-18_PM.pdf'
2025-08-06 13:48:51 - extractor - INFO - Received new message from Kafka: doc_id 'eee746ec-0e10-4844-a2d1-3f4e4da3b472' for doc_name 'EG_Assignment_5.pdf'
2025-08-06 13:48:51 - extractor - INFO - Attempting to extract text from 'EG_Assignment_5.pdf' (type: .pdf)
2025-08-06 13:48:51 - extractor - WARNING - No text extracted from 'EG_Assignment_5.pdf'. Waiting for user input.
2025-08-06 13:49:06 - extractor - ERROR - Failed to process message for doc_id 'eee746ec-0e10-4844-a2d1-3f4e4da3b472': [WinError 183] Cannot create a file when that file already exists: 'D:\\Langs\\Team_Docs\\Local working prototype\\Document-Ingestion-and-Classification\\backend\\ingestor\\uploads\\EG_Assignment_5.pdf' -> 'D:\\Langs\\Team_Docs\\Local working prototype\\Document-Ingestion-and-Classification\\backend\\extractor\\..\\router\\routed_documents\\Needs_Action\\EG_Assignment_5.pdf'
Traceback (most recent call last):
  File "D:\Langs\Team_Docs\Local working prototype\Document-Ingestion-and-Classification\backend\extractor\extractor.py", line 121, in process_messages
    os.rename(path, new_path)
FileExistsError: [WinError 183] Cannot create a file when that file already exists: 'D:\\Langs\\Team_Docs\\Local working prototype\\Document-Ingestion-and-Classification\\backend\\ingestor\\uploads\\EG_Assignment_5.pdf' -> 'D:\\Langs\\Team_Docs\\Local working prototype\\Document-Ingestion-and-Classification\\backend\\extractor\\..\\router\\routed_documents\\Needs_Action\\EG_Assignment_5.pdf'
2025-08-06 13:49:06 - extractor - INFO - Received new message from Kafka: doc_id '177b7fd9-856e-4837-b390-047e32fd6786' for doc_name 'English_2.pdf'
2025-08-06 13:49:06 - extractor - INFO - Attempting to extract text from 'English_2.pdf' (type: .pdf)
2025-08-06 13:49:06 - extractor - WARNING - No text extracted from 'English_2.pdf'. Waiting for user input.
2025-08-06 13:49:21 - extractor - ERROR - Failed to process message for doc_id '177b7fd9-856e-4837-b390-047e32fd6786': [WinError 183] Cannot create a file when that file already exists: 'D:\\Langs\\Team_Docs\\Local working prototype\\Document-Ingestion-and-Classification\\backend\\ingestor\\uploads\\English_2.pdf' -> 'D:\\Langs\\Team_Docs\\Local working prototype\\Document-Ingestion-and-Classification\\backend\\extractor\\..\\router\\routed_documents\\Needs_Action\\English_2.pdf'
Traceback (most recent call last):
  File "D:\Langs\Team_Docs\Local working prototype\Document-Ingestion-and-Classification\backend\extractor\extractor.py", line 121, in process_messages
    os.rename(path, new_path)
FileExistsError: [WinError 183] Cannot create a file when that file already exists: 'D:\\Langs\\Team_Docs\\Local working prototype\\Document-Ingestion-and-Classification\\backend\\ingestor\\uploads\\English_2.pdf' -> 'D:\\Langs\\Team_Docs\\Local working prototype\\Document-Ingestion-and-Classification\\backend\\extractor\\..\\router\\routed_documents\\Needs_Action\\English_2.pdf'
2025-08-06 13:49:21 - extractor - INFO - Received new message from Kafka: doc_id 'f1e5eb04-e44d-48ef-b022-87d613a8b992' for doc_name 'FromRelationalModelSQLtoMongoDBsDocumentModel_Badge20250620-26-c3iwpo.pdf'
2025-08-06 13:49:22 - extractor - INFO - Attempting to extract text from 'FromRelationalModelSQLtoMongoDBsDocumentModel_Badge20250620-26-c3iwpo.pdf' (type: .pdf)
2025-08-06 13:49:22 - extractor - INFO - Successfully extracted 169 characters from 'FromRelationalModelSQLtoMongoDBsDocumentModel_Badge20250620-26-c3iwpo.pdf'.
2025-08-06 13:49:22 - extractor - INFO - Successfully emitted event for doc_id 'f1e5eb04-e44d-48ef-b022-87d613a8b992' to 'doc.extracted' topic.
2025-08-06 13:49:22 - extractor - INFO - Received new message from Kafka: doc_id 'c40e6a2c-c487-4b06-897c-9971355b9ecb' for doc_name 'GODWIN_JUDAH_J_RESUME_-_GODWIN_JUDAH_J.pdf'
2025-08-06 13:49:22 - extractor - INFO - Attempting to extract text from 'GODWIN_JUDAH_J_RESUME_-_GODWIN_JUDAH_J.pdf' (type: .pdf)
2025-08-06 13:49:22 - extractor - INFO - Successfully extracted 4750 characters from 'GODWIN_JUDAH_J_RESUME_-_GODWIN_JUDAH_J.pdf'.
2025-08-06 13:49:23 - extractor - INFO - Successfully emitted event for doc_id 'c40e6a2c-c487-4b06-897c-9971355b9ecb' to 'doc.extracted' topic.
2025-08-06 13:49:23 - extractor - INFO - Received new message from Kafka: doc_id '433d97e8-28d5-4fdb-81c3-850101aecaa7' for doc_name 'Intel_AI_Reference_Kits.pdf'
2025-08-06 13:49:23 - extractor - INFO - Attempting to extract text from 'Intel_AI_Reference_Kits.pdf' (type: .pdf)
2025-08-06 13:49:24 - extractor - INFO - Successfully extracted 5993 characters from 'Intel_AI_Reference_Kits.pdf'.
2025-08-06 13:49:25 - extractor - INFO - Successfully emitted event for doc_id '433d97e8-28d5-4fdb-81c3-850101aecaa7' to 'doc.extracted' topic.
2025-08-06 13:49:25 - extractor - INFO - Received new message from Kafka: doc_id '6297863b-24d2-4e06-9f10-b417997bef66' for doc_name 'invoice1.pdf'
2025-08-06 13:49:25 - extractor - ERROR - File not found at path 'D:\Langs\Team_Docs\Local working prototype\Document-Ingestion-and-Classification\backend\ingestor\uploads\invoice1.pdf' for doc_id '6297863b-24d2-4e06-9f10-b417997bef66'
2025-08-06 13:49:25 - extractor - INFO - Received new message from Kafka: doc_id 'edd97446-3437-47fb-91f5-54c6467b3127' for doc_name 'invoice3.pdf'
2025-08-06 13:49:25 - extractor - ERROR - File not found at path 'D:\Langs\Team_Docs\Local working prototype\Document-Ingestion-and-Classification\backend\ingestor\uploads\invoice3.pdf' for doc_id 'edd97446-3437-47fb-91f5-54c6467b3127'
2025-08-06 13:49:25 - extractor - INFO - Received new message from Kafka: doc_id '3463cfe8-c501-40fd-bdab-3ac9b520438a' for doc_name 'JAYA_SHREE_RESUME_3_-_JAYA_SHREE_P.pdf'
2025-08-06 13:49:25 - extractor - INFO - Attempting to extract text from 'JAYA_SHREE_RESUME_3_-_JAYA_SHREE_P.pdf' (type: .pdf)
2025-08-06 13:49:25 - extractor - INFO - Successfully extracted 1 characters from 'JAYA_SHREE_RESUME_3_-_JAYA_SHREE_P.pdf'.
2025-08-06 13:49:25 - extractor - INFO - Successfully emitted event for doc_id '3463cfe8-c501-40fd-bdab-3ac9b520438a' to 'doc.extracted' topic.
2025-08-06 13:49:25 - extractor - INFO - Received new message from Kafka: doc_id 'ddf1d6c9-eeac-420a-9fa7-b091f27ee647' for doc_name 'JAYASHREE-resume_-_JAYASHREE_R.pdf'
2025-08-06 13:49:25 - extractor - INFO - Attempting to extract text from 'JAYASHREE-resume_-_JAYASHREE_R.pdf' (type: .pdf)
2025-08-06 13:49:25 - extractor - INFO - Successfully extracted 1847 characters from 'JAYASHREE-resume_-_JAYASHREE_R.pdf'.
2025-08-06 13:49:25 - extractor - INFO - Successfully emitted event for doc_id 'ddf1d6c9-eeac-420a-9fa7-b091f27ee647' to 'doc.extracted' topic.
2025-08-06 13:49:26 - extractor - INFO - Received new message from Kafka: doc_id 'a6c6a6cf-d1f6-46c6-8879-8f98006aae8f' for doc_name 'MongoDBAdvancedSchemaDesignPatternsandAntipatternsSkillBadge_Badge20250620-25-quwb1l.pdf'
2025-08-06 13:49:26 - extractor - INFO - Attempting to extract text from 'MongoDBAdvancedSchemaDesignPatternsandAntipatternsSkillBadge_Badge20250620-25-quwb1l.pdf' (type: .pdf)
2025-08-06 13:49:26 - extractor - INFO - Successfully extracted 182 characters from 'MongoDBAdvancedSchemaDesignPatternsandAntipatternsSkillBadge_Badge20250620-25-quwb1l.pdf'.
2025-08-06 13:49:26 - extractor - INFO - Successfully emitted event for doc_id 'a6c6a6cf-d1f6-46c6-8879-8f98006aae8f' to 'doc.extracted' topic.
2025-08-06 13:49:26 - extractor - INFO - Received new message from Kafka: doc_id 'e8bcbae3-227f-48e7-82fb-9ff8678e23bb' for doc_name 'MongoDBAggregationFundamentals_Badge20250620-27-bg2ih1.pdf'
2025-08-06 13:49:26 - extractor - INFO - Attempting to extract text from 'MongoDBAggregationFundamentals_Badge20250620-27-bg2ih1.pdf' (type: .pdf)
2025-08-06 13:49:26 - extractor - INFO - Successfully extracted 146 characters from 'MongoDBAggregationFundamentals_Badge20250620-27-bg2ih1.pdf'.
2025-08-06 13:49:26 - extractor - INFO - Successfully emitted event for doc_id 'e8bcbae3-227f-48e7-82fb-9ff8678e23bb' to 'doc.extracted' topic.
2025-08-06 13:49:26 - extractor - INFO - Received new message from Kafka: doc_id 'e6fdcf20-26fc-4c9c-ac17-2075fc066562' for doc_name 'MongoDBBasicsforStudents_Badge20250620-29-jwwbtq.pdf'
2025-08-06 13:49:26 - extractor - INFO - Attempting to extract text from 'MongoDBBasicsforStudents_Badge20250620-29-jwwbtq.pdf' (type: .pdf)
2025-08-06 13:49:27 - extractor - INFO - Successfully extracted 141 characters from 'MongoDBBasicsforStudents_Badge20250620-29-jwwbtq.pdf'.
2025-08-06 13:49:27 - extractor - INFO - Successfully emitted event for doc_id 'e6fdcf20-26fc-4c9c-ac17-2075fc066562' to 'doc.extracted' topic.
2025-08-06 13:49:27 - extractor - INFO - Received new message from Kafka: doc_id '0c46142d-6827-40f4-b99e-4070b1f28276' for doc_name 'MongoDBQueryOptimizationTechniques_Badge20250620-25-uqulmn.pdf'
2025-08-06 13:49:27 - extractor - INFO - Attempting to extract text from 'MongoDBQueryOptimizationTechniques_Badge20250620-25-uqulmn.pdf' (type: .pdf)
2025-08-06 13:49:27 - extractor - INFO - Successfully extracted 151 characters from 'MongoDBQueryOptimizationTechniques_Badge20250620-25-uqulmn.pdf'.
2025-08-06 13:49:27 - extractor - INFO - Successfully emitted event for doc_id '0c46142d-6827-40f4-b99e-4070b1f28276' to 'doc.extracted' topic.
2025-08-06 13:49:27 - extractor - INFO - Received new message from Kafka: doc_id '74061fe2-86f3-4c0b-b195-9a860be5475d' for doc_name 'MongoDBSchemaDesignPatternsandAntipatternsSkillBadge_Badge20250620-27-v47272.pdf'
2025-08-06 13:49:27 - extractor - INFO - Attempting to extract text from 'MongoDBSchemaDesignPatternsandAntipatternsSkillBadge_Badge20250620-27-v47272.pdf' (type: .pdf)
2025-08-06 13:49:27 - extractor - INFO - Successfully extracted 173 characters from 'MongoDBSchemaDesignPatternsandAntipatternsSkillBadge_Badge20250620-27-v47272.pdf'.
2025-08-06 13:49:27 - extractor - INFO - Successfully emitted event for doc_id '74061fe2-86f3-4c0b-b195-9a860be5475d' to 'doc.extracted' topic.
2025-08-06 13:49:27 - extractor - INFO - Received new message from Kafka: doc_id '8d6fdb73-2f31-410a-b3c3-6561409fac4b' for doc_name 'MongoDBSchemaDesignOptimizationSkillBadge_Badge20250620-24-g7xmz9.pdf'
2025-08-06 13:49:28 - extractor - INFO - Attempting to extract text from 'MongoDBSchemaDesignOptimizationSkillBadge_Badge20250620-24-g7xmz9.pdf' (type: .pdf)
2025-08-06 13:49:28 - extractor - INFO - Successfully extracted 160 characters from 'MongoDBSchemaDesignOptimizationSkillBadge_Badge20250620-24-g7xmz9.pdf'.
2025-08-06 13:49:28 - extractor - INFO - Successfully emitted event for doc_id '8d6fdb73-2f31-410a-b3c3-6561409fac4b' to 'doc.extracted' topic.
2025-08-06 13:49:28 - extractor - INFO - Received new message from Kafka: doc_id 'aa3fd548-8dc2-41a4-8893-8dc79d428769' for doc_name 'Naveen_-_Resume.pdf'
2025-08-06 13:49:28 - extractor - INFO - Attempting to extract text from 'Naveen_-_Resume.pdf' (type: .pdf)
2025-08-06 13:49:28 - extractor - INFO - Successfully extracted 1404 characters from 'Naveen_-_Resume.pdf'.
2025-08-06 13:49:28 - extractor - INFO - Successfully emitted event for doc_id 'aa3fd548-8dc2-41a4-8893-8dc79d428769' to 'doc.extracted' topic.
2025-08-06 13:49:28 - extractor - INFO - Received new message from Kafka: doc_id '28c67eaa-6aac-427a-bfc8-3447af511153' for doc_name 'Muni_Charmi_-_MUNI_CHARMI_T.pdf'
2025-08-06 13:49:28 - extractor - INFO - Attempting to extract text from 'Muni_Charmi_-_MUNI_CHARMI_T.pdf' (type: .pdf)
2025-08-06 13:49:29 - extractor - INFO - Successfully extracted 2847 characters from 'Muni_Charmi_-_MUNI_CHARMI_T.pdf'.
2025-08-06 13:49:29 - extractor - INFO - Successfully emitted event for doc_id '28c67eaa-6aac-427a-bfc8-3447af511153' to 'doc.extracted' topic.
2025-08-06 13:49:29 - extractor - INFO - Received new message from Kafka: doc_id 'fc2db84b-551c-4941-9e66-916bc20a89d8' for doc_name 'naveen.pdf'
2025-08-06 13:49:29 - extractor - ERROR - File not found at path 'D:\Langs\Team_Docs\Local working prototype\Document-Ingestion-and-Classification\backend\ingestor\uploads\naveen.pdf' for doc_id 'fc2db84b-551c-4941-9e66-916bc20a89d8'
2025-08-06 13:49:29 - extractor - INFO - Received new message from Kafka: doc_id '1b9c63e0-cc53-4267-ac3a-5d6bf29f6115' for doc_name 'Naveen_Resume.pdf'
2025-08-06 13:49:29 - extractor - INFO - Attempting to extract text from 'Naveen_Resume.pdf' (type: .pdf)
2025-08-06 13:49:29 - extractor - INFO - Successfully extracted 2962 characters from 'Naveen_Resume.pdf'.
2025-08-06 13:49:30 - extractor - INFO - Successfully emitted event for doc_id '1b9c63e0-cc53-4267-ac3a-5d6bf29f6115' to 'doc.extracted' topic.
2025-08-06 13:49:30 - extractor - INFO - Received new message from Kafka: doc_id '22980beb-2b6d-4f61-a858-113efbaaac3d' for doc_name 'PRABHU_SUNDAR_Resume_-_PRABHU_SUNDAR_D_1.pdf'
2025-08-06 13:49:30 - extractor - INFO - Attempting to extract text from 'PRABHU_SUNDAR_Resume_-_PRABHU_SUNDAR_D_1.pdf' (type: .pdf)
2025-08-06 13:49:30 - extractor - INFO - Successfully extracted 1801 characters from 'PRABHU_SUNDAR_Resume_-_PRABHU_SUNDAR_D_1.pdf'.
2025-08-06 13:49:30 - extractor - INFO - Successfully emitted event for doc_id '22980beb-2b6d-4f61-a858-113efbaaac3d' to 'doc.extracted' topic.
2025-08-06 13:49:30 - extractor - INFO - Received new message from Kafka: doc_id '0da7a032-9a48-42e4-9468-09fa715a2b49' for doc_name 'Resume_NEW_Jun_2025_-_KANNAN_C_J.pdf'
2025-08-06 13:49:31 - extractor - INFO - Attempting to extract text from 'Resume_NEW_Jun_2025_-_KANNAN_C_J.pdf' (type: .pdf)
2025-08-06 13:49:31 - extractor - INFO - Successfully extracted 1467 characters from 'Resume_NEW_Jun_2025_-_KANNAN_C_J.pdf'.
2025-08-06 13:49:31 - extractor - INFO - Successfully emitted event for doc_id '0da7a032-9a48-42e4-9468-09fa715a2b49' to 'doc.extracted' topic.
2025-08-06 13:49:31 - extractor - INFO - Received new message from Kafka: doc_id 'ca71d10a-c7a7-4b02-b557-792c4a50d17e' for doc_name 'resume.pdf'
2025-08-06 13:49:31 - extractor - ERROR - File not found at path 'D:\Langs\Team_Docs\Local working prototype\Document-Ingestion-and-Classification\backend\ingestor\uploads\resume.pdf' for doc_id 'ca71d10a-c7a7-4b02-b557-792c4a50d17e'
2025-08-06 13:49:31 - extractor - INFO - Received new message from Kafka: doc_id 'bcebd5f3-a8db-44e2-8ba5-b50b599a97cb' for doc_name 'resume2.pdf'
2025-08-06 13:49:31 - extractor - ERROR - File not found at path 'D:\Langs\Team_Docs\Local working prototype\Document-Ingestion-and-Classification\backend\ingestor\uploads\resume2.pdf' for doc_id 'bcebd5f3-a8db-44e2-8ba5-b50b599a97cb'
2025-08-06 13:49:31 - extractor - INFO - Received new message from Kafka: doc_id 'c68723b9-e307-4d47-b9e0-8c5bd32ef69b' for doc_name 'sadha_cv_-_SADHA_SHREE_R.pdf'
2025-08-06 13:49:31 - extractor - INFO - Attempting to extract text from 'sadha_cv_-_SADHA_SHREE_R.pdf' (type: .pdf)
2025-08-06 13:49:32 - extractor - INFO - Successfully extracted 1907 characters from 'sadha_cv_-_SADHA_SHREE_R.pdf'.
2025-08-06 13:49:32 - extractor - INFO - Successfully emitted event for doc_id 'c68723b9-e307-4d47-b9e0-8c5bd32ef69b' to 'doc.extracted' topic.
2025-08-06 13:49:32 - extractor - INFO - Received new message from Kafka: doc_id 'f763d388-a8ca-4ff9-a0b2-642103d29749' for doc_name 'SAHANA_R_-_RESUME_-_SAHANA_R.pdf'
2025-08-06 13:49:32 - extractor - INFO - Attempting to extract text from 'SAHANA_R_-_RESUME_-_SAHANA_R.pdf' (type: .pdf)
2025-08-06 13:49:32 - extractor - INFO - Successfully extracted 2847 characters from 'SAHANA_R_-_RESUME_-_SAHANA_R.pdf'.
2025-08-06 13:49:33 - extractor - INFO - Successfully emitted event for doc_id 'f763d388-a8ca-4ff9-a0b2-642103d29749' to 'doc.extracted' topic.
2025-08-06 13:49:33 - extractor - INFO - Received new message from Kafka: doc_id '841fe294-47cb-486c-a5b2-e956cf9d2cfc' for doc_name 'SecuringMongoDBAtlasAuthenticationAuthorization_Badge20250620-24-80voyh.pdf'
2025-08-06 13:49:33 - extractor - INFO - Attempting to extract text from 'SecuringMongoDBAtlasAuthenticationAuthorization_Badge20250620-24-80voyh.pdf' (type: .pdf)
2025-08-06 13:49:33 - extractor - INFO - Successfully extracted 168 characters from 'SecuringMongoDBAtlasAuthenticationAuthorization_Badge20250620-24-80voyh.pdf'.
2025-08-06 13:49:33 - extractor - INFO - Successfully emitted event for doc_id '841fe294-47cb-486c-a5b2-e956cf9d2cfc' to 'doc.extracted' topic.
2025-08-06 13:49:33 - extractor - INFO - Received new message from Kafka: doc_id 'b02aa041-bee8-4a25-8aac-996dd8afbe4a' for doc_name 'SecuringMongoDBSelf-ManagedAuthenticationAuthorization_Badge20250620-29-nv0d3x.pdf'
2025-08-06 13:49:33 - extractor - INFO - Attempting to extract text from 'SecuringMongoDBSelf-ManagedAuthenticationAuthorization_Badge20250620-29-nv0d3x.pdf' (type: .pdf)
2025-08-06 13:49:33 - extractor - INFO - Successfully extracted 175 characters from 'SecuringMongoDBSelf-ManagedAuthenticationAuthorization_Badge20250620-29-nv0d3x.pdf'.
2025-08-06 13:49:33 - extractor - INFO - Successfully emitted event for doc_id 'b02aa041-bee8-4a25-8aac-996dd8afbe4a' to 'doc.extracted' topic.
2025-08-06 13:59:47 - extractor - INFO - Received new message from Kafka: doc_id '0ddaf22e-96b1-4eff-8b1b-4f83029f0287' for doc_name 'GODWIN_JUDAH_J_RESUME_-_GODWIN_JUDAH_J.pdf'
2025-08-06 13:59:47 - extractor - INFO - Attempting to extract text from 'GODWIN_JUDAH_J_RESUME_-_GODWIN_JUDAH_J.pdf' (type: .pdf)
2025-08-06 13:59:48 - extractor - INFO - Successfully extracted 4750 characters from 'GODWIN_JUDAH_J_RESUME_-_GODWIN_JUDAH_J.pdf'.
2025-08-06 13:59:48 - extractor - INFO - Successfully emitted event for doc_id '0ddaf22e-96b1-4eff-8b1b-4f83029f0287' to 'doc.extracted' topic.
2025-08-06 13:59:59 - extractor - INFO - Received new message from Kafka: doc_id '1c7030d8-a59f-499b-ac9a-2a50e99a9426' for doc_name '202201100_beee_assignment_1.pdf'
2025-08-06 13:59:59 - extractor - INFO - Attempting to extract text from '202201100_beee_assignment_1.pdf' (type: .pdf)
2025-08-06 13:59:59 - extractor - WARNING - No text extracted from '202201100_beee_assignment_1.pdf'. Waiting for user input.
2025-08-06 14:00:14 - extractor - ERROR - Failed to process message for doc_id '1c7030d8-a59f-499b-ac9a-2a50e99a9426': [WinError 183] Cannot create a file when that file already exists: 'D:\\Langs\\Team_Docs\\Local working prototype\\Document-Ingestion-and-Classification\\backend\\ingestor\\uploads\\202201100_beee_assignment_1.pdf' -> 'D:\\Langs\\Team_Docs\\Local working prototype\\Document-Ingestion-and-Classification\\backend\\extractor\\..\\router\\routed_documents\\Needs_Action\\202201100_beee_assignment_1.pdf'
Traceback (most recent call last):
  File "D:\Langs\Team_Docs\Local working prototype\Document-Ingestion-and-Classification\backend\extractor\extractor.py", line 121, in process_messages
    os.rename(path, new_path)
FileExistsError: [WinError 183] Cannot create a file when that file already exists: 'D:\\Langs\\Team_Docs\\Local working prototype\\Document-Ingestion-and-Classification\\backend\\ingestor\\uploads\\202201100_beee_assignment_1.pdf' -> 'D:\\Langs\\Team_Docs\\Local working prototype\\Document-Ingestion-and-Classification\\backend\\extractor\\..\\router\\routed_documents\\Needs_Action\\202201100_beee_assignment_1.pdf'
2025-08-06 14:00:14 - extractor - INFO - Received new message from Kafka: doc_id 'd4a0d26e-04b2-4c54-a5fe-ddb615ec20ba' for doc_name 'BuildingRAGAppsUsingMongoDB_Badge20250620-27-1b51p5.pdf'
2025-08-06 14:00:14 - extractor - INFO - Attempting to extract text from 'BuildingRAGAppsUsingMongoDB_Badge20250620-27-1b51p5.pdf' (type: .pdf)
2025-08-06 14:00:14 - extractor - INFO - Successfully extracted 145 characters from 'BuildingRAGAppsUsingMongoDB_Badge20250620-27-1b51p5.pdf'.
2025-08-06 14:00:14 - extractor - INFO - Successfully emitted event for doc_id 'd4a0d26e-04b2-4c54-a5fe-ddb615ec20ba' to 'doc.extracted' topic.
2025-08-06 14:00:14 - extractor - INFO - Received new message from Kafka: doc_id 'db10b018-7e74-4417-84fc-d32cb3b6c13d' for doc_name 'EG_Assignment_5.pdf'
2025-08-06 14:00:14 - extractor - INFO - Attempting to extract text from 'EG_Assignment_5.pdf' (type: .pdf)
2025-08-06 14:00:14 - extractor - WARNING - No text extracted from 'EG_Assignment_5.pdf'. Waiting for user input.
2025-08-06 14:00:29 - extractor - ERROR - Failed to process message for doc_id 'db10b018-7e74-4417-84fc-d32cb3b6c13d': [WinError 183] Cannot create a file when that file already exists: 'D:\\Langs\\Team_Docs\\Local working prototype\\Document-Ingestion-and-Classification\\backend\\ingestor\\uploads\\EG_Assignment_5.pdf' -> 'D:\\Langs\\Team_Docs\\Local working prototype\\Document-Ingestion-and-Classification\\backend\\extractor\\..\\router\\routed_documents\\Needs_Action\\EG_Assignment_5.pdf'
Traceback (most recent call last):
  File "D:\Langs\Team_Docs\Local working prototype\Document-Ingestion-and-Classification\backend\extractor\extractor.py", line 121, in process_messages
    os.rename(path, new_path)
FileExistsError: [WinError 183] Cannot create a file when that file already exists: 'D:\\Langs\\Team_Docs\\Local working prototype\\Document-Ingestion-and-Classification\\backend\\ingestor\\uploads\\EG_Assignment_5.pdf' -> 'D:\\Langs\\Team_Docs\\Local working prototype\\Document-Ingestion-and-Classification\\backend\\extractor\\..\\router\\routed_documents\\Needs_Action\\EG_Assignment_5.pdf'
2025-08-06 14:00:30 - extractor - INFO - Received new message from Kafka: doc_id 'a431fc63-afc6-4bff-8a66-6957b96bf5fe' for doc_name 'BuildingAI-PoweredSearchwithMongoDBVectorSearch_Badge20250620-27-bqobga.pdf'
2025-08-06 14:00:30 - extractor - INFO - Attempting to extract text from 'BuildingAI-PoweredSearchwithMongoDBVectorSearch_Badge20250620-27-bqobga.pdf' (type: .pdf)
2025-08-06 14:00:30 - extractor - INFO - Successfully extracted 167 characters from 'BuildingAI-PoweredSearchwithMongoDBVectorSearch_Badge20250620-27-bqobga.pdf'.
2025-08-06 14:00:30 - extractor - INFO - Successfully emitted event for doc_id 'a431fc63-afc6-4bff-8a66-6957b96bf5fe' to 'doc.extracted' topic.
2025-08-06 14:00:30 - extractor - INFO - Received new message from Kafka: doc_id 'dba9c1d4-e1f9-4753-90e9-394f3070c3e6' for doc_name 'DocScanner_Jul_5_2023_9-18_PM.pdf'
2025-08-06 14:00:30 - extractor - INFO - Attempting to extract text from 'DocScanner_Jul_5_2023_9-18_PM.pdf' (type: .pdf)
2025-08-06 14:00:30 - extractor - WARNING - No text extracted from 'DocScanner_Jul_5_2023_9-18_PM.pdf'. Waiting for user input.
2025-08-06 14:00:45 - extractor - ERROR - Failed to process message for doc_id 'dba9c1d4-e1f9-4753-90e9-394f3070c3e6': [WinError 183] Cannot create a file when that file already exists: 'D:\\Langs\\Team_Docs\\Local working prototype\\Document-Ingestion-and-Classification\\backend\\ingestor\\uploads\\DocScanner_Jul_5_2023_9-18_PM.pdf' -> 'D:\\Langs\\Team_Docs\\Local working prototype\\Document-Ingestion-and-Classification\\backend\\extractor\\..\\router\\routed_documents\\Needs_Action\\DocScanner_Jul_5_2023_9-18_PM.pdf'
Traceback (most recent call last):
  File "D:\Langs\Team_Docs\Local working prototype\Document-Ingestion-and-Classification\backend\extractor\extractor.py", line 121, in process_messages
    os.rename(path, new_path)
FileExistsError: [WinError 183] Cannot create a file when that file already exists: 'D:\\Langs\\Team_Docs\\Local working prototype\\Document-Ingestion-and-Classification\\backend\\ingestor\\uploads\\DocScanner_Jul_5_2023_9-18_PM.pdf' -> 'D:\\Langs\\Team_Docs\\Local working prototype\\Document-Ingestion-and-Classification\\backend\\extractor\\..\\router\\routed_documents\\Needs_Action\\DocScanner_Jul_5_2023_9-18_PM.pdf'
2025-08-06 14:00:45 - extractor - INFO - Received new message from Kafka: doc_id '68ec5529-be95-4b48-b0da-0c33aa78e570' for doc_name 'CRUDOperationsinMongoDB_Badge20250620-27-jt9xd8.pdf'
2025-08-06 14:00:45 - extractor - INFO - Attempting to extract text from 'CRUDOperationsinMongoDB_Badge20250620-27-jt9xd8.pdf' (type: .pdf)
2025-08-06 14:00:45 - extractor - INFO - Successfully extracted 140 characters from 'CRUDOperationsinMongoDB_Badge20250620-27-jt9xd8.pdf'.
2025-08-06 14:00:45 - extractor - INFO - Successfully emitted event for doc_id '68ec5529-be95-4b48-b0da-0c33aa78e570' to 'doc.extracted' topic.
2025-08-06 14:00:45 - extractor - INFO - Received new message from Kafka: doc_id '9f8e0089-e57a-4a38-a2a8-38a08dea15d6' for doc_name 'English_2.pdf'
2025-08-06 14:00:45 - extractor - INFO - Attempting to extract text from 'English_2.pdf' (type: .pdf)
2025-08-06 14:00:45 - extractor - WARNING - No text extracted from 'English_2.pdf'. Waiting for user input.
2025-08-06 14:01:00 - extractor - ERROR - Failed to process message for doc_id '9f8e0089-e57a-4a38-a2a8-38a08dea15d6': [WinError 183] Cannot create a file when that file already exists: 'D:\\Langs\\Team_Docs\\Local working prototype\\Document-Ingestion-and-Classification\\backend\\ingestor\\uploads\\English_2.pdf' -> 'D:\\Langs\\Team_Docs\\Local working prototype\\Document-Ingestion-and-Classification\\backend\\extractor\\..\\router\\routed_documents\\Needs_Action\\English_2.pdf'
Traceback (most recent call last):
  File "D:\Langs\Team_Docs\Local working prototype\Document-Ingestion-and-Classification\backend\extractor\extractor.py", line 121, in process_messages
    os.rename(path, new_path)
FileExistsError: [WinError 183] Cannot create a file when that file already exists: 'D:\\Langs\\Team_Docs\\Local working prototype\\Document-Ingestion-and-Classification\\backend\\ingestor\\uploads\\English_2.pdf' -> 'D:\\Langs\\Team_Docs\\Local working prototype\\Document-Ingestion-and-Classification\\backend\\extractor\\..\\router\\routed_documents\\Needs_Action\\English_2.pdf'
2025-08-06 14:01:00 - extractor - INFO - Received new message from Kafka: doc_id 'dae744a5-948e-4e60-b441-5582514b3893' for doc_name 'FromRelationalModelSQLtoMongoDBsDocumentModel_Badge20250620-26-c3iwpo.pdf'
2025-08-06 14:01:00 - extractor - INFO - Attempting to extract text from 'FromRelationalModelSQLtoMongoDBsDocumentModel_Badge20250620-26-c3iwpo.pdf' (type: .pdf)
2025-08-06 14:01:00 - extractor - INFO - Successfully extracted 169 characters from 'FromRelationalModelSQLtoMongoDBsDocumentModel_Badge20250620-26-c3iwpo.pdf'.
2025-08-06 14:01:01 - extractor - INFO - Successfully emitted event for doc_id 'dae744a5-948e-4e60-b441-5582514b3893' to 'doc.extracted' topic.
2025-08-06 14:01:01 - extractor - INFO - Received new message from Kafka: doc_id 'a0c26a5c-f457-4991-85bf-7cf2923a5e23' for doc_name 'GODWIN_JUDAH_J_RESUME_-_GODWIN_JUDAH_J.pdf'
2025-08-06 14:01:01 - extractor - INFO - Attempting to extract text from 'GODWIN_JUDAH_J_RESUME_-_GODWIN_JUDAH_J.pdf' (type: .pdf)
2025-08-06 14:01:01 - extractor - INFO - Successfully extracted 4750 characters from 'GODWIN_JUDAH_J_RESUME_-_GODWIN_JUDAH_J.pdf'.
2025-08-06 14:01:01 - extractor - INFO - Successfully emitted event for doc_id 'a0c26a5c-f457-4991-85bf-7cf2923a5e23' to 'doc.extracted' topic.
2025-08-06 14:01:01 - extractor - INFO - Received new message from Kafka: doc_id '906fae70-bc11-44bf-ac8c-a36d579ddb09' for doc_name 'invoice1.pdf'
2025-08-06 14:01:01 - extractor - INFO - Attempting to extract text from 'invoice1.pdf' (type: .pdf)
2025-08-06 14:01:01 - extractor - ERROR - Failed to extract text from D:\Langs\Team_Docs\Local working prototype\Document-Ingestion-and-Classification\backend\ingestor\uploads\invoice1.pdf
Traceback (most recent call last):
  File "D:\Langs\Team_Docs\Local working prototype\Document-Ingestion-and-Classification\backend\venv\Lib\site-packages\pdfplumber\pdf.py", line 50, in __init__
    self.doc = PDFDocument(PDFParser(stream), password=password or "")
               ^^^^^^^^^^^^^^^^^^^^^^^^^^^^^^^^^^^^^^^^^^^^^^^^^^^^^^^
  File "D:\Langs\Team_Docs\Local working prototype\Document-Ingestion-and-Classification\backend\venv\Lib\site-packages\pdfminer\pdfdocument.py", line 752, in __init__
    raise PDFSyntaxError("No /Root object! - Is this really a PDF?")
pdfminer.pdfparser.PDFSyntaxError: No /Root object! - Is this really a PDF?

During handling of the above exception, another exception occurred:

Traceback (most recent call last):
  File "D:\Langs\Team_Docs\Local working prototype\Document-Ingestion-and-Classification\backend\extractor\extractor.py", line 31, in extract_text
    with pdfplumber.open(file_path) as pdf:
         ^^^^^^^^^^^^^^^^^^^^^^^^^^
  File "D:\Langs\Team_Docs\Local working prototype\Document-Ingestion-and-Classification\backend\venv\Lib\site-packages\pdfplumber\pdf.py", line 107, in open
    return cls(
           ^^^^
  File "D:\Langs\Team_Docs\Local working prototype\Document-Ingestion-and-Classification\backend\venv\Lib\site-packages\pdfplumber\pdf.py", line 52, in __init__
    raise PdfminerException(e)
pdfplumber.utils.exceptions.PdfminerException: No /Root object! - Is this really a PDF?
2025-08-06 14:01:01 - extractor - WARNING - No text extracted from 'invoice1.pdf'. Waiting for user input.
2025-08-06 14:01:16 - extractor - ERROR - Failed to process message for doc_id '906fae70-bc11-44bf-ac8c-a36d579ddb09': [WinError 183] Cannot create a file when that file already exists: 'D:\\Langs\\Team_Docs\\Local working prototype\\Document-Ingestion-and-Classification\\backend\\ingestor\\uploads\\invoice1.pdf' -> 'D:\\Langs\\Team_Docs\\Local working prototype\\Document-Ingestion-and-Classification\\backend\\extractor\\..\\router\\routed_documents\\Needs_Action\\invoice1.pdf'
Traceback (most recent call last):
  File "D:\Langs\Team_Docs\Local working prototype\Document-Ingestion-and-Classification\backend\extractor\extractor.py", line 121, in process_messages
    os.rename(path, new_path)
FileExistsError: [WinError 183] Cannot create a file when that file already exists: 'D:\\Langs\\Team_Docs\\Local working prototype\\Document-Ingestion-and-Classification\\backend\\ingestor\\uploads\\invoice1.pdf' -> 'D:\\Langs\\Team_Docs\\Local working prototype\\Document-Ingestion-and-Classification\\backend\\extractor\\..\\router\\routed_documents\\Needs_Action\\invoice1.pdf'
2025-08-06 14:01:16 - extractor - INFO - Received new message from Kafka: doc_id 'fae460f2-75e3-4640-b2b6-9c431b970f3d' for doc_name 'JAYA_SHREE_RESUME_3_-_JAYA_SHREE_P.pdf'
2025-08-06 14:01:16 - extractor - INFO - Attempting to extract text from 'JAYA_SHREE_RESUME_3_-_JAYA_SHREE_P.pdf' (type: .pdf)
2025-08-06 14:01:16 - extractor - INFO - Successfully extracted 1 characters from 'JAYA_SHREE_RESUME_3_-_JAYA_SHREE_P.pdf'.
2025-08-06 14:01:16 - extractor - INFO - Successfully emitted event for doc_id 'fae460f2-75e3-4640-b2b6-9c431b970f3d' to 'doc.extracted' topic.
2025-08-06 14:01:17 - extractor - INFO - Received new message from Kafka: doc_id '3630937e-e05f-409a-bbd8-b442a2ed45f5' for doc_name 'Intel_AI_Reference_Kits.pdf'
2025-08-06 14:01:17 - extractor - INFO - Attempting to extract text from 'Intel_AI_Reference_Kits.pdf' (type: .pdf)
2025-08-06 14:01:18 - extractor - INFO - Successfully extracted 5993 characters from 'Intel_AI_Reference_Kits.pdf'.
2025-08-06 14:01:18 - extractor - INFO - Successfully emitted event for doc_id '3630937e-e05f-409a-bbd8-b442a2ed45f5' to 'doc.extracted' topic.
2025-08-06 14:01:19 - extractor - INFO - Received new message from Kafka: doc_id '431604a4-261c-4d28-9040-c38515eebb6b' for doc_name 'invoice3.pdf'
2025-08-06 14:01:19 - extractor - INFO - Attempting to extract text from 'invoice3.pdf' (type: .pdf)
2025-08-06 14:01:19 - extractor - ERROR - Failed to extract text from D:\Langs\Team_Docs\Local working prototype\Document-Ingestion-and-Classification\backend\ingestor\uploads\invoice3.pdf
Traceback (most recent call last):
  File "D:\Langs\Team_Docs\Local working prototype\Document-Ingestion-and-Classification\backend\venv\Lib\site-packages\pdfplumber\pdf.py", line 50, in __init__
    self.doc = PDFDocument(PDFParser(stream), password=password or "")
               ^^^^^^^^^^^^^^^^^^^^^^^^^^^^^^^^^^^^^^^^^^^^^^^^^^^^^^^
  File "D:\Langs\Team_Docs\Local working prototype\Document-Ingestion-and-Classification\backend\venv\Lib\site-packages\pdfminer\pdfdocument.py", line 752, in __init__
    raise PDFSyntaxError("No /Root object! - Is this really a PDF?")
pdfminer.pdfparser.PDFSyntaxError: No /Root object! - Is this really a PDF?

During handling of the above exception, another exception occurred:

Traceback (most recent call last):
  File "D:\Langs\Team_Docs\Local working prototype\Document-Ingestion-and-Classification\backend\extractor\extractor.py", line 31, in extract_text
    with pdfplumber.open(file_path) as pdf:
         ^^^^^^^^^^^^^^^^^^^^^^^^^^
  File "D:\Langs\Team_Docs\Local working prototype\Document-Ingestion-and-Classification\backend\venv\Lib\site-packages\pdfplumber\pdf.py", line 107, in open
    return cls(
           ^^^^
  File "D:\Langs\Team_Docs\Local working prototype\Document-Ingestion-and-Classification\backend\venv\Lib\site-packages\pdfplumber\pdf.py", line 52, in __init__
    raise PdfminerException(e)
pdfplumber.utils.exceptions.PdfminerException: No /Root object! - Is this really a PDF?
2025-08-06 14:01:19 - extractor - WARNING - No text extracted from 'invoice3.pdf'. Waiting for user input.
2025-08-06 14:01:34 - extractor - ERROR - Failed to process message for doc_id '431604a4-261c-4d28-9040-c38515eebb6b': [WinError 183] Cannot create a file when that file already exists: 'D:\\Langs\\Team_Docs\\Local working prototype\\Document-Ingestion-and-Classification\\backend\\ingestor\\uploads\\invoice3.pdf' -> 'D:\\Langs\\Team_Docs\\Local working prototype\\Document-Ingestion-and-Classification\\backend\\extractor\\..\\router\\routed_documents\\Needs_Action\\invoice3.pdf'
Traceback (most recent call last):
  File "D:\Langs\Team_Docs\Local working prototype\Document-Ingestion-and-Classification\backend\extractor\extractor.py", line 121, in process_messages
    os.rename(path, new_path)
FileExistsError: [WinError 183] Cannot create a file when that file already exists: 'D:\\Langs\\Team_Docs\\Local working prototype\\Document-Ingestion-and-Classification\\backend\\ingestor\\uploads\\invoice3.pdf' -> 'D:\\Langs\\Team_Docs\\Local working prototype\\Document-Ingestion-and-Classification\\backend\\extractor\\..\\router\\routed_documents\\Needs_Action\\invoice3.pdf'
2025-08-06 14:01:34 - extractor - INFO - Received new message from Kafka: doc_id '836b14f0-9b02-4eb9-b64b-7465e6f3b1ff' for doc_name 'JAYASHREE-resume_-_JAYASHREE_R.pdf'
2025-08-06 14:01:34 - extractor - INFO - Attempting to extract text from 'JAYASHREE-resume_-_JAYASHREE_R.pdf' (type: .pdf)
2025-08-06 14:01:34 - extractor - INFO - Successfully extracted 1847 characters from 'JAYASHREE-resume_-_JAYASHREE_R.pdf'.
2025-08-06 14:01:34 - extractor - INFO - Successfully emitted event for doc_id '836b14f0-9b02-4eb9-b64b-7465e6f3b1ff' to 'doc.extracted' topic.
2025-08-06 14:01:34 - extractor - INFO - Received new message from Kafka: doc_id '6d4002cb-376a-40ea-86d4-dc63b72a2a49' for doc_name 'MongoDBAdvancedSchemaDesignPatternsandAntipatternsSkillBadge_Badge20250620-25-quwb1l.pdf'
2025-08-06 14:01:34 - extractor - INFO - Attempting to extract text from 'MongoDBAdvancedSchemaDesignPatternsandAntipatternsSkillBadge_Badge20250620-25-quwb1l.pdf' (type: .pdf)
2025-08-06 14:01:34 - extractor - INFO - Successfully extracted 182 characters from 'MongoDBAdvancedSchemaDesignPatternsandAntipatternsSkillBadge_Badge20250620-25-quwb1l.pdf'.
2025-08-06 14:01:34 - extractor - INFO - Successfully emitted event for doc_id '6d4002cb-376a-40ea-86d4-dc63b72a2a49' to 'doc.extracted' topic.
2025-08-06 14:01:34 - extractor - INFO - Received new message from Kafka: doc_id 'bbda5dd2-234b-4572-b3cb-01709ee91377' for doc_name 'MongoDBQueryOptimizationTechniques_Badge20250620-25-uqulmn.pdf'
2025-08-06 14:01:34 - extractor - INFO - Attempting to extract text from 'MongoDBQueryOptimizationTechniques_Badge20250620-25-uqulmn.pdf' (type: .pdf)
2025-08-06 14:01:34 - extractor - INFO - Successfully extracted 151 characters from 'MongoDBQueryOptimizationTechniques_Badge20250620-25-uqulmn.pdf'.
2025-08-06 14:01:35 - extractor - INFO - Successfully emitted event for doc_id 'bbda5dd2-234b-4572-b3cb-01709ee91377' to 'doc.extracted' topic.
2025-08-06 14:01:35 - extractor - INFO - Received new message from Kafka: doc_id '8475491c-ca0d-46af-a132-587069f71bd7' for doc_name 'MongoDBBasicsforStudents_Badge20250620-29-jwwbtq.pdf'
2025-08-06 14:01:35 - extractor - INFO - Attempting to extract text from 'MongoDBBasicsforStudents_Badge20250620-29-jwwbtq.pdf' (type: .pdf)
2025-08-06 14:01:35 - extractor - INFO - Successfully extracted 141 characters from 'MongoDBBasicsforStudents_Badge20250620-29-jwwbtq.pdf'.
2025-08-06 14:01:35 - extractor - INFO - Successfully emitted event for doc_id '8475491c-ca0d-46af-a132-587069f71bd7' to 'doc.extracted' topic.
2025-08-06 14:01:35 - extractor - INFO - Received new message from Kafka: doc_id '5d723ecb-56ee-46ad-ab30-7e438e9b9ce6' for doc_name 'invoice3.pdf'
2025-08-06 14:01:35 - extractor - INFO - Attempting to extract text from 'invoice3.pdf' (type: .pdf)
2025-08-06 14:01:35 - extractor - ERROR - Failed to extract text from D:\Langs\Team_Docs\Local working prototype\Document-Ingestion-and-Classification\backend\ingestor\uploads\invoice3.pdf
Traceback (most recent call last):
  File "D:\Langs\Team_Docs\Local working prototype\Document-Ingestion-and-Classification\backend\venv\Lib\site-packages\pdfplumber\pdf.py", line 50, in __init__
    self.doc = PDFDocument(PDFParser(stream), password=password or "")
               ^^^^^^^^^^^^^^^^^^^^^^^^^^^^^^^^^^^^^^^^^^^^^^^^^^^^^^^
  File "D:\Langs\Team_Docs\Local working prototype\Document-Ingestion-and-Classification\backend\venv\Lib\site-packages\pdfminer\pdfdocument.py", line 752, in __init__
    raise PDFSyntaxError("No /Root object! - Is this really a PDF?")
pdfminer.pdfparser.PDFSyntaxError: No /Root object! - Is this really a PDF?

During handling of the above exception, another exception occurred:

Traceback (most recent call last):
  File "D:\Langs\Team_Docs\Local working prototype\Document-Ingestion-and-Classification\backend\extractor\extractor.py", line 31, in extract_text
    with pdfplumber.open(file_path) as pdf:
         ^^^^^^^^^^^^^^^^^^^^^^^^^^
  File "D:\Langs\Team_Docs\Local working prototype\Document-Ingestion-and-Classification\backend\venv\Lib\site-packages\pdfplumber\pdf.py", line 107, in open
    return cls(
           ^^^^
  File "D:\Langs\Team_Docs\Local working prototype\Document-Ingestion-and-Classification\backend\venv\Lib\site-packages\pdfplumber\pdf.py", line 52, in __init__
    raise PdfminerException(e)
pdfplumber.utils.exceptions.PdfminerException: No /Root object! - Is this really a PDF?
2025-08-06 14:01:35 - extractor - WARNING - No text extracted from 'invoice3.pdf'. Waiting for user input.
2025-08-06 14:01:50 - extractor - ERROR - Failed to process message for doc_id '5d723ecb-56ee-46ad-ab30-7e438e9b9ce6': [WinError 183] Cannot create a file when that file already exists: 'D:\\Langs\\Team_Docs\\Local working prototype\\Document-Ingestion-and-Classification\\backend\\ingestor\\uploads\\invoice3.pdf' -> 'D:\\Langs\\Team_Docs\\Local working prototype\\Document-Ingestion-and-Classification\\backend\\extractor\\..\\router\\routed_documents\\Needs_Action\\invoice3.pdf'
Traceback (most recent call last):
  File "D:\Langs\Team_Docs\Local working prototype\Document-Ingestion-and-Classification\backend\extractor\extractor.py", line 121, in process_messages
    os.rename(path, new_path)
FileExistsError: [WinError 183] Cannot create a file when that file already exists: 'D:\\Langs\\Team_Docs\\Local working prototype\\Document-Ingestion-and-Classification\\backend\\ingestor\\uploads\\invoice3.pdf' -> 'D:\\Langs\\Team_Docs\\Local working prototype\\Document-Ingestion-and-Classification\\backend\\extractor\\..\\router\\routed_documents\\Needs_Action\\invoice3.pdf'
2025-08-06 14:01:50 - extractor - INFO - Received new message from Kafka: doc_id 'b9a397c3-ba90-4d4d-9d2f-11b97c7ea12d' for doc_name 'MongoDBSchemaDesignOptimizationSkillBadge_Badge20250620-24-g7xmz9.pdf'
2025-08-06 14:01:50 - extractor - INFO - Attempting to extract text from 'MongoDBSchemaDesignOptimizationSkillBadge_Badge20250620-24-g7xmz9.pdf' (type: .pdf)
2025-08-06 14:01:50 - extractor - INFO - Successfully extracted 160 characters from 'MongoDBSchemaDesignOptimizationSkillBadge_Badge20250620-24-g7xmz9.pdf'.
2025-08-06 14:01:50 - extractor - INFO - Successfully emitted event for doc_id 'b9a397c3-ba90-4d4d-9d2f-11b97c7ea12d' to 'doc.extracted' topic.
2025-08-06 14:01:50 - extractor - INFO - Received new message from Kafka: doc_id 'e8b50a54-c2ed-4299-b450-482c242ab8ef' for doc_name 'MongoDBAggregationFundamentals_Badge20250620-27-bg2ih1.pdf'
2025-08-06 14:01:50 - extractor - INFO - Attempting to extract text from 'MongoDBAggregationFundamentals_Badge20250620-27-bg2ih1.pdf' (type: .pdf)
2025-08-06 14:01:50 - extractor - INFO - Successfully extracted 146 characters from 'MongoDBAggregationFundamentals_Badge20250620-27-bg2ih1.pdf'.
2025-08-06 14:01:50 - extractor - INFO - Successfully emitted event for doc_id 'e8b50a54-c2ed-4299-b450-482c242ab8ef' to 'doc.extracted' topic.
2025-08-06 14:01:50 - extractor - INFO - Received new message from Kafka: doc_id 'e8376561-258c-40ad-bd18-70249c70ed2d' for doc_name 'MongoDBSchemaDesignPatternsandAntipatternsSkillBadge_Badge20250620-27-v47272.pdf'
2025-08-06 14:01:51 - extractor - INFO - Attempting to extract text from 'MongoDBSchemaDesignPatternsandAntipatternsSkillBadge_Badge20250620-27-v47272.pdf' (type: .pdf)
2025-08-06 14:01:51 - extractor - INFO - Successfully extracted 173 characters from 'MongoDBSchemaDesignPatternsandAntipatternsSkillBadge_Badge20250620-27-v47272.pdf'.
2025-08-06 14:01:51 - extractor - INFO - Successfully emitted event for doc_id 'e8376561-258c-40ad-bd18-70249c70ed2d' to 'doc.extracted' topic.
2025-08-06 14:01:51 - extractor - INFO - Received new message from Kafka: doc_id '0ca3e5a1-4f94-48aa-bdf9-06395946e0ca' for doc_name 'Naveen_-_Resume.pdf'
2025-08-06 14:01:51 - extractor - INFO - Attempting to extract text from 'Naveen_-_Resume.pdf' (type: .pdf)
2025-08-06 14:01:51 - extractor - INFO - Successfully extracted 1404 characters from 'Naveen_-_Resume.pdf'.
2025-08-06 14:01:51 - extractor - INFO - Successfully emitted event for doc_id '0ca3e5a1-4f94-48aa-bdf9-06395946e0ca' to 'doc.extracted' topic.
2025-08-06 14:01:51 - extractor - INFO - Received new message from Kafka: doc_id '6ee6ded2-8fd0-4c81-ad8d-1de0e4565dfa' for doc_name 'Naveen_Resume.pdf'
2025-08-06 14:01:51 - extractor - INFO - Attempting to extract text from 'Naveen_Resume.pdf' (type: .pdf)
2025-08-06 14:01:51 - extractor - INFO - Successfully extracted 2962 characters from 'Naveen_Resume.pdf'.
2025-08-06 14:01:51 - extractor - INFO - Successfully emitted event for doc_id '6ee6ded2-8fd0-4c81-ad8d-1de0e4565dfa' to 'doc.extracted' topic.
2025-08-06 14:01:51 - extractor - INFO - Received new message from Kafka: doc_id '4cbde763-02c2-414c-96d7-3fcda7c3536e' for doc_name 'Muni_Charmi_-_MUNI_CHARMI_T.pdf'
2025-08-06 14:01:51 - extractor - INFO - Attempting to extract text from 'Muni_Charmi_-_MUNI_CHARMI_T.pdf' (type: .pdf)
2025-08-06 14:01:52 - extractor - INFO - Successfully extracted 2847 characters from 'Muni_Charmi_-_MUNI_CHARMI_T.pdf'.
2025-08-06 14:01:52 - extractor - INFO - Successfully emitted event for doc_id '4cbde763-02c2-414c-96d7-3fcda7c3536e' to 'doc.extracted' topic.
2025-08-06 14:01:52 - extractor - INFO - Received new message from Kafka: doc_id '8b82b406-2f3f-43a4-8b06-4fb7b0b334fb' for doc_name 'PRABHU_SUNDAR_Resume_-_PRABHU_SUNDAR_D_1.pdf'
2025-08-06 14:01:52 - extractor - INFO - Attempting to extract text from 'PRABHU_SUNDAR_Resume_-_PRABHU_SUNDAR_D_1.pdf' (type: .pdf)
2025-08-06 14:01:52 - extractor - INFO - Successfully extracted 1801 characters from 'PRABHU_SUNDAR_Resume_-_PRABHU_SUNDAR_D_1.pdf'.
2025-08-06 14:01:52 - extractor - INFO - Successfully emitted event for doc_id '8b82b406-2f3f-43a4-8b06-4fb7b0b334fb' to 'doc.extracted' topic.
2025-08-06 14:01:52 - extractor - INFO - Received new message from Kafka: doc_id '8e15e0d4-483a-4aeb-a8f5-5f7c5a9a5349' for doc_name 'invoice1.pdf'
2025-08-06 14:01:52 - extractor - INFO - Attempting to extract text from 'invoice1.pdf' (type: .pdf)
2025-08-06 14:01:52 - extractor - ERROR - Failed to extract text from D:\Langs\Team_Docs\Local working prototype\Document-Ingestion-and-Classification\backend\ingestor\uploads\invoice1.pdf
Traceback (most recent call last):
  File "D:\Langs\Team_Docs\Local working prototype\Document-Ingestion-and-Classification\backend\venv\Lib\site-packages\pdfplumber\pdf.py", line 50, in __init__
    self.doc = PDFDocument(PDFParser(stream), password=password or "")
               ^^^^^^^^^^^^^^^^^^^^^^^^^^^^^^^^^^^^^^^^^^^^^^^^^^^^^^^
  File "D:\Langs\Team_Docs\Local working prototype\Document-Ingestion-and-Classification\backend\venv\Lib\site-packages\pdfminer\pdfdocument.py", line 752, in __init__
    raise PDFSyntaxError("No /Root object! - Is this really a PDF?")
pdfminer.pdfparser.PDFSyntaxError: No /Root object! - Is this really a PDF?

During handling of the above exception, another exception occurred:

Traceback (most recent call last):
  File "D:\Langs\Team_Docs\Local working prototype\Document-Ingestion-and-Classification\backend\extractor\extractor.py", line 31, in extract_text
    with pdfplumber.open(file_path) as pdf:
         ^^^^^^^^^^^^^^^^^^^^^^^^^^
  File "D:\Langs\Team_Docs\Local working prototype\Document-Ingestion-and-Classification\backend\venv\Lib\site-packages\pdfplumber\pdf.py", line 107, in open
    return cls(
           ^^^^
  File "D:\Langs\Team_Docs\Local working prototype\Document-Ingestion-and-Classification\backend\venv\Lib\site-packages\pdfplumber\pdf.py", line 52, in __init__
    raise PdfminerException(e)
pdfplumber.utils.exceptions.PdfminerException: No /Root object! - Is this really a PDF?
2025-08-06 14:01:52 - extractor - WARNING - No text extracted from 'invoice1.pdf'. Waiting for user input.
2025-08-06 14:02:07 - extractor - ERROR - Failed to process message for doc_id '8e15e0d4-483a-4aeb-a8f5-5f7c5a9a5349': [WinError 183] Cannot create a file when that file already exists: 'D:\\Langs\\Team_Docs\\Local working prototype\\Document-Ingestion-and-Classification\\backend\\ingestor\\uploads\\invoice1.pdf' -> 'D:\\Langs\\Team_Docs\\Local working prototype\\Document-Ingestion-and-Classification\\backend\\extractor\\..\\router\\routed_documents\\Needs_Action\\invoice1.pdf'
Traceback (most recent call last):
  File "D:\Langs\Team_Docs\Local working prototype\Document-Ingestion-and-Classification\backend\extractor\extractor.py", line 121, in process_messages
    os.rename(path, new_path)
FileExistsError: [WinError 183] Cannot create a file when that file already exists: 'D:\\Langs\\Team_Docs\\Local working prototype\\Document-Ingestion-and-Classification\\backend\\ingestor\\uploads\\invoice1.pdf' -> 'D:\\Langs\\Team_Docs\\Local working prototype\\Document-Ingestion-and-Classification\\backend\\extractor\\..\\router\\routed_documents\\Needs_Action\\invoice1.pdf'
2025-08-06 14:02:07 - extractor - INFO - Received new message from Kafka: doc_id '5f5a13ae-d4b6-46aa-9623-f6f444847a44' for doc_name 'resume.pdf'
2025-08-06 14:02:07 - extractor - INFO - Attempting to extract text from 'resume.pdf' (type: .pdf)
2025-08-06 14:02:07 - extractor - ERROR - Failed to extract text from D:\Langs\Team_Docs\Local working prototype\Document-Ingestion-and-Classification\backend\ingestor\uploads\resume.pdf
Traceback (most recent call last):
  File "D:\Langs\Team_Docs\Local working prototype\Document-Ingestion-and-Classification\backend\venv\Lib\site-packages\pdfplumber\pdf.py", line 50, in __init__
    self.doc = PDFDocument(PDFParser(stream), password=password or "")
               ^^^^^^^^^^^^^^^^^^^^^^^^^^^^^^^^^^^^^^^^^^^^^^^^^^^^^^^
  File "D:\Langs\Team_Docs\Local working prototype\Document-Ingestion-and-Classification\backend\venv\Lib\site-packages\pdfminer\pdfdocument.py", line 752, in __init__
    raise PDFSyntaxError("No /Root object! - Is this really a PDF?")
pdfminer.pdfparser.PDFSyntaxError: No /Root object! - Is this really a PDF?

During handling of the above exception, another exception occurred:

Traceback (most recent call last):
  File "D:\Langs\Team_Docs\Local working prototype\Document-Ingestion-and-Classification\backend\extractor\extractor.py", line 31, in extract_text
    with pdfplumber.open(file_path) as pdf:
         ^^^^^^^^^^^^^^^^^^^^^^^^^^
  File "D:\Langs\Team_Docs\Local working prototype\Document-Ingestion-and-Classification\backend\venv\Lib\site-packages\pdfplumber\pdf.py", line 107, in open
    return cls(
           ^^^^
  File "D:\Langs\Team_Docs\Local working prototype\Document-Ingestion-and-Classification\backend\venv\Lib\site-packages\pdfplumber\pdf.py", line 52, in __init__
    raise PdfminerException(e)
pdfplumber.utils.exceptions.PdfminerException: No /Root object! - Is this really a PDF?
2025-08-06 14:02:07 - extractor - WARNING - No text extracted from 'resume.pdf'. Waiting for user input.
2025-08-06 14:02:22 - extractor - ERROR - Failed to process message for doc_id '5f5a13ae-d4b6-46aa-9623-f6f444847a44': [WinError 183] Cannot create a file when that file already exists: 'D:\\Langs\\Team_Docs\\Local working prototype\\Document-Ingestion-and-Classification\\backend\\ingestor\\uploads\\resume.pdf' -> 'D:\\Langs\\Team_Docs\\Local working prototype\\Document-Ingestion-and-Classification\\backend\\extractor\\..\\router\\routed_documents\\Needs_Action\\resume.pdf'
Traceback (most recent call last):
  File "D:\Langs\Team_Docs\Local working prototype\Document-Ingestion-and-Classification\backend\extractor\extractor.py", line 121, in process_messages
    os.rename(path, new_path)
FileExistsError: [WinError 183] Cannot create a file when that file already exists: 'D:\\Langs\\Team_Docs\\Local working prototype\\Document-Ingestion-and-Classification\\backend\\ingestor\\uploads\\resume.pdf' -> 'D:\\Langs\\Team_Docs\\Local working prototype\\Document-Ingestion-and-Classification\\backend\\extractor\\..\\router\\routed_documents\\Needs_Action\\resume.pdf'
2025-08-06 14:02:22 - extractor - INFO - Received new message from Kafka: doc_id 'da6bc856-10ce-41a1-8008-3d8f787b6fee' for doc_name 'Resume_NEW_Jun_2025_-_KANNAN_C_J.pdf'
2025-08-06 14:02:22 - extractor - INFO - Attempting to extract text from 'Resume_NEW_Jun_2025_-_KANNAN_C_J.pdf' (type: .pdf)
2025-08-06 14:02:23 - extractor - INFO - Successfully extracted 1467 characters from 'Resume_NEW_Jun_2025_-_KANNAN_C_J.pdf'.
2025-08-06 14:02:23 - extractor - INFO - Successfully emitted event for doc_id 'da6bc856-10ce-41a1-8008-3d8f787b6fee' to 'doc.extracted' topic.
2025-08-06 14:02:23 - extractor - INFO - Received new message from Kafka: doc_id 'e1538d0c-3027-4255-81f9-8585c9b9995d' for doc_name 'sadha_cv_-_SADHA_SHREE_R.pdf'
2025-08-06 14:02:23 - extractor - INFO - Attempting to extract text from 'sadha_cv_-_SADHA_SHREE_R.pdf' (type: .pdf)
2025-08-06 14:02:23 - extractor - INFO - Successfully extracted 1907 characters from 'sadha_cv_-_SADHA_SHREE_R.pdf'.
2025-08-06 14:02:23 - extractor - INFO - Successfully emitted event for doc_id 'e1538d0c-3027-4255-81f9-8585c9b9995d' to 'doc.extracted' topic.
2025-08-06 14:02:23 - extractor - INFO - Received new message from Kafka: doc_id '17ce45d9-3ca6-4e82-8a46-d2719848ee0c' for doc_name 'resume2.pdf'
2025-08-06 14:02:23 - extractor - INFO - Attempting to extract text from 'resume2.pdf' (type: .pdf)
2025-08-06 14:02:23 - extractor - ERROR - Failed to extract text from D:\Langs\Team_Docs\Local working prototype\Document-Ingestion-and-Classification\backend\ingestor\uploads\resume2.pdf
Traceback (most recent call last):
  File "D:\Langs\Team_Docs\Local working prototype\Document-Ingestion-and-Classification\backend\venv\Lib\site-packages\pdfplumber\pdf.py", line 50, in __init__
    self.doc = PDFDocument(PDFParser(stream), password=password or "")
               ^^^^^^^^^^^^^^^^^^^^^^^^^^^^^^^^^^^^^^^^^^^^^^^^^^^^^^^
  File "D:\Langs\Team_Docs\Local working prototype\Document-Ingestion-and-Classification\backend\venv\Lib\site-packages\pdfminer\pdfdocument.py", line 752, in __init__
    raise PDFSyntaxError("No /Root object! - Is this really a PDF?")
pdfminer.pdfparser.PDFSyntaxError: No /Root object! - Is this really a PDF?

During handling of the above exception, another exception occurred:

Traceback (most recent call last):
  File "D:\Langs\Team_Docs\Local working prototype\Document-Ingestion-and-Classification\backend\extractor\extractor.py", line 31, in extract_text
    with pdfplumber.open(file_path) as pdf:
         ^^^^^^^^^^^^^^^^^^^^^^^^^^
  File "D:\Langs\Team_Docs\Local working prototype\Document-Ingestion-and-Classification\backend\venv\Lib\site-packages\pdfplumber\pdf.py", line 107, in open
    return cls(
           ^^^^
  File "D:\Langs\Team_Docs\Local working prototype\Document-Ingestion-and-Classification\backend\venv\Lib\site-packages\pdfplumber\pdf.py", line 52, in __init__
    raise PdfminerException(e)
pdfplumber.utils.exceptions.PdfminerException: No /Root object! - Is this really a PDF?
2025-08-06 14:02:23 - extractor - WARNING - No text extracted from 'resume2.pdf'. Waiting for user input.
2025-08-06 14:02:38 - extractor - ERROR - Failed to process message for doc_id '17ce45d9-3ca6-4e82-8a46-d2719848ee0c': [WinError 183] Cannot create a file when that file already exists: 'D:\\Langs\\Team_Docs\\Local working prototype\\Document-Ingestion-and-Classification\\backend\\ingestor\\uploads\\resume2.pdf' -> 'D:\\Langs\\Team_Docs\\Local working prototype\\Document-Ingestion-and-Classification\\backend\\extractor\\..\\router\\routed_documents\\Needs_Action\\resume2.pdf'
Traceback (most recent call last):
  File "D:\Langs\Team_Docs\Local working prototype\Document-Ingestion-and-Classification\backend\extractor\extractor.py", line 121, in process_messages
    os.rename(path, new_path)
FileExistsError: [WinError 183] Cannot create a file when that file already exists: 'D:\\Langs\\Team_Docs\\Local working prototype\\Document-Ingestion-and-Classification\\backend\\ingestor\\uploads\\resume2.pdf' -> 'D:\\Langs\\Team_Docs\\Local working prototype\\Document-Ingestion-and-Classification\\backend\\extractor\\..\\router\\routed_documents\\Needs_Action\\resume2.pdf'
2025-08-06 14:02:38 - extractor - INFO - Received new message from Kafka: doc_id '798bed82-d15c-44a4-9130-1b8ca72dc692' for doc_name 'SAHANA_R_-_RESUME_-_SAHANA_R.pdf'
2025-08-06 14:02:38 - extractor - INFO - Attempting to extract text from 'SAHANA_R_-_RESUME_-_SAHANA_R.pdf' (type: .pdf)
2025-08-06 14:02:38 - extractor - INFO - Successfully extracted 2847 characters from 'SAHANA_R_-_RESUME_-_SAHANA_R.pdf'.
2025-08-06 14:02:38 - extractor - INFO - Successfully emitted event for doc_id '798bed82-d15c-44a4-9130-1b8ca72dc692' to 'doc.extracted' topic.
2025-08-06 14:02:39 - extractor - INFO - Received new message from Kafka: doc_id 'ff02f4bf-ca44-490a-a016-f7c0f86e8af7' for doc_name 'SecuringMongoDBAtlasAuthenticationAuthorization_Badge20250620-24-80voyh.pdf'
2025-08-06 14:02:39 - extractor - INFO - Attempting to extract text from 'SecuringMongoDBAtlasAuthenticationAuthorization_Badge20250620-24-80voyh.pdf' (type: .pdf)
2025-08-06 14:02:39 - extractor - INFO - Successfully extracted 168 characters from 'SecuringMongoDBAtlasAuthenticationAuthorization_Badge20250620-24-80voyh.pdf'.
2025-08-06 14:02:39 - extractor - INFO - Successfully emitted event for doc_id 'ff02f4bf-ca44-490a-a016-f7c0f86e8af7' to 'doc.extracted' topic.
2025-08-06 14:02:39 - extractor - INFO - Received new message from Kafka: doc_id '8980f306-3696-42cb-b5e7-96a2d1196ec9' for doc_name 'naveen.pdf'
2025-08-06 14:02:39 - extractor - INFO - Attempting to extract text from 'naveen.pdf' (type: .pdf)
2025-08-06 14:02:39 - extractor - ERROR - Failed to extract text from D:\Langs\Team_Docs\Local working prototype\Document-Ingestion-and-Classification\backend\ingestor\uploads\naveen.pdf
Traceback (most recent call last):
  File "D:\Langs\Team_Docs\Local working prototype\Document-Ingestion-and-Classification\backend\venv\Lib\site-packages\pdfplumber\pdf.py", line 50, in __init__
    self.doc = PDFDocument(PDFParser(stream), password=password or "")
               ^^^^^^^^^^^^^^^^^^^^^^^^^^^^^^^^^^^^^^^^^^^^^^^^^^^^^^^
  File "D:\Langs\Team_Docs\Local working prototype\Document-Ingestion-and-Classification\backend\venv\Lib\site-packages\pdfminer\pdfdocument.py", line 752, in __init__
    raise PDFSyntaxError("No /Root object! - Is this really a PDF?")
pdfminer.pdfparser.PDFSyntaxError: No /Root object! - Is this really a PDF?

During handling of the above exception, another exception occurred:

Traceback (most recent call last):
  File "D:\Langs\Team_Docs\Local working prototype\Document-Ingestion-and-Classification\backend\extractor\extractor.py", line 31, in extract_text
    with pdfplumber.open(file_path) as pdf:
         ^^^^^^^^^^^^^^^^^^^^^^^^^^
  File "D:\Langs\Team_Docs\Local working prototype\Document-Ingestion-and-Classification\backend\venv\Lib\site-packages\pdfplumber\pdf.py", line 107, in open
    return cls(
           ^^^^
  File "D:\Langs\Team_Docs\Local working prototype\Document-Ingestion-and-Classification\backend\venv\Lib\site-packages\pdfplumber\pdf.py", line 52, in __init__
    raise PdfminerException(e)
pdfplumber.utils.exceptions.PdfminerException: No /Root object! - Is this really a PDF?
2025-08-06 14:02:39 - extractor - WARNING - No text extracted from 'naveen.pdf'. Waiting for user input.
2025-08-06 14:02:54 - extractor - ERROR - Failed to process message for doc_id '8980f306-3696-42cb-b5e7-96a2d1196ec9': [WinError 183] Cannot create a file when that file already exists: 'D:\\Langs\\Team_Docs\\Local working prototype\\Document-Ingestion-and-Classification\\backend\\ingestor\\uploads\\naveen.pdf' -> 'D:\\Langs\\Team_Docs\\Local working prototype\\Document-Ingestion-and-Classification\\backend\\extractor\\..\\router\\routed_documents\\Needs_Action\\naveen.pdf'
Traceback (most recent call last):
  File "D:\Langs\Team_Docs\Local working prototype\Document-Ingestion-and-Classification\backend\extractor\extractor.py", line 121, in process_messages
    os.rename(path, new_path)
FileExistsError: [WinError 183] Cannot create a file when that file already exists: 'D:\\Langs\\Team_Docs\\Local working prototype\\Document-Ingestion-and-Classification\\backend\\ingestor\\uploads\\naveen.pdf' -> 'D:\\Langs\\Team_Docs\\Local working prototype\\Document-Ingestion-and-Classification\\backend\\extractor\\..\\router\\routed_documents\\Needs_Action\\naveen.pdf'
2025-08-06 14:02:54 - extractor - INFO - Received new message from Kafka: doc_id '38c2f4e4-4d5b-439f-b9e9-df7848c06cb5' for doc_name 'SecuringMongoDBSelf-ManagedAuthenticationAuthorization_Badge20250620-29-nv0d3x.pdf'
2025-08-06 14:02:54 - extractor - INFO - Attempting to extract text from 'SecuringMongoDBSelf-ManagedAuthenticationAuthorization_Badge20250620-29-nv0d3x.pdf' (type: .pdf)
2025-08-06 14:02:54 - extractor - INFO - Successfully extracted 175 characters from 'SecuringMongoDBSelf-ManagedAuthenticationAuthorization_Badge20250620-29-nv0d3x.pdf'.
2025-08-06 14:02:54 - extractor - INFO - Successfully emitted event for doc_id '38c2f4e4-4d5b-439f-b9e9-df7848c06cb5' to 'doc.extracted' topic.
2025-08-06 14:02:54 - extractor - INFO - Received new message from Kafka: doc_id 'b2039884-13d2-4a78-b91e-e22a8878ad28' for doc_name 'resume.pdf'
2025-08-06 14:02:54 - extractor - INFO - Attempting to extract text from 'resume.pdf' (type: .pdf)
2025-08-06 14:02:54 - extractor - ERROR - Failed to extract text from D:\Langs\Team_Docs\Local working prototype\Document-Ingestion-and-Classification\backend\ingestor\uploads\resume.pdf
Traceback (most recent call last):
  File "D:\Langs\Team_Docs\Local working prototype\Document-Ingestion-and-Classification\backend\venv\Lib\site-packages\pdfplumber\pdf.py", line 50, in __init__
    self.doc = PDFDocument(PDFParser(stream), password=password or "")
               ^^^^^^^^^^^^^^^^^^^^^^^^^^^^^^^^^^^^^^^^^^^^^^^^^^^^^^^
  File "D:\Langs\Team_Docs\Local working prototype\Document-Ingestion-and-Classification\backend\venv\Lib\site-packages\pdfminer\pdfdocument.py", line 752, in __init__
    raise PDFSyntaxError("No /Root object! - Is this really a PDF?")
pdfminer.pdfparser.PDFSyntaxError: No /Root object! - Is this really a PDF?

During handling of the above exception, another exception occurred:

Traceback (most recent call last):
  File "D:\Langs\Team_Docs\Local working prototype\Document-Ingestion-and-Classification\backend\extractor\extractor.py", line 31, in extract_text
    with pdfplumber.open(file_path) as pdf:
         ^^^^^^^^^^^^^^^^^^^^^^^^^^
  File "D:\Langs\Team_Docs\Local working prototype\Document-Ingestion-and-Classification\backend\venv\Lib\site-packages\pdfplumber\pdf.py", line 107, in open
    return cls(
           ^^^^
  File "D:\Langs\Team_Docs\Local working prototype\Document-Ingestion-and-Classification\backend\venv\Lib\site-packages\pdfplumber\pdf.py", line 52, in __init__
    raise PdfminerException(e)
pdfplumber.utils.exceptions.PdfminerException: No /Root object! - Is this really a PDF?
2025-08-06 14:02:54 - extractor - WARNING - No text extracted from 'resume.pdf'. Waiting for user input.
2025-08-06 14:03:09 - extractor - ERROR - Failed to process message for doc_id 'b2039884-13d2-4a78-b91e-e22a8878ad28': [WinError 183] Cannot create a file when that file already exists: 'D:\\Langs\\Team_Docs\\Local working prototype\\Document-Ingestion-and-Classification\\backend\\ingestor\\uploads\\resume.pdf' -> 'D:\\Langs\\Team_Docs\\Local working prototype\\Document-Ingestion-and-Classification\\backend\\extractor\\..\\router\\routed_documents\\Needs_Action\\resume.pdf'
Traceback (most recent call last):
  File "D:\Langs\Team_Docs\Local working prototype\Document-Ingestion-and-Classification\backend\extractor\extractor.py", line 121, in process_messages
    os.rename(path, new_path)
FileExistsError: [WinError 183] Cannot create a file when that file already exists: 'D:\\Langs\\Team_Docs\\Local working prototype\\Document-Ingestion-and-Classification\\backend\\ingestor\\uploads\\resume.pdf' -> 'D:\\Langs\\Team_Docs\\Local working prototype\\Document-Ingestion-and-Classification\\backend\\extractor\\..\\router\\routed_documents\\Needs_Action\\resume.pdf'
2025-08-06 14:03:09 - extractor - INFO - Received new message from Kafka: doc_id '18d0fbb2-88ab-4e47-8c19-11cad59c46af' for doc_name 'resume2.pdf'
2025-08-06 14:03:09 - extractor - INFO - Attempting to extract text from 'resume2.pdf' (type: .pdf)
2025-08-06 14:03:09 - extractor - ERROR - Failed to extract text from D:\Langs\Team_Docs\Local working prototype\Document-Ingestion-and-Classification\backend\ingestor\uploads\resume2.pdf
Traceback (most recent call last):
  File "D:\Langs\Team_Docs\Local working prototype\Document-Ingestion-and-Classification\backend\venv\Lib\site-packages\pdfplumber\pdf.py", line 50, in __init__
    self.doc = PDFDocument(PDFParser(stream), password=password or "")
               ^^^^^^^^^^^^^^^^^^^^^^^^^^^^^^^^^^^^^^^^^^^^^^^^^^^^^^^
  File "D:\Langs\Team_Docs\Local working prototype\Document-Ingestion-and-Classification\backend\venv\Lib\site-packages\pdfminer\pdfdocument.py", line 752, in __init__
    raise PDFSyntaxError("No /Root object! - Is this really a PDF?")
pdfminer.pdfparser.PDFSyntaxError: No /Root object! - Is this really a PDF?

During handling of the above exception, another exception occurred:

Traceback (most recent call last):
  File "D:\Langs\Team_Docs\Local working prototype\Document-Ingestion-and-Classification\backend\extractor\extractor.py", line 31, in extract_text
    with pdfplumber.open(file_path) as pdf:
         ^^^^^^^^^^^^^^^^^^^^^^^^^^
  File "D:\Langs\Team_Docs\Local working prototype\Document-Ingestion-and-Classification\backend\venv\Lib\site-packages\pdfplumber\pdf.py", line 107, in open
    return cls(
           ^^^^
  File "D:\Langs\Team_Docs\Local working prototype\Document-Ingestion-and-Classification\backend\venv\Lib\site-packages\pdfplumber\pdf.py", line 52, in __init__
    raise PdfminerException(e)
pdfplumber.utils.exceptions.PdfminerException: No /Root object! - Is this really a PDF?
2025-08-06 14:03:09 - extractor - WARNING - No text extracted from 'resume2.pdf'. Waiting for user input.
2025-08-06 14:03:25 - extractor - ERROR - Failed to process message for doc_id '18d0fbb2-88ab-4e47-8c19-11cad59c46af': [WinError 183] Cannot create a file when that file already exists: 'D:\\Langs\\Team_Docs\\Local working prototype\\Document-Ingestion-and-Classification\\backend\\ingestor\\uploads\\resume2.pdf' -> 'D:\\Langs\\Team_Docs\\Local working prototype\\Document-Ingestion-and-Classification\\backend\\extractor\\..\\router\\routed_documents\\Needs_Action\\resume2.pdf'
Traceback (most recent call last):
  File "D:\Langs\Team_Docs\Local working prototype\Document-Ingestion-and-Classification\backend\extractor\extractor.py", line 121, in process_messages
    os.rename(path, new_path)
FileExistsError: [WinError 183] Cannot create a file when that file already exists: 'D:\\Langs\\Team_Docs\\Local working prototype\\Document-Ingestion-and-Classification\\backend\\ingestor\\uploads\\resume2.pdf' -> 'D:\\Langs\\Team_Docs\\Local working prototype\\Document-Ingestion-and-Classification\\backend\\extractor\\..\\router\\routed_documents\\Needs_Action\\resume2.pdf'
2025-08-06 14:11:47 - extractor - INFO - Extractor service starting...
2025-08-06 14:11:47 - extractor - INFO - Database connection established
2025-08-06 14:11:47 - extractor - INFO - Successfully connected to Kafka.
2025-08-06 14:11:47 - extractor - INFO - Extractor agent started. Waiting for messages from 'doc.ingested' topic...
2025-08-06 14:12:20 - extractor - INFO - Received new message from Kafka: doc_id 'efee20ab-9d56-4acf-934b-8582c013f6b2' for doc_name '202201100_beee_assignment_1.pdf'
2025-08-06 14:12:20 - extractor - INFO - Attempting to extract text from '202201100_beee_assignment_1.pdf' (type: .pdf)
2025-08-06 14:12:20 - extractor - WARNING - No text extracted from '202201100_beee_assignment_1.pdf'. Automatically routing to Needs_Action folder.
2025-08-06 14:12:20 - extractor - INFO - Automatically routed blank file to 'Needs_Action': D:\Langs\Team_Docs\Local working prototype\Document-Ingestion-and-Classification\backend\extractor\..\router\routed_documents\Needs_Action\202201100_beee_assignment_1.pdf
2025-08-06 14:12:20 - extractor - INFO - Received new message from Kafka: doc_id 'c0bfd1ef-90ac-4c27-99c7-403342a829aa' for doc_name 'BuildingRAGAppsUsingMongoDB_Badge20250620-27-1b51p5.pdf'
2025-08-06 14:12:20 - extractor - INFO - Attempting to extract text from 'BuildingRAGAppsUsingMongoDB_Badge20250620-27-1b51p5.pdf' (type: .pdf)
2025-08-06 14:12:20 - extractor - INFO - Successfully extracted 145 characters from 'BuildingRAGAppsUsingMongoDB_Badge20250620-27-1b51p5.pdf'.
2025-08-06 14:12:21 - extractor - INFO - Successfully emitted event for doc_id 'c0bfd1ef-90ac-4c27-99c7-403342a829aa' to 'doc.extracted' topic.
2025-08-06 14:12:21 - extractor - INFO - Received new message from Kafka: doc_id '0abf7461-688b-4fd5-a265-a5246b2f0c60' for doc_name 'CRUDOperationsinMongoDB_Badge20250620-27-jt9xd8.pdf'
2025-08-06 14:12:21 - extractor - INFO - Attempting to extract text from 'CRUDOperationsinMongoDB_Badge20250620-27-jt9xd8.pdf' (type: .pdf)
2025-08-06 14:12:21 - extractor - INFO - Successfully extracted 140 characters from 'CRUDOperationsinMongoDB_Badge20250620-27-jt9xd8.pdf'.
2025-08-06 14:12:21 - extractor - INFO - Successfully emitted event for doc_id '0abf7461-688b-4fd5-a265-a5246b2f0c60' to 'doc.extracted' topic.
2025-08-06 14:12:21 - extractor - INFO - Received new message from Kafka: doc_id '811539a7-38b8-4437-a438-bd19c721066e' for doc_name 'BuildingAI-PoweredSearchwithMongoDBVectorSearch_Badge20250620-27-bqobga.pdf'
2025-08-06 14:12:21 - extractor - INFO - Attempting to extract text from 'BuildingAI-PoweredSearchwithMongoDBVectorSearch_Badge20250620-27-bqobga.pdf' (type: .pdf)
2025-08-06 14:12:21 - extractor - INFO - Successfully extracted 167 characters from 'BuildingAI-PoweredSearchwithMongoDBVectorSearch_Badge20250620-27-bqobga.pdf'.
2025-08-06 14:12:21 - extractor - INFO - Successfully emitted event for doc_id '811539a7-38b8-4437-a438-bd19c721066e' to 'doc.extracted' topic.
2025-08-06 14:12:21 - extractor - INFO - Received new message from Kafka: doc_id 'b668311c-7b9c-4f93-baa2-19ec9d6d3134' for doc_name 'DocScanner_Jul_5_2023_9-18_PM.pdf'
2025-08-06 14:12:21 - extractor - INFO - Attempting to extract text from 'DocScanner_Jul_5_2023_9-18_PM.pdf' (type: .pdf)
2025-08-06 14:12:21 - extractor - WARNING - No text extracted from 'DocScanner_Jul_5_2023_9-18_PM.pdf'. Automatically routing to Needs_Action folder.
2025-08-06 14:12:21 - extractor - INFO - Automatically routed blank file to 'Needs_Action': D:\Langs\Team_Docs\Local working prototype\Document-Ingestion-and-Classification\backend\extractor\..\router\routed_documents\Needs_Action\DocScanner_Jul_5_2023_9-18_PM.pdf
2025-08-06 14:12:21 - extractor - INFO - Received new message from Kafka: doc_id '9d7dd028-9722-4e11-ac6c-a61c2eb6102f' for doc_name 'EG_Assignment_5.pdf'
2025-08-06 14:12:22 - extractor - INFO - Attempting to extract text from 'EG_Assignment_5.pdf' (type: .pdf)
2025-08-06 14:12:22 - extractor - WARNING - No text extracted from 'EG_Assignment_5.pdf'. Automatically routing to Needs_Action folder.
2025-08-06 14:12:22 - extractor - INFO - Automatically routed blank file to 'Needs_Action': D:\Langs\Team_Docs\Local working prototype\Document-Ingestion-and-Classification\backend\extractor\..\router\routed_documents\Needs_Action\EG_Assignment_5.pdf
2025-08-06 14:12:22 - extractor - INFO - Received new message from Kafka: doc_id '747aeba0-2029-4f7a-a57a-ac5748904996' for doc_name 'English_2.pdf'
2025-08-06 14:12:22 - extractor - INFO - Attempting to extract text from 'English_2.pdf' (type: .pdf)
2025-08-06 14:12:22 - extractor - WARNING - No text extracted from 'English_2.pdf'. Automatically routing to Needs_Action folder.
2025-08-06 14:12:22 - extractor - INFO - Automatically routed blank file to 'Needs_Action': D:\Langs\Team_Docs\Local working prototype\Document-Ingestion-and-Classification\backend\extractor\..\router\routed_documents\Needs_Action\English_2.pdf
2025-08-06 14:12:22 - extractor - INFO - Received new message from Kafka: doc_id '8c1e1084-d548-49aa-a3a5-c3236ca04579' for doc_name 'FromRelationalModelSQLtoMongoDBsDocumentModel_Badge20250620-26-c3iwpo.pdf'
2025-08-06 14:12:22 - extractor - INFO - Attempting to extract text from 'FromRelationalModelSQLtoMongoDBsDocumentModel_Badge20250620-26-c3iwpo.pdf' (type: .pdf)
2025-08-06 14:12:22 - extractor - INFO - Successfully extracted 169 characters from 'FromRelationalModelSQLtoMongoDBsDocumentModel_Badge20250620-26-c3iwpo.pdf'.
2025-08-06 14:12:22 - extractor - INFO - Successfully emitted event for doc_id '8c1e1084-d548-49aa-a3a5-c3236ca04579' to 'doc.extracted' topic.
2025-08-06 14:12:22 - extractor - INFO - Received new message from Kafka: doc_id 'd3f1df59-2804-4e27-a730-8f028dd58d5b' for doc_name 'invoice1.pdf'
2025-08-06 14:12:23 - extractor - INFO - Attempting to extract text from 'invoice1.pdf' (type: .pdf)
2025-08-06 14:12:23 - extractor - ERROR - Failed to extract text from D:\Langs\Team_Docs\Local working prototype\Document-Ingestion-and-Classification\backend\ingestor\uploads\invoice1.pdf
Traceback (most recent call last):
  File "D:\Langs\Team_Docs\Local working prototype\Document-Ingestion-and-Classification\backend\venv\Lib\site-packages\pdfplumber\pdf.py", line 50, in __init__
    self.doc = PDFDocument(PDFParser(stream), password=password or "")
               ^^^^^^^^^^^^^^^^^^^^^^^^^^^^^^^^^^^^^^^^^^^^^^^^^^^^^^^
  File "D:\Langs\Team_Docs\Local working prototype\Document-Ingestion-and-Classification\backend\venv\Lib\site-packages\pdfminer\pdfdocument.py", line 752, in __init__
    raise PDFSyntaxError("No /Root object! - Is this really a PDF?")
pdfminer.pdfparser.PDFSyntaxError: No /Root object! - Is this really a PDF?

During handling of the above exception, another exception occurred:

Traceback (most recent call last):
  File "D:\Langs\Team_Docs\Local working prototype\Document-Ingestion-and-Classification\backend\extractor\extractor.py", line 30, in extract_text
    with pdfplumber.open(file_path) as pdf:
         ^^^^^^^^^^^^^^^^^^^^^^^^^^
  File "D:\Langs\Team_Docs\Local working prototype\Document-Ingestion-and-Classification\backend\venv\Lib\site-packages\pdfplumber\pdf.py", line 107, in open
    return cls(
           ^^^^
  File "D:\Langs\Team_Docs\Local working prototype\Document-Ingestion-and-Classification\backend\venv\Lib\site-packages\pdfplumber\pdf.py", line 52, in __init__
    raise PdfminerException(e)
pdfplumber.utils.exceptions.PdfminerException: No /Root object! - Is this really a PDF?
2025-08-06 14:12:23 - extractor - WARNING - No text extracted from 'invoice1.pdf'. Automatically routing to Needs_Action folder.
2025-08-06 14:12:23 - extractor - INFO - Automatically routed blank file to 'Needs_Action': D:\Langs\Team_Docs\Local working prototype\Document-Ingestion-and-Classification\backend\extractor\..\router\routed_documents\Needs_Action\invoice1.pdf
2025-08-06 14:12:23 - extractor - INFO - Received new message from Kafka: doc_id '98ad2d7f-30b3-41d7-bf28-73c62fb6e240' for doc_name 'invoice3.pdf'
2025-08-06 14:12:23 - extractor - INFO - Attempting to extract text from 'invoice3.pdf' (type: .pdf)
2025-08-06 14:12:23 - extractor - ERROR - Failed to extract text from D:\Langs\Team_Docs\Local working prototype\Document-Ingestion-and-Classification\backend\ingestor\uploads\invoice3.pdf
Traceback (most recent call last):
  File "D:\Langs\Team_Docs\Local working prototype\Document-Ingestion-and-Classification\backend\venv\Lib\site-packages\pdfplumber\pdf.py", line 50, in __init__
    self.doc = PDFDocument(PDFParser(stream), password=password or "")
               ^^^^^^^^^^^^^^^^^^^^^^^^^^^^^^^^^^^^^^^^^^^^^^^^^^^^^^^
  File "D:\Langs\Team_Docs\Local working prototype\Document-Ingestion-and-Classification\backend\venv\Lib\site-packages\pdfminer\pdfdocument.py", line 752, in __init__
    raise PDFSyntaxError("No /Root object! - Is this really a PDF?")
pdfminer.pdfparser.PDFSyntaxError: No /Root object! - Is this really a PDF?

During handling of the above exception, another exception occurred:

Traceback (most recent call last):
  File "D:\Langs\Team_Docs\Local working prototype\Document-Ingestion-and-Classification\backend\extractor\extractor.py", line 30, in extract_text
    with pdfplumber.open(file_path) as pdf:
         ^^^^^^^^^^^^^^^^^^^^^^^^^^
  File "D:\Langs\Team_Docs\Local working prototype\Document-Ingestion-and-Classification\backend\venv\Lib\site-packages\pdfplumber\pdf.py", line 107, in open
    return cls(
           ^^^^
  File "D:\Langs\Team_Docs\Local working prototype\Document-Ingestion-and-Classification\backend\venv\Lib\site-packages\pdfplumber\pdf.py", line 52, in __init__
    raise PdfminerException(e)
pdfplumber.utils.exceptions.PdfminerException: No /Root object! - Is this really a PDF?
2025-08-06 14:12:23 - extractor - WARNING - No text extracted from 'invoice3.pdf'. Automatically routing to Needs_Action folder.
2025-08-06 14:12:23 - extractor - INFO - Automatically routed blank file to 'Needs_Action': D:\Langs\Team_Docs\Local working prototype\Document-Ingestion-and-Classification\backend\extractor\..\router\routed_documents\Needs_Action\invoice3.pdf
2025-08-06 14:12:23 - extractor - INFO - Received new message from Kafka: doc_id '2d99136e-9765-4d61-9149-f69f36962b21' for doc_name 'GODWIN_JUDAH_J_RESUME_-_GODWIN_JUDAH_J.pdf'
2025-08-06 14:12:23 - extractor - INFO - Attempting to extract text from 'GODWIN_JUDAH_J_RESUME_-_GODWIN_JUDAH_J.pdf' (type: .pdf)
2025-08-06 14:12:24 - extractor - INFO - Successfully extracted 4750 characters from 'GODWIN_JUDAH_J_RESUME_-_GODWIN_JUDAH_J.pdf'.
2025-08-06 14:12:24 - extractor - INFO - Successfully emitted event for doc_id '2d99136e-9765-4d61-9149-f69f36962b21' to 'doc.extracted' topic.
2025-08-06 14:12:24 - extractor - INFO - Received new message from Kafka: doc_id '236ff091-f2aa-4506-99a5-138cc5771224' for doc_name 'Intel_AI_Reference_Kits.pdf'
2025-08-06 14:12:24 - extractor - INFO - Attempting to extract text from 'Intel_AI_Reference_Kits.pdf' (type: .pdf)
2025-08-06 14:12:28 - extractor - INFO - Successfully extracted 5993 characters from 'Intel_AI_Reference_Kits.pdf'.
2025-08-06 14:12:28 - extractor - INFO - Successfully emitted event for doc_id '236ff091-f2aa-4506-99a5-138cc5771224' to 'doc.extracted' topic.
2025-08-06 14:12:28 - extractor - INFO - Received new message from Kafka: doc_id '43ae0665-e15d-4cbd-a78b-95ec8b4f54ca' for doc_name 'JAYA_SHREE_RESUME_3_-_JAYA_SHREE_P.pdf'
2025-08-06 14:12:28 - extractor - INFO - Attempting to extract text from 'JAYA_SHREE_RESUME_3_-_JAYA_SHREE_P.pdf' (type: .pdf)
2025-08-06 14:12:28 - extractor - INFO - Successfully extracted 1 characters from 'JAYA_SHREE_RESUME_3_-_JAYA_SHREE_P.pdf'.
2025-08-06 14:12:28 - extractor - INFO - Successfully emitted event for doc_id '43ae0665-e15d-4cbd-a78b-95ec8b4f54ca' to 'doc.extracted' topic.
2025-08-06 14:12:29 - extractor - INFO - Received new message from Kafka: doc_id '8e832a7d-4bb2-4a48-b5ce-7bca2e7e3d66' for doc_name 'JAYASHREE-resume_-_JAYASHREE_R.pdf'
2025-08-06 14:12:29 - extractor - INFO - Attempting to extract text from 'JAYASHREE-resume_-_JAYASHREE_R.pdf' (type: .pdf)
2025-08-06 14:12:29 - extractor - INFO - Successfully extracted 1847 characters from 'JAYASHREE-resume_-_JAYASHREE_R.pdf'.
2025-08-06 14:12:29 - extractor - INFO - Successfully emitted event for doc_id '8e832a7d-4bb2-4a48-b5ce-7bca2e7e3d66' to 'doc.extracted' topic.
2025-08-06 14:12:29 - extractor - INFO - Received new message from Kafka: doc_id '39156701-9273-4685-9f1c-4462eacdda37' for doc_name 'MongoDBAdvancedSchemaDesignPatternsandAntipatternsSkillBadge_Badge20250620-25-quwb1l.pdf'
2025-08-06 14:12:29 - extractor - INFO - Attempting to extract text from 'MongoDBAdvancedSchemaDesignPatternsandAntipatternsSkillBadge_Badge20250620-25-quwb1l.pdf' (type: .pdf)
2025-08-06 14:12:29 - extractor - INFO - Successfully extracted 182 characters from 'MongoDBAdvancedSchemaDesignPatternsandAntipatternsSkillBadge_Badge20250620-25-quwb1l.pdf'.
2025-08-06 14:12:30 - extractor - INFO - Successfully emitted event for doc_id '39156701-9273-4685-9f1c-4462eacdda37' to 'doc.extracted' topic.
2025-08-06 14:12:30 - extractor - INFO - Received new message from Kafka: doc_id '78d60d6a-93cb-4832-8eb2-1db38d2d5f3e' for doc_name 'MongoDBAggregationFundamentals_Badge20250620-27-bg2ih1.pdf'
2025-08-06 14:12:30 - extractor - INFO - Attempting to extract text from 'MongoDBAggregationFundamentals_Badge20250620-27-bg2ih1.pdf' (type: .pdf)
2025-08-06 14:12:30 - extractor - INFO - Successfully extracted 146 characters from 'MongoDBAggregationFundamentals_Badge20250620-27-bg2ih1.pdf'.
2025-08-06 14:12:30 - extractor - INFO - Successfully emitted event for doc_id '78d60d6a-93cb-4832-8eb2-1db38d2d5f3e' to 'doc.extracted' topic.
2025-08-06 14:12:30 - extractor - INFO - Received new message from Kafka: doc_id '6cbd1c37-10dd-4f18-8845-9bb4e05e6ae9' for doc_name 'MongoDBBasicsforStudents_Badge20250620-29-jwwbtq.pdf'
2025-08-06 14:12:30 - extractor - INFO - Attempting to extract text from 'MongoDBBasicsforStudents_Badge20250620-29-jwwbtq.pdf' (type: .pdf)
2025-08-06 14:12:30 - extractor - INFO - Successfully extracted 141 characters from 'MongoDBBasicsforStudents_Badge20250620-29-jwwbtq.pdf'.
2025-08-06 14:12:30 - extractor - INFO - Successfully emitted event for doc_id '6cbd1c37-10dd-4f18-8845-9bb4e05e6ae9' to 'doc.extracted' topic.
2025-08-06 14:12:30 - extractor - INFO - Received new message from Kafka: doc_id '1eb579f3-141e-49b3-be3b-79178e024982' for doc_name 'MongoDBQueryOptimizationTechniques_Badge20250620-25-uqulmn.pdf'
2025-08-06 14:12:30 - extractor - INFO - Attempting to extract text from 'MongoDBQueryOptimizationTechniques_Badge20250620-25-uqulmn.pdf' (type: .pdf)
2025-08-06 14:12:30 - extractor - INFO - Successfully extracted 151 characters from 'MongoDBQueryOptimizationTechniques_Badge20250620-25-uqulmn.pdf'.
2025-08-06 14:12:30 - extractor - INFO - Successfully emitted event for doc_id '1eb579f3-141e-49b3-be3b-79178e024982' to 'doc.extracted' topic.
2025-08-06 14:12:31 - extractor - INFO - Received new message from Kafka: doc_id 'be830d35-3b86-4572-9486-88b2df3d44a8' for doc_name 'MongoDBSchemaDesignOptimizationSkillBadge_Badge20250620-24-g7xmz9.pdf'
2025-08-06 14:12:31 - extractor - INFO - Attempting to extract text from 'MongoDBSchemaDesignOptimizationSkillBadge_Badge20250620-24-g7xmz9.pdf' (type: .pdf)
2025-08-06 14:12:31 - extractor - INFO - Successfully extracted 160 characters from 'MongoDBSchemaDesignOptimizationSkillBadge_Badge20250620-24-g7xmz9.pdf'.
2025-08-06 14:12:31 - extractor - INFO - Successfully emitted event for doc_id 'be830d35-3b86-4572-9486-88b2df3d44a8' to 'doc.extracted' topic.
2025-08-06 14:12:31 - extractor - INFO - Received new message from Kafka: doc_id 'a054d47f-8661-410b-ab74-98c376ea638d' for doc_name 'MongoDBSchemaDesignPatternsandAntipatternsSkillBadge_Badge20250620-27-v47272.pdf'
2025-08-06 14:12:31 - extractor - INFO - Attempting to extract text from 'MongoDBSchemaDesignPatternsandAntipatternsSkillBadge_Badge20250620-27-v47272.pdf' (type: .pdf)
2025-08-06 14:12:31 - extractor - INFO - Successfully extracted 173 characters from 'MongoDBSchemaDesignPatternsandAntipatternsSkillBadge_Badge20250620-27-v47272.pdf'.
2025-08-06 14:12:31 - extractor - INFO - Successfully emitted event for doc_id 'a054d47f-8661-410b-ab74-98c376ea638d' to 'doc.extracted' topic.
2025-08-06 14:12:31 - extractor - INFO - Received new message from Kafka: doc_id 'e3a9f632-1625-414e-9a2a-842f5232ce31' for doc_name 'Muni_Charmi_-_MUNI_CHARMI_T.pdf'
2025-08-06 14:12:31 - extractor - INFO - Attempting to extract text from 'Muni_Charmi_-_MUNI_CHARMI_T.pdf' (type: .pdf)
2025-08-06 14:12:31 - extractor - INFO - Successfully extracted 2847 characters from 'Muni_Charmi_-_MUNI_CHARMI_T.pdf'.
2025-08-06 14:12:32 - extractor - INFO - Successfully emitted event for doc_id 'e3a9f632-1625-414e-9a2a-842f5232ce31' to 'doc.extracted' topic.
2025-08-06 14:12:32 - extractor - INFO - Received new message from Kafka: doc_id '0f2aae40-a0f0-42db-8146-482e1725bec2' for doc_name 'Naveen_-_Resume.pdf'
2025-08-06 14:12:32 - extractor - INFO - Attempting to extract text from 'Naveen_-_Resume.pdf' (type: .pdf)
2025-08-06 14:12:32 - extractor - INFO - Successfully extracted 1404 characters from 'Naveen_-_Resume.pdf'.
2025-08-06 14:12:32 - extractor - INFO - Successfully emitted event for doc_id '0f2aae40-a0f0-42db-8146-482e1725bec2' to 'doc.extracted' topic.
2025-08-06 14:12:32 - extractor - INFO - Received new message from Kafka: doc_id '153585d9-f940-4fbe-8c17-608d3f48f6fb' for doc_name 'naveen.pdf'
2025-08-06 14:12:32 - extractor - INFO - Attempting to extract text from 'naveen.pdf' (type: .pdf)
2025-08-06 14:12:32 - extractor - ERROR - Failed to extract text from D:\Langs\Team_Docs\Local working prototype\Document-Ingestion-and-Classification\backend\ingestor\uploads\naveen.pdf
Traceback (most recent call last):
  File "D:\Langs\Team_Docs\Local working prototype\Document-Ingestion-and-Classification\backend\venv\Lib\site-packages\pdfplumber\pdf.py", line 50, in __init__
    self.doc = PDFDocument(PDFParser(stream), password=password or "")
               ^^^^^^^^^^^^^^^^^^^^^^^^^^^^^^^^^^^^^^^^^^^^^^^^^^^^^^^
  File "D:\Langs\Team_Docs\Local working prototype\Document-Ingestion-and-Classification\backend\venv\Lib\site-packages\pdfminer\pdfdocument.py", line 752, in __init__
    raise PDFSyntaxError("No /Root object! - Is this really a PDF?")
pdfminer.pdfparser.PDFSyntaxError: No /Root object! - Is this really a PDF?

During handling of the above exception, another exception occurred:

Traceback (most recent call last):
  File "D:\Langs\Team_Docs\Local working prototype\Document-Ingestion-and-Classification\backend\extractor\extractor.py", line 30, in extract_text
    with pdfplumber.open(file_path) as pdf:
         ^^^^^^^^^^^^^^^^^^^^^^^^^^
  File "D:\Langs\Team_Docs\Local working prototype\Document-Ingestion-and-Classification\backend\venv\Lib\site-packages\pdfplumber\pdf.py", line 107, in open
    return cls(
           ^^^^
  File "D:\Langs\Team_Docs\Local working prototype\Document-Ingestion-and-Classification\backend\venv\Lib\site-packages\pdfplumber\pdf.py", line 52, in __init__
    raise PdfminerException(e)
pdfplumber.utils.exceptions.PdfminerException: No /Root object! - Is this really a PDF?
2025-08-06 14:12:32 - extractor - WARNING - No text extracted from 'naveen.pdf'. Automatically routing to Needs_Action folder.
2025-08-06 14:12:32 - extractor - INFO - Automatically routed blank file to 'Needs_Action': D:\Langs\Team_Docs\Local working prototype\Document-Ingestion-and-Classification\backend\extractor\..\router\routed_documents\Needs_Action\naveen.pdf
2025-08-06 14:12:32 - extractor - INFO - Received new message from Kafka: doc_id 'a72b94a5-86e0-4328-995c-9a832608b1ab' for doc_name 'Naveen_Resume.pdf'
2025-08-06 14:12:32 - extractor - INFO - Attempting to extract text from 'Naveen_Resume.pdf' (type: .pdf)
2025-08-06 14:12:33 - extractor - INFO - Successfully extracted 2962 characters from 'Naveen_Resume.pdf'.
2025-08-06 14:12:33 - extractor - INFO - Successfully emitted event for doc_id 'a72b94a5-86e0-4328-995c-9a832608b1ab' to 'doc.extracted' topic.
2025-08-06 14:12:33 - extractor - INFO - Received new message from Kafka: doc_id '1f7f44c3-548a-4697-8755-7cffa93a6589' for doc_name 'Resume_NEW_Jun_2025_-_KANNAN_C_J.pdf'
2025-08-06 14:12:33 - extractor - INFO - Attempting to extract text from 'Resume_NEW_Jun_2025_-_KANNAN_C_J.pdf' (type: .pdf)
2025-08-06 14:12:33 - extractor - INFO - Successfully extracted 1467 characters from 'Resume_NEW_Jun_2025_-_KANNAN_C_J.pdf'.
2025-08-06 14:12:34 - extractor - INFO - Successfully emitted event for doc_id '1f7f44c3-548a-4697-8755-7cffa93a6589' to 'doc.extracted' topic.
2025-08-06 14:12:34 - extractor - INFO - Received new message from Kafka: doc_id '2fcd4f7e-85da-43b2-a1c7-b1b435ccfd23' for doc_name 'resume.pdf'
2025-08-06 14:12:34 - extractor - INFO - Attempting to extract text from 'resume.pdf' (type: .pdf)
2025-08-06 14:12:34 - extractor - ERROR - Failed to extract text from D:\Langs\Team_Docs\Local working prototype\Document-Ingestion-and-Classification\backend\ingestor\uploads\resume.pdf
Traceback (most recent call last):
  File "D:\Langs\Team_Docs\Local working prototype\Document-Ingestion-and-Classification\backend\venv\Lib\site-packages\pdfplumber\pdf.py", line 50, in __init__
    self.doc = PDFDocument(PDFParser(stream), password=password or "")
               ^^^^^^^^^^^^^^^^^^^^^^^^^^^^^^^^^^^^^^^^^^^^^^^^^^^^^^^
  File "D:\Langs\Team_Docs\Local working prototype\Document-Ingestion-and-Classification\backend\venv\Lib\site-packages\pdfminer\pdfdocument.py", line 752, in __init__
    raise PDFSyntaxError("No /Root object! - Is this really a PDF?")
pdfminer.pdfparser.PDFSyntaxError: No /Root object! - Is this really a PDF?

During handling of the above exception, another exception occurred:

Traceback (most recent call last):
  File "D:\Langs\Team_Docs\Local working prototype\Document-Ingestion-and-Classification\backend\extractor\extractor.py", line 30, in extract_text
    with pdfplumber.open(file_path) as pdf:
         ^^^^^^^^^^^^^^^^^^^^^^^^^^
  File "D:\Langs\Team_Docs\Local working prototype\Document-Ingestion-and-Classification\backend\venv\Lib\site-packages\pdfplumber\pdf.py", line 107, in open
    return cls(
           ^^^^
  File "D:\Langs\Team_Docs\Local working prototype\Document-Ingestion-and-Classification\backend\venv\Lib\site-packages\pdfplumber\pdf.py", line 52, in __init__
    raise PdfminerException(e)
pdfplumber.utils.exceptions.PdfminerException: No /Root object! - Is this really a PDF?
2025-08-06 14:12:34 - extractor - WARNING - No text extracted from 'resume.pdf'. Automatically routing to Needs_Action folder.
2025-08-06 14:12:34 - extractor - INFO - Automatically routed blank file to 'Needs_Action': D:\Langs\Team_Docs\Local working prototype\Document-Ingestion-and-Classification\backend\extractor\..\router\routed_documents\Needs_Action\resume.pdf
2025-08-06 14:12:34 - extractor - INFO - Received new message from Kafka: doc_id '26b660cf-a342-47dc-8b6b-27a2ad500fd3' for doc_name 'sadha_cv_-_SADHA_SHREE_R.pdf'
2025-08-06 14:12:34 - extractor - INFO - Attempting to extract text from 'sadha_cv_-_SADHA_SHREE_R.pdf' (type: .pdf)
2025-08-06 14:12:34 - extractor - INFO - Successfully extracted 1907 characters from 'sadha_cv_-_SADHA_SHREE_R.pdf'.
2025-08-06 14:12:34 - extractor - INFO - Successfully emitted event for doc_id '26b660cf-a342-47dc-8b6b-27a2ad500fd3' to 'doc.extracted' topic.
2025-08-06 14:12:34 - extractor - INFO - Received new message from Kafka: doc_id 'f74586fc-65de-405f-ad0b-b3f965b66be1' for doc_name 'SAHANA_R_-_RESUME_-_SAHANA_R.pdf'
2025-08-06 14:12:34 - extractor - INFO - Attempting to extract text from 'SAHANA_R_-_RESUME_-_SAHANA_R.pdf' (type: .pdf)
2025-08-06 14:12:35 - extractor - INFO - Successfully extracted 2847 characters from 'SAHANA_R_-_RESUME_-_SAHANA_R.pdf'.
2025-08-06 14:12:35 - extractor - INFO - Successfully emitted event for doc_id 'f74586fc-65de-405f-ad0b-b3f965b66be1' to 'doc.extracted' topic.
2025-08-06 14:12:35 - extractor - INFO - Received new message from Kafka: doc_id 'de1da92f-c90f-464c-b454-17f414271309' for doc_name 'PRABHU_SUNDAR_Resume_-_PRABHU_SUNDAR_D_1.pdf'
2025-08-06 14:12:35 - extractor - INFO - Attempting to extract text from 'PRABHU_SUNDAR_Resume_-_PRABHU_SUNDAR_D_1.pdf' (type: .pdf)
2025-08-06 14:12:36 - extractor - INFO - Successfully extracted 1801 characters from 'PRABHU_SUNDAR_Resume_-_PRABHU_SUNDAR_D_1.pdf'.
2025-08-06 14:12:36 - extractor - INFO - Successfully emitted event for doc_id 'de1da92f-c90f-464c-b454-17f414271309' to 'doc.extracted' topic.
2025-08-06 14:12:36 - extractor - INFO - Received new message from Kafka: doc_id 'ca5cfe2e-5155-44ca-962c-3aefde5bcb13' for doc_name 'resume2.pdf'
2025-08-06 14:12:36 - extractor - INFO - Attempting to extract text from 'resume2.pdf' (type: .pdf)
2025-08-06 14:12:36 - extractor - ERROR - Failed to extract text from D:\Langs\Team_Docs\Local working prototype\Document-Ingestion-and-Classification\backend\ingestor\uploads\resume2.pdf
Traceback (most recent call last):
  File "D:\Langs\Team_Docs\Local working prototype\Document-Ingestion-and-Classification\backend\venv\Lib\site-packages\pdfplumber\pdf.py", line 50, in __init__
    self.doc = PDFDocument(PDFParser(stream), password=password or "")
               ^^^^^^^^^^^^^^^^^^^^^^^^^^^^^^^^^^^^^^^^^^^^^^^^^^^^^^^
  File "D:\Langs\Team_Docs\Local working prototype\Document-Ingestion-and-Classification\backend\venv\Lib\site-packages\pdfminer\pdfdocument.py", line 752, in __init__
    raise PDFSyntaxError("No /Root object! - Is this really a PDF?")
pdfminer.pdfparser.PDFSyntaxError: No /Root object! - Is this really a PDF?

During handling of the above exception, another exception occurred:

Traceback (most recent call last):
  File "D:\Langs\Team_Docs\Local working prototype\Document-Ingestion-and-Classification\backend\extractor\extractor.py", line 30, in extract_text
    with pdfplumber.open(file_path) as pdf:
         ^^^^^^^^^^^^^^^^^^^^^^^^^^
  File "D:\Langs\Team_Docs\Local working prototype\Document-Ingestion-and-Classification\backend\venv\Lib\site-packages\pdfplumber\pdf.py", line 107, in open
    return cls(
           ^^^^
  File "D:\Langs\Team_Docs\Local working prototype\Document-Ingestion-and-Classification\backend\venv\Lib\site-packages\pdfplumber\pdf.py", line 52, in __init__
    raise PdfminerException(e)
pdfplumber.utils.exceptions.PdfminerException: No /Root object! - Is this really a PDF?
2025-08-06 14:12:36 - extractor - WARNING - No text extracted from 'resume2.pdf'. Automatically routing to Needs_Action folder.
2025-08-06 14:12:36 - extractor - INFO - Automatically routed blank file to 'Needs_Action': D:\Langs\Team_Docs\Local working prototype\Document-Ingestion-and-Classification\backend\extractor\..\router\routed_documents\Needs_Action\resume2.pdf
2025-08-06 14:12:36 - extractor - INFO - Received new message from Kafka: doc_id 'a32140bc-c29d-4af0-8e2f-8b7b80b4b52e' for doc_name 'SecuringMongoDBAtlasAuthenticationAuthorization_Badge20250620-24-80voyh.pdf'
2025-08-06 14:12:36 - extractor - INFO - Attempting to extract text from 'SecuringMongoDBAtlasAuthenticationAuthorization_Badge20250620-24-80voyh.pdf' (type: .pdf)
2025-08-06 14:12:36 - extractor - INFO - Successfully extracted 168 characters from 'SecuringMongoDBAtlasAuthenticationAuthorization_Badge20250620-24-80voyh.pdf'.
2025-08-06 14:12:36 - extractor - INFO - Successfully emitted event for doc_id 'a32140bc-c29d-4af0-8e2f-8b7b80b4b52e' to 'doc.extracted' topic.
2025-08-06 14:12:36 - extractor - INFO - Received new message from Kafka: doc_id '64951599-d455-438c-b39d-f13250e9f70d' for doc_name 'SecuringMongoDBSelf-ManagedAuthenticationAuthorization_Badge20250620-29-nv0d3x.pdf'
2025-08-06 14:12:36 - extractor - INFO - Attempting to extract text from 'SecuringMongoDBSelf-ManagedAuthenticationAuthorization_Badge20250620-29-nv0d3x.pdf' (type: .pdf)
2025-08-06 14:12:36 - extractor - INFO - Successfully extracted 175 characters from 'SecuringMongoDBSelf-ManagedAuthenticationAuthorization_Badge20250620-29-nv0d3x.pdf'.
2025-08-06 14:12:36 - extractor - INFO - Successfully emitted event for doc_id '64951599-d455-438c-b39d-f13250e9f70d' to 'doc.extracted' topic.
2025-08-06 14:17:56 - extractor - INFO - Extractor service starting...
2025-08-06 14:17:57 - extractor - INFO - Database connection established
2025-08-06 14:17:57 - extractor - INFO - Successfully connected to Kafka.
2025-08-06 14:17:57 - extractor - INFO - Extractor agent started. Waiting for messages from 'doc.ingested' topic...
2025-08-06 14:18:26 - extractor - INFO - Received new message from Kafka: doc_id '7abcec8c-7b55-4b22-a47c-c6fa372a40e3' for doc_name '202201100_beee_assignment_1.pdf'
2025-08-06 14:18:26 - extractor - INFO - Attempting to extract text from '202201100_beee_assignment_1.pdf' (type: .pdf)
2025-08-06 14:18:26 - extractor - WARNING - No text extracted from '202201100_beee_assignment_1.pdf'. Automatically routing to Needs_Action folder.
2025-08-06 14:18:26 - extractor - INFO - Automatically routed blank file to 'Needs_Action': D:\Langs\Team_Docs\Local working prototype\Document-Ingestion-and-Classification\backend\extractor\..\router\routed_documents\Needs_Action\202201100_beee_assignment_1.pdf
2025-08-06 14:18:26 - extractor - INFO - Received new message from Kafka: doc_id 'fab769f1-ef10-4d4d-bcd7-eaa90e0e5c75' for doc_name 'BuildingRAGAppsUsingMongoDB_Badge20250620-27-1b51p5.pdf'
2025-08-06 14:18:26 - extractor - INFO - Attempting to extract text from 'BuildingRAGAppsUsingMongoDB_Badge20250620-27-1b51p5.pdf' (type: .pdf)
2025-08-06 14:18:26 - extractor - INFO - Successfully extracted 145 characters from 'BuildingRAGAppsUsingMongoDB_Badge20250620-27-1b51p5.pdf'.
2025-08-06 14:18:26 - extractor - INFO - Successfully emitted event for doc_id 'fab769f1-ef10-4d4d-bcd7-eaa90e0e5c75' to 'doc.extracted' topic.
2025-08-06 14:18:26 - extractor - INFO - Received new message from Kafka: doc_id 'ac96b456-4b3b-4a57-b2d8-c39147b5d9ca' for doc_name 'CRUDOperationsinMongoDB_Badge20250620-27-jt9xd8.pdf'
2025-08-06 14:18:27 - extractor - INFO - Attempting to extract text from 'CRUDOperationsinMongoDB_Badge20250620-27-jt9xd8.pdf' (type: .pdf)
2025-08-06 14:18:27 - extractor - INFO - Successfully extracted 140 characters from 'CRUDOperationsinMongoDB_Badge20250620-27-jt9xd8.pdf'.
2025-08-06 14:18:27 - extractor - INFO - Successfully emitted event for doc_id 'ac96b456-4b3b-4a57-b2d8-c39147b5d9ca' to 'doc.extracted' topic.
2025-08-06 14:18:27 - extractor - INFO - Received new message from Kafka: doc_id '7261bbea-89c9-457d-9453-269846386541' for doc_name 'EG_Assignment_5.pdf'
2025-08-06 14:18:27 - extractor - INFO - Attempting to extract text from 'EG_Assignment_5.pdf' (type: .pdf)
2025-08-06 14:18:27 - extractor - WARNING - No text extracted from 'EG_Assignment_5.pdf'. Automatically routing to Needs_Action folder.
2025-08-06 14:18:27 - extractor - INFO - Automatically routed blank file to 'Needs_Action': D:\Langs\Team_Docs\Local working prototype\Document-Ingestion-and-Classification\backend\extractor\..\router\routed_documents\Needs_Action\EG_Assignment_5.pdf
2025-08-06 14:18:27 - extractor - INFO - Received new message from Kafka: doc_id 'ac8396cb-add1-4d7d-880c-5099c5cc7552' for doc_name 'BuildingAI-PoweredSearchwithMongoDBVectorSearch_Badge20250620-27-bqobga.pdf'
2025-08-06 14:18:27 - extractor - INFO - Attempting to extract text from 'BuildingAI-PoweredSearchwithMongoDBVectorSearch_Badge20250620-27-bqobga.pdf' (type: .pdf)
2025-08-06 14:18:27 - extractor - INFO - Successfully extracted 167 characters from 'BuildingAI-PoweredSearchwithMongoDBVectorSearch_Badge20250620-27-bqobga.pdf'.
2025-08-06 14:18:27 - extractor - INFO - Successfully emitted event for doc_id 'ac8396cb-add1-4d7d-880c-5099c5cc7552' to 'doc.extracted' topic.
2025-08-06 14:18:27 - extractor - INFO - Received new message from Kafka: doc_id 'd596202b-2177-4cde-9c29-441e7b83e6ea' for doc_name 'DocScanner_Jul_5_2023_9-18_PM.pdf'
2025-08-06 14:18:27 - extractor - INFO - Attempting to extract text from 'DocScanner_Jul_5_2023_9-18_PM.pdf' (type: .pdf)
2025-08-06 14:18:27 - extractor - WARNING - No text extracted from 'DocScanner_Jul_5_2023_9-18_PM.pdf'. Automatically routing to Needs_Action folder.
2025-08-06 14:18:27 - extractor - INFO - Automatically routed blank file to 'Needs_Action': D:\Langs\Team_Docs\Local working prototype\Document-Ingestion-and-Classification\backend\extractor\..\router\routed_documents\Needs_Action\DocScanner_Jul_5_2023_9-18_PM.pdf
2025-08-06 14:18:28 - extractor - INFO - Received new message from Kafka: doc_id 'da5d8885-b903-46ee-8b79-f6eb7d47a38e' for doc_name 'English_2.pdf'
2025-08-06 14:18:28 - extractor - INFO - Attempting to extract text from 'English_2.pdf' (type: .pdf)
2025-08-06 14:18:28 - extractor - WARNING - No text extracted from 'English_2.pdf'. Automatically routing to Needs_Action folder.
2025-08-06 14:18:28 - extractor - INFO - Automatically routed blank file to 'Needs_Action': D:\Langs\Team_Docs\Local working prototype\Document-Ingestion-and-Classification\backend\extractor\..\router\routed_documents\Needs_Action\English_2.pdf
2025-08-06 14:18:28 - extractor - INFO - Received new message from Kafka: doc_id '91120e27-10ee-4ce7-b51c-9d2191266d0f' for doc_name 'invoice1.pdf'
2025-08-06 14:18:28 - extractor - INFO - Attempting to extract text from 'invoice1.pdf' (type: .pdf)
2025-08-06 14:18:28 - extractor - ERROR - Failed to extract text from D:\Langs\Team_Docs\Local working prototype\Document-Ingestion-and-Classification\backend\ingestor\uploads\invoice1.pdf
Traceback (most recent call last):
  File "D:\Langs\Team_Docs\Local working prototype\Document-Ingestion-and-Classification\backend\venv\Lib\site-packages\pdfplumber\pdf.py", line 50, in __init__
    self.doc = PDFDocument(PDFParser(stream), password=password or "")
               ^^^^^^^^^^^^^^^^^^^^^^^^^^^^^^^^^^^^^^^^^^^^^^^^^^^^^^^
  File "D:\Langs\Team_Docs\Local working prototype\Document-Ingestion-and-Classification\backend\venv\Lib\site-packages\pdfminer\pdfdocument.py", line 752, in __init__
    raise PDFSyntaxError("No /Root object! - Is this really a PDF?")
pdfminer.pdfparser.PDFSyntaxError: No /Root object! - Is this really a PDF?

During handling of the above exception, another exception occurred:

Traceback (most recent call last):
  File "D:\Langs\Team_Docs\Local working prototype\Document-Ingestion-and-Classification\backend\extractor\extractor.py", line 30, in extract_text
    with pdfplumber.open(file_path) as pdf:
         ^^^^^^^^^^^^^^^^^^^^^^^^^^
  File "D:\Langs\Team_Docs\Local working prototype\Document-Ingestion-and-Classification\backend\venv\Lib\site-packages\pdfplumber\pdf.py", line 107, in open
    return cls(
           ^^^^
  File "D:\Langs\Team_Docs\Local working prototype\Document-Ingestion-and-Classification\backend\venv\Lib\site-packages\pdfplumber\pdf.py", line 52, in __init__
    raise PdfminerException(e)
pdfplumber.utils.exceptions.PdfminerException: No /Root object! - Is this really a PDF?
2025-08-06 14:18:28 - extractor - WARNING - No text extracted from 'invoice1.pdf'. Automatically routing to Needs_Action folder.
2025-08-06 14:18:28 - extractor - INFO - Automatically routed blank file to 'Needs_Action': D:\Langs\Team_Docs\Local working prototype\Document-Ingestion-and-Classification\backend\extractor\..\router\routed_documents\Needs_Action\invoice1.pdf
2025-08-06 14:18:28 - extractor - INFO - Received new message from Kafka: doc_id '0454af31-6bb0-4379-b89e-15d99bd4fe9f' for doc_name 'GODWIN_JUDAH_J_RESUME_-_GODWIN_JUDAH_J.pdf'
2025-08-06 14:18:28 - extractor - INFO - Attempting to extract text from 'GODWIN_JUDAH_J_RESUME_-_GODWIN_JUDAH_J.pdf' (type: .pdf)
2025-08-06 14:18:29 - extractor - INFO - Successfully extracted 4750 characters from 'GODWIN_JUDAH_J_RESUME_-_GODWIN_JUDAH_J.pdf'.
2025-08-06 14:18:29 - extractor - INFO - Successfully emitted event for doc_id '0454af31-6bb0-4379-b89e-15d99bd4fe9f' to 'doc.extracted' topic.
2025-08-06 14:18:29 - extractor - INFO - Received new message from Kafka: doc_id 'b2d208be-b722-4ae1-906f-b816794740fb' for doc_name 'FromRelationalModelSQLtoMongoDBsDocumentModel_Badge20250620-26-c3iwpo.pdf'
2025-08-06 14:18:29 - extractor - INFO - Attempting to extract text from 'FromRelationalModelSQLtoMongoDBsDocumentModel_Badge20250620-26-c3iwpo.pdf' (type: .pdf)
2025-08-06 14:18:29 - extractor - INFO - Successfully extracted 169 characters from 'FromRelationalModelSQLtoMongoDBsDocumentModel_Badge20250620-26-c3iwpo.pdf'.
2025-08-06 14:18:29 - extractor - INFO - Successfully emitted event for doc_id 'b2d208be-b722-4ae1-906f-b816794740fb' to 'doc.extracted' topic.
2025-08-06 14:18:29 - extractor - INFO - Received new message from Kafka: doc_id 'aae7aa0c-e460-4afd-ab98-64e2573cfe59' for doc_name 'Intel_AI_Reference_Kits.pdf'
2025-08-06 14:18:29 - extractor - INFO - Attempting to extract text from 'Intel_AI_Reference_Kits.pdf' (type: .pdf)
2025-08-06 14:18:33 - extractor - INFO - Successfully extracted 5993 characters from 'Intel_AI_Reference_Kits.pdf'.
2025-08-06 14:18:33 - extractor - INFO - Successfully emitted event for doc_id 'aae7aa0c-e460-4afd-ab98-64e2573cfe59' to 'doc.extracted' topic.
2025-08-06 14:18:33 - extractor - INFO - Received new message from Kafka: doc_id '82bf7ed9-e663-48ff-853e-828ef3bb19ce' for doc_name 'invoice3.pdf'
2025-08-06 14:18:33 - extractor - INFO - Attempting to extract text from 'invoice3.pdf' (type: .pdf)
2025-08-06 14:18:33 - extractor - ERROR - Failed to extract text from D:\Langs\Team_Docs\Local working prototype\Document-Ingestion-and-Classification\backend\ingestor\uploads\invoice3.pdf
Traceback (most recent call last):
  File "D:\Langs\Team_Docs\Local working prototype\Document-Ingestion-and-Classification\backend\venv\Lib\site-packages\pdfplumber\pdf.py", line 50, in __init__
    self.doc = PDFDocument(PDFParser(stream), password=password or "")
               ^^^^^^^^^^^^^^^^^^^^^^^^^^^^^^^^^^^^^^^^^^^^^^^^^^^^^^^
  File "D:\Langs\Team_Docs\Local working prototype\Document-Ingestion-and-Classification\backend\venv\Lib\site-packages\pdfminer\pdfdocument.py", line 752, in __init__
    raise PDFSyntaxError("No /Root object! - Is this really a PDF?")
pdfminer.pdfparser.PDFSyntaxError: No /Root object! - Is this really a PDF?

During handling of the above exception, another exception occurred:

Traceback (most recent call last):
  File "D:\Langs\Team_Docs\Local working prototype\Document-Ingestion-and-Classification\backend\extractor\extractor.py", line 30, in extract_text
    with pdfplumber.open(file_path) as pdf:
         ^^^^^^^^^^^^^^^^^^^^^^^^^^
  File "D:\Langs\Team_Docs\Local working prototype\Document-Ingestion-and-Classification\backend\venv\Lib\site-packages\pdfplumber\pdf.py", line 107, in open
    return cls(
           ^^^^
  File "D:\Langs\Team_Docs\Local working prototype\Document-Ingestion-and-Classification\backend\venv\Lib\site-packages\pdfplumber\pdf.py", line 52, in __init__
    raise PdfminerException(e)
pdfplumber.utils.exceptions.PdfminerException: No /Root object! - Is this really a PDF?
2025-08-06 14:18:33 - extractor - WARNING - No text extracted from 'invoice3.pdf'. Automatically routing to Needs_Action folder.
2025-08-06 14:18:33 - extractor - INFO - Automatically routed blank file to 'Needs_Action': D:\Langs\Team_Docs\Local working prototype\Document-Ingestion-and-Classification\backend\extractor\..\router\routed_documents\Needs_Action\invoice3.pdf
2025-08-06 14:18:34 - extractor - INFO - Received new message from Kafka: doc_id '96a2290c-f5ef-4603-8de2-3d6bffb3b1b7' for doc_name 'EG_Assignment_5.pdf'
2025-08-06 14:18:34 - extractor - ERROR - File not found at path 'D:\Langs\Team_Docs\Local working prototype\Document-Ingestion-and-Classification\backend\ingestor\uploads\EG_Assignment_5.pdf' for doc_id '96a2290c-f5ef-4603-8de2-3d6bffb3b1b7'
2025-08-06 14:18:34 - extractor - INFO - Received new message from Kafka: doc_id '0214d968-34a9-46e3-be92-d22021adb0ca' for doc_name 'JAYA_SHREE_RESUME_3_-_JAYA_SHREE_P.pdf'
2025-08-06 14:18:34 - extractor - INFO - Attempting to extract text from 'JAYA_SHREE_RESUME_3_-_JAYA_SHREE_P.pdf' (type: .pdf)
2025-08-06 14:18:34 - extractor - INFO - Successfully extracted 1 characters from 'JAYA_SHREE_RESUME_3_-_JAYA_SHREE_P.pdf'.
2025-08-06 14:18:34 - extractor - INFO - Successfully emitted event for doc_id '0214d968-34a9-46e3-be92-d22021adb0ca' to 'doc.extracted' topic.
2025-08-06 14:18:34 - extractor - INFO - Received new message from Kafka: doc_id '92f771db-7346-4dbe-9a9d-5b2529b976c0' for doc_name 'JAYASHREE-resume_-_JAYASHREE_R.pdf'
2025-08-06 14:18:34 - extractor - INFO - Attempting to extract text from 'JAYASHREE-resume_-_JAYASHREE_R.pdf' (type: .pdf)
2025-08-06 14:18:35 - extractor - INFO - Successfully extracted 1847 characters from 'JAYASHREE-resume_-_JAYASHREE_R.pdf'.
2025-08-06 14:18:35 - extractor - INFO - Successfully emitted event for doc_id '92f771db-7346-4dbe-9a9d-5b2529b976c0' to 'doc.extracted' topic.
2025-08-06 14:18:35 - extractor - INFO - Received new message from Kafka: doc_id '4db87ff6-e08d-4afa-a5e8-4134afd71a2b' for doc_name 'MongoDBAdvancedSchemaDesignPatternsandAntipatternsSkillBadge_Badge20250620-25-quwb1l.pdf'
2025-08-06 14:18:35 - extractor - INFO - Attempting to extract text from 'MongoDBAdvancedSchemaDesignPatternsandAntipatternsSkillBadge_Badge20250620-25-quwb1l.pdf' (type: .pdf)
2025-08-06 14:18:35 - extractor - INFO - Successfully extracted 182 characters from 'MongoDBAdvancedSchemaDesignPatternsandAntipatternsSkillBadge_Badge20250620-25-quwb1l.pdf'.
2025-08-06 14:18:35 - extractor - INFO - Successfully emitted event for doc_id '4db87ff6-e08d-4afa-a5e8-4134afd71a2b' to 'doc.extracted' topic.
2025-08-06 14:18:35 - extractor - INFO - Received new message from Kafka: doc_id '30a0dae0-0d0f-4896-98ec-870d956a7205' for doc_name 'MongoDBAggregationFundamentals_Badge20250620-27-bg2ih1.pdf'
2025-08-06 14:18:35 - extractor - INFO - Attempting to extract text from 'MongoDBAggregationFundamentals_Badge20250620-27-bg2ih1.pdf' (type: .pdf)
2025-08-06 14:18:35 - extractor - INFO - Successfully extracted 146 characters from 'MongoDBAggregationFundamentals_Badge20250620-27-bg2ih1.pdf'.
2025-08-06 14:18:35 - extractor - INFO - Successfully emitted event for doc_id '30a0dae0-0d0f-4896-98ec-870d956a7205' to 'doc.extracted' topic.
2025-08-06 14:18:36 - extractor - INFO - Received new message from Kafka: doc_id '6ab549e2-e628-4a65-8429-24eabbd655a5' for doc_name 'MongoDBBasicsforStudents_Badge20250620-29-jwwbtq.pdf'
2025-08-06 14:18:36 - extractor - INFO - Attempting to extract text from 'MongoDBBasicsforStudents_Badge20250620-29-jwwbtq.pdf' (type: .pdf)
2025-08-06 14:18:36 - extractor - INFO - Successfully extracted 141 characters from 'MongoDBBasicsforStudents_Badge20250620-29-jwwbtq.pdf'.
2025-08-06 14:18:36 - extractor - INFO - Successfully emitted event for doc_id '6ab549e2-e628-4a65-8429-24eabbd655a5' to 'doc.extracted' topic.
2025-08-06 14:18:36 - extractor - INFO - Received new message from Kafka: doc_id '77d27385-d454-45d2-9099-363c6cd78946' for doc_name 'MongoDBQueryOptimizationTechniques_Badge20250620-25-uqulmn.pdf'
2025-08-06 14:18:36 - extractor - INFO - Attempting to extract text from 'MongoDBQueryOptimizationTechniques_Badge20250620-25-uqulmn.pdf' (type: .pdf)
2025-08-06 14:18:36 - extractor - INFO - Successfully extracted 151 characters from 'MongoDBQueryOptimizationTechniques_Badge20250620-25-uqulmn.pdf'.
2025-08-06 14:18:36 - extractor - INFO - Successfully emitted event for doc_id '77d27385-d454-45d2-9099-363c6cd78946' to 'doc.extracted' topic.
2025-08-06 14:18:36 - extractor - INFO - Received new message from Kafka: doc_id '43483a1d-84e0-4f2c-ae30-2054a2c40d23' for doc_name 'DocScanner_Jul_5_2023_9-18_PM.pdf'
2025-08-06 14:18:36 - extractor - ERROR - File not found at path 'D:\Langs\Team_Docs\Local working prototype\Document-Ingestion-and-Classification\backend\ingestor\uploads\DocScanner_Jul_5_2023_9-18_PM.pdf' for doc_id '43483a1d-84e0-4f2c-ae30-2054a2c40d23'
2025-08-06 14:18:36 - extractor - INFO - Received new message from Kafka: doc_id '54951c0c-4fa1-47c5-961e-463c9cb10714' for doc_name 'MongoDBSchemaDesignOptimizationSkillBadge_Badge20250620-24-g7xmz9.pdf'
2025-08-06 14:18:36 - extractor - INFO - Attempting to extract text from 'MongoDBSchemaDesignOptimizationSkillBadge_Badge20250620-24-g7xmz9.pdf' (type: .pdf)
2025-08-06 14:18:36 - extractor - INFO - Successfully extracted 160 characters from 'MongoDBSchemaDesignOptimizationSkillBadge_Badge20250620-24-g7xmz9.pdf'.
2025-08-06 14:18:37 - extractor - INFO - Successfully emitted event for doc_id '54951c0c-4fa1-47c5-961e-463c9cb10714' to 'doc.extracted' topic.
2025-08-06 14:18:37 - extractor - INFO - Received new message from Kafka: doc_id '78de339f-54c7-41c8-8530-ccedc4a19135' for doc_name 'naveen.pdf'
2025-08-06 14:18:37 - extractor - INFO - Attempting to extract text from 'naveen.pdf' (type: .pdf)
2025-08-06 14:18:37 - extractor - ERROR - Failed to extract text from D:\Langs\Team_Docs\Local working prototype\Document-Ingestion-and-Classification\backend\ingestor\uploads\naveen.pdf
Traceback (most recent call last):
  File "D:\Langs\Team_Docs\Local working prototype\Document-Ingestion-and-Classification\backend\venv\Lib\site-packages\pdfplumber\pdf.py", line 50, in __init__
    self.doc = PDFDocument(PDFParser(stream), password=password or "")
               ^^^^^^^^^^^^^^^^^^^^^^^^^^^^^^^^^^^^^^^^^^^^^^^^^^^^^^^
  File "D:\Langs\Team_Docs\Local working prototype\Document-Ingestion-and-Classification\backend\venv\Lib\site-packages\pdfminer\pdfdocument.py", line 752, in __init__
    raise PDFSyntaxError("No /Root object! - Is this really a PDF?")
pdfminer.pdfparser.PDFSyntaxError: No /Root object! - Is this really a PDF?

During handling of the above exception, another exception occurred:

Traceback (most recent call last):
  File "D:\Langs\Team_Docs\Local working prototype\Document-Ingestion-and-Classification\backend\extractor\extractor.py", line 30, in extract_text
    with pdfplumber.open(file_path) as pdf:
         ^^^^^^^^^^^^^^^^^^^^^^^^^^
  File "D:\Langs\Team_Docs\Local working prototype\Document-Ingestion-and-Classification\backend\venv\Lib\site-packages\pdfplumber\pdf.py", line 107, in open
    return cls(
           ^^^^
  File "D:\Langs\Team_Docs\Local working prototype\Document-Ingestion-and-Classification\backend\venv\Lib\site-packages\pdfplumber\pdf.py", line 52, in __init__
    raise PdfminerException(e)
pdfplumber.utils.exceptions.PdfminerException: No /Root object! - Is this really a PDF?
2025-08-06 14:18:37 - extractor - WARNING - No text extracted from 'naveen.pdf'. Automatically routing to Needs_Action folder.
2025-08-06 14:18:37 - extractor - INFO - Automatically routed blank file to 'Needs_Action': D:\Langs\Team_Docs\Local working prototype\Document-Ingestion-and-Classification\backend\extractor\..\router\routed_documents\Needs_Action\naveen.pdf
2025-08-06 14:18:37 - extractor - INFO - Received new message from Kafka: doc_id '64bbdf04-d63a-43e2-ba41-e87b6c9e8fef' for doc_name 'MongoDBSchemaDesignPatternsandAntipatternsSkillBadge_Badge20250620-27-v47272.pdf'
2025-08-06 14:18:37 - extractor - INFO - Attempting to extract text from 'MongoDBSchemaDesignPatternsandAntipatternsSkillBadge_Badge20250620-27-v47272.pdf' (type: .pdf)
2025-08-06 14:18:37 - extractor - INFO - Successfully extracted 173 characters from 'MongoDBSchemaDesignPatternsandAntipatternsSkillBadge_Badge20250620-27-v47272.pdf'.
2025-08-06 14:18:37 - extractor - INFO - Successfully emitted event for doc_id '64bbdf04-d63a-43e2-ba41-e87b6c9e8fef' to 'doc.extracted' topic.
2025-08-06 14:18:37 - extractor - INFO - Received new message from Kafka: doc_id 'd724349f-63c4-48c8-b05b-3edcd3d0fc1b' for doc_name 'Muni_Charmi_-_MUNI_CHARMI_T.pdf'
2025-08-06 14:18:37 - extractor - INFO - Attempting to extract text from 'Muni_Charmi_-_MUNI_CHARMI_T.pdf' (type: .pdf)
2025-08-06 14:18:38 - extractor - INFO - Successfully extracted 2847 characters from 'Muni_Charmi_-_MUNI_CHARMI_T.pdf'.
2025-08-06 14:18:38 - extractor - INFO - Successfully emitted event for doc_id 'd724349f-63c4-48c8-b05b-3edcd3d0fc1b' to 'doc.extracted' topic.
2025-08-06 14:18:38 - extractor - INFO - Received new message from Kafka: doc_id '2fd111cd-c994-4c04-ade9-f90c94116b12' for doc_name 'Naveen_Resume.pdf'
2025-08-06 14:18:38 - extractor - INFO - Attempting to extract text from 'Naveen_Resume.pdf' (type: .pdf)
2025-08-06 14:18:38 - extractor - INFO - Successfully extracted 2962 characters from 'Naveen_Resume.pdf'.
2025-08-06 14:18:39 - extractor - INFO - Successfully emitted event for doc_id '2fd111cd-c994-4c04-ade9-f90c94116b12' to 'doc.extracted' topic.
2025-08-06 14:18:39 - extractor - INFO - Received new message from Kafka: doc_id '088db049-3b11-460c-b3e1-1a8768285994' for doc_name 'Naveen_-_Resume.pdf'
2025-08-06 14:18:39 - extractor - INFO - Attempting to extract text from 'Naveen_-_Resume.pdf' (type: .pdf)
2025-08-06 14:18:39 - extractor - INFO - Successfully extracted 1404 characters from 'Naveen_-_Resume.pdf'.
2025-08-06 14:18:39 - extractor - INFO - Successfully emitted event for doc_id '088db049-3b11-460c-b3e1-1a8768285994' to 'doc.extracted' topic.
2025-08-06 14:18:39 - extractor - INFO - Received new message from Kafka: doc_id 'c51b88c8-3c89-4843-8a9c-20792a4a413d' for doc_name 'PRABHU_SUNDAR_Resume_-_PRABHU_SUNDAR_D_1.pdf'
2025-08-06 14:18:39 - extractor - INFO - Attempting to extract text from 'PRABHU_SUNDAR_Resume_-_PRABHU_SUNDAR_D_1.pdf' (type: .pdf)
2025-08-06 14:18:40 - extractor - INFO - Successfully extracted 1801 characters from 'PRABHU_SUNDAR_Resume_-_PRABHU_SUNDAR_D_1.pdf'.
2025-08-06 14:18:40 - extractor - INFO - Successfully emitted event for doc_id 'c51b88c8-3c89-4843-8a9c-20792a4a413d' to 'doc.extracted' topic.
2025-08-06 14:18:40 - extractor - INFO - Received new message from Kafka: doc_id 'd78c918c-c272-40bd-94b1-49f1a1af3675' for doc_name 'Resume_NEW_Jun_2025_-_KANNAN_C_J.pdf'
2025-08-06 14:18:40 - extractor - INFO - Attempting to extract text from 'Resume_NEW_Jun_2025_-_KANNAN_C_J.pdf' (type: .pdf)
2025-08-06 14:18:41 - extractor - INFO - Successfully extracted 1467 characters from 'Resume_NEW_Jun_2025_-_KANNAN_C_J.pdf'.
2025-08-06 14:18:41 - extractor - INFO - Successfully emitted event for doc_id 'd78c918c-c272-40bd-94b1-49f1a1af3675' to 'doc.extracted' topic.
2025-08-06 14:18:41 - extractor - INFO - Received new message from Kafka: doc_id 'a55fe631-6cd9-4b3d-9fa4-df9fe553d62b' for doc_name 'resume.pdf'
2025-08-06 14:18:41 - extractor - INFO - Attempting to extract text from 'resume.pdf' (type: .pdf)
2025-08-06 14:18:41 - extractor - ERROR - Failed to extract text from D:\Langs\Team_Docs\Local working prototype\Document-Ingestion-and-Classification\backend\ingestor\uploads\resume.pdf
Traceback (most recent call last):
  File "D:\Langs\Team_Docs\Local working prototype\Document-Ingestion-and-Classification\backend\venv\Lib\site-packages\pdfplumber\pdf.py", line 50, in __init__
    self.doc = PDFDocument(PDFParser(stream), password=password or "")
               ^^^^^^^^^^^^^^^^^^^^^^^^^^^^^^^^^^^^^^^^^^^^^^^^^^^^^^^
  File "D:\Langs\Team_Docs\Local working prototype\Document-Ingestion-and-Classification\backend\venv\Lib\site-packages\pdfminer\pdfdocument.py", line 752, in __init__
    raise PDFSyntaxError("No /Root object! - Is this really a PDF?")
pdfminer.pdfparser.PDFSyntaxError: No /Root object! - Is this really a PDF?

During handling of the above exception, another exception occurred:

Traceback (most recent call last):
  File "D:\Langs\Team_Docs\Local working prototype\Document-Ingestion-and-Classification\backend\extractor\extractor.py", line 30, in extract_text
    with pdfplumber.open(file_path) as pdf:
         ^^^^^^^^^^^^^^^^^^^^^^^^^^
  File "D:\Langs\Team_Docs\Local working prototype\Document-Ingestion-and-Classification\backend\venv\Lib\site-packages\pdfplumber\pdf.py", line 107, in open
    return cls(
           ^^^^
  File "D:\Langs\Team_Docs\Local working prototype\Document-Ingestion-and-Classification\backend\venv\Lib\site-packages\pdfplumber\pdf.py", line 52, in __init__
    raise PdfminerException(e)
pdfplumber.utils.exceptions.PdfminerException: No /Root object! - Is this really a PDF?
2025-08-06 14:18:41 - extractor - WARNING - No text extracted from 'resume.pdf'. Automatically routing to Needs_Action folder.
2025-08-06 14:18:41 - extractor - INFO - Automatically routed blank file to 'Needs_Action': D:\Langs\Team_Docs\Local working prototype\Document-Ingestion-and-Classification\backend\extractor\..\router\routed_documents\Needs_Action\resume.pdf
2025-08-06 14:18:41 - extractor - INFO - Received new message from Kafka: doc_id '5d0ebe8f-f594-45dc-8a93-eee1706ebe7d' for doc_name 'resume2.pdf'
2025-08-06 14:18:41 - extractor - INFO - Attempting to extract text from 'resume2.pdf' (type: .pdf)
2025-08-06 14:18:41 - extractor - ERROR - Failed to extract text from D:\Langs\Team_Docs\Local working prototype\Document-Ingestion-and-Classification\backend\ingestor\uploads\resume2.pdf
Traceback (most recent call last):
  File "D:\Langs\Team_Docs\Local working prototype\Document-Ingestion-and-Classification\backend\venv\Lib\site-packages\pdfplumber\pdf.py", line 50, in __init__
    self.doc = PDFDocument(PDFParser(stream), password=password or "")
               ^^^^^^^^^^^^^^^^^^^^^^^^^^^^^^^^^^^^^^^^^^^^^^^^^^^^^^^
  File "D:\Langs\Team_Docs\Local working prototype\Document-Ingestion-and-Classification\backend\venv\Lib\site-packages\pdfminer\pdfdocument.py", line 752, in __init__
    raise PDFSyntaxError("No /Root object! - Is this really a PDF?")
pdfminer.pdfparser.PDFSyntaxError: No /Root object! - Is this really a PDF?

During handling of the above exception, another exception occurred:

Traceback (most recent call last):
  File "D:\Langs\Team_Docs\Local working prototype\Document-Ingestion-and-Classification\backend\extractor\extractor.py", line 30, in extract_text
    with pdfplumber.open(file_path) as pdf:
         ^^^^^^^^^^^^^^^^^^^^^^^^^^
  File "D:\Langs\Team_Docs\Local working prototype\Document-Ingestion-and-Classification\backend\venv\Lib\site-packages\pdfplumber\pdf.py", line 107, in open
    return cls(
           ^^^^
  File "D:\Langs\Team_Docs\Local working prototype\Document-Ingestion-and-Classification\backend\venv\Lib\site-packages\pdfplumber\pdf.py", line 52, in __init__
    raise PdfminerException(e)
pdfplumber.utils.exceptions.PdfminerException: No /Root object! - Is this really a PDF?
2025-08-06 14:18:41 - extractor - WARNING - No text extracted from 'resume2.pdf'. Automatically routing to Needs_Action folder.
2025-08-06 14:18:41 - extractor - INFO - Automatically routed blank file to 'Needs_Action': D:\Langs\Team_Docs\Local working prototype\Document-Ingestion-and-Classification\backend\extractor\..\router\routed_documents\Needs_Action\resume2.pdf
2025-08-06 14:18:41 - extractor - INFO - Received new message from Kafka: doc_id '7adb96a4-c5ba-4985-b8a3-c4b00d3d314d' for doc_name 'sadha_cv_-_SADHA_SHREE_R.pdf'
2025-08-06 14:18:41 - extractor - INFO - Attempting to extract text from 'sadha_cv_-_SADHA_SHREE_R.pdf' (type: .pdf)
2025-08-06 14:18:42 - extractor - INFO - Successfully extracted 1907 characters from 'sadha_cv_-_SADHA_SHREE_R.pdf'.
2025-08-06 14:18:42 - extractor - INFO - Successfully emitted event for doc_id '7adb96a4-c5ba-4985-b8a3-c4b00d3d314d' to 'doc.extracted' topic.
2025-08-06 14:18:42 - extractor - INFO - Received new message from Kafka: doc_id '7caa3b70-ac49-406a-992c-570d26e663fe' for doc_name 'SAHANA_R_-_RESUME_-_SAHANA_R.pdf'
2025-08-06 14:18:42 - extractor - INFO - Attempting to extract text from 'SAHANA_R_-_RESUME_-_SAHANA_R.pdf' (type: .pdf)
2025-08-06 14:18:42 - extractor - INFO - Successfully extracted 2847 characters from 'SAHANA_R_-_RESUME_-_SAHANA_R.pdf'.
2025-08-06 14:18:43 - extractor - INFO - Successfully emitted event for doc_id '7caa3b70-ac49-406a-992c-570d26e663fe' to 'doc.extracted' topic.
2025-08-06 14:18:43 - extractor - INFO - Received new message from Kafka: doc_id '2141459a-8399-4738-b6aa-524e2d831c54' for doc_name 'SecuringMongoDBAtlasAuthenticationAuthorization_Badge20250620-24-80voyh.pdf'
2025-08-06 14:18:43 - extractor - INFO - Attempting to extract text from 'SecuringMongoDBAtlasAuthenticationAuthorization_Badge20250620-24-80voyh.pdf' (type: .pdf)
2025-08-06 14:18:43 - extractor - INFO - Successfully extracted 168 characters from 'SecuringMongoDBAtlasAuthenticationAuthorization_Badge20250620-24-80voyh.pdf'.
2025-08-06 14:18:43 - extractor - INFO - Successfully emitted event for doc_id '2141459a-8399-4738-b6aa-524e2d831c54' to 'doc.extracted' topic.
2025-08-06 14:18:43 - extractor - INFO - Received new message from Kafka: doc_id '4e4ba003-b822-4048-803a-7df31a36d885' for doc_name 'SecuringMongoDBSelf-ManagedAuthenticationAuthorization_Badge20250620-29-nv0d3x.pdf'
2025-08-06 14:18:43 - extractor - INFO - Attempting to extract text from 'SecuringMongoDBSelf-ManagedAuthenticationAuthorization_Badge20250620-29-nv0d3x.pdf' (type: .pdf)
2025-08-06 14:18:43 - extractor - INFO - Successfully extracted 175 characters from 'SecuringMongoDBSelf-ManagedAuthenticationAuthorization_Badge20250620-29-nv0d3x.pdf'.
2025-08-06 14:18:43 - extractor - INFO - Successfully emitted event for doc_id '4e4ba003-b822-4048-803a-7df31a36d885' to 'doc.extracted' topic.
2025-08-06 14:18:43 - extractor - INFO - Received new message from Kafka: doc_id '410ff517-3df9-4683-adf6-fe2ad5f5ead4' for doc_name 'invoice3.pdf'
2025-08-06 14:18:44 - extractor - ERROR - File not found at path 'D:\Langs\Team_Docs\Local working prototype\Document-Ingestion-and-Classification\backend\ingestor\uploads\invoice3.pdf' for doc_id '410ff517-3df9-4683-adf6-fe2ad5f5ead4'
2025-08-06 14:18:44 - extractor - INFO - Received new message from Kafka: doc_id '33a0e92b-55c4-4464-b5fe-56bce3846535' for doc_name 'naveen.pdf'
2025-08-06 14:18:44 - extractor - ERROR - File not found at path 'D:\Langs\Team_Docs\Local working prototype\Document-Ingestion-and-Classification\backend\ingestor\uploads\naveen.pdf' for doc_id '33a0e92b-55c4-4464-b5fe-56bce3846535'
2025-08-06 14:18:44 - extractor - INFO - Received new message from Kafka: doc_id '34e65ab5-6547-415a-8929-7a14ff0e460d' for doc_name 'resume.pdf'
2025-08-06 14:18:44 - extractor - ERROR - File not found at path 'D:\Langs\Team_Docs\Local working prototype\Document-Ingestion-and-Classification\backend\ingestor\uploads\resume.pdf' for doc_id '34e65ab5-6547-415a-8929-7a14ff0e460d'
2025-08-06 14:18:44 - extractor - INFO - Received new message from Kafka: doc_id '928ceeb7-8efd-47fe-8972-57a5f3fa883e' for doc_name 'resume2.pdf'
2025-08-06 14:18:44 - extractor - ERROR - File not found at path 'D:\Langs\Team_Docs\Local working prototype\Document-Ingestion-and-Classification\backend\ingestor\uploads\resume2.pdf' for doc_id '928ceeb7-8efd-47fe-8972-57a5f3fa883e'
2025-08-06 14:23:12 - extractor - INFO - Extractor service starting...
2025-08-06 14:23:12 - extractor - INFO - Database connection established
2025-08-06 14:23:12 - extractor - INFO - Successfully connected to Kafka.
2025-08-06 14:23:12 - extractor - INFO - Extractor agent started. Waiting for messages from 'doc.ingested' topic...
2025-08-06 14:23:23 - extractor - INFO - Received new message from Kafka: doc_id 'f31246c7-96e2-4071-b5fd-325218bded93' for doc_name 'CRUDOperationsinMongoDB_Badge20250620-27-jt9xd8.pdf'
2025-08-06 14:23:23 - extractor - INFO - Attempting to extract text from 'CRUDOperationsinMongoDB_Badge20250620-27-jt9xd8.pdf' (type: .pdf)
2025-08-06 14:23:23 - extractor - INFO - Successfully extracted 140 characters from 'CRUDOperationsinMongoDB_Badge20250620-27-jt9xd8.pdf'.
2025-08-06 14:23:23 - extractor - INFO - Successfully emitted event for doc_id 'f31246c7-96e2-4071-b5fd-325218bded93' to 'doc.extracted' topic.
2025-08-06 14:23:23 - extractor - INFO - Received new message from Kafka: doc_id 'a38f19c7-10f4-4403-a3ee-3f4e80da9464' for doc_name 'BuildingRAGAppsUsingMongoDB_Badge20250620-27-1b51p5.pdf'
2025-08-06 14:23:23 - extractor - INFO - Attempting to extract text from 'BuildingRAGAppsUsingMongoDB_Badge20250620-27-1b51p5.pdf' (type: .pdf)
2025-08-06 14:23:23 - extractor - INFO - Successfully extracted 145 characters from 'BuildingRAGAppsUsingMongoDB_Badge20250620-27-1b51p5.pdf'.
2025-08-06 14:23:23 - extractor - INFO - Successfully emitted event for doc_id 'a38f19c7-10f4-4403-a3ee-3f4e80da9464' to 'doc.extracted' topic.
2025-08-06 14:23:23 - extractor - INFO - Received new message from Kafka: doc_id 'f60d4be9-870d-4d13-a7a6-5b2510f3a4b3' for doc_name 'BuildingAI-PoweredSearchwithMongoDBVectorSearch_Badge20250620-27-bqobga.pdf'
2025-08-06 14:23:23 - extractor - INFO - Attempting to extract text from 'BuildingAI-PoweredSearchwithMongoDBVectorSearch_Badge20250620-27-bqobga.pdf' (type: .pdf)
2025-08-06 14:23:24 - extractor - INFO - Successfully extracted 167 characters from 'BuildingAI-PoweredSearchwithMongoDBVectorSearch_Badge20250620-27-bqobga.pdf'.
2025-08-06 14:23:24 - extractor - INFO - Successfully emitted event for doc_id 'f60d4be9-870d-4d13-a7a6-5b2510f3a4b3' to 'doc.extracted' topic.
2025-08-06 14:23:24 - extractor - INFO - Received new message from Kafka: doc_id 'e0cf19b0-ad57-4148-85c4-bf0e74646f55' for doc_name '202201100_beee_assignment_1.pdf'
2025-08-06 14:23:24 - extractor - INFO - Attempting to extract text from '202201100_beee_assignment_1.pdf' (type: .pdf)
2025-08-06 14:23:24 - extractor - WARNING - No text extracted from '202201100_beee_assignment_1.pdf'. Automatically routing to Needs_Action folder.
2025-08-06 14:23:24 - extractor - INFO - Automatically routed blank file to 'Needs_Action': D:\Langs\Team_Docs\Local working prototype\Document-Ingestion-and-Classification\backend\extractor\..\router\routed_documents\Needs_Action\202201100_beee_assignment_1.pdf
2025-08-06 14:23:24 - extractor - INFO - Received new message from Kafka: doc_id 'f6f4b595-157e-4c74-ad1e-9ab43261fbe4' for doc_name 'DocScanner_Jul_5_2023_9-18_PM.pdf'
2025-08-06 14:23:24 - extractor - INFO - Attempting to extract text from 'DocScanner_Jul_5_2023_9-18_PM.pdf' (type: .pdf)
2025-08-06 14:23:24 - extractor - WARNING - No text extracted from 'DocScanner_Jul_5_2023_9-18_PM.pdf'. Automatically routing to Needs_Action folder.
2025-08-06 14:23:24 - extractor - INFO - Automatically routed blank file to 'Needs_Action': D:\Langs\Team_Docs\Local working prototype\Document-Ingestion-and-Classification\backend\extractor\..\router\routed_documents\Needs_Action\DocScanner_Jul_5_2023_9-18_PM.pdf
2025-08-06 14:23:24 - extractor - INFO - Received new message from Kafka: doc_id '968acae8-5ea5-4e55-9e1b-bf95a3f43d2e' for doc_name 'EG_Assignment_5.pdf'
2025-08-06 14:23:25 - extractor - INFO - Attempting to extract text from 'EG_Assignment_5.pdf' (type: .pdf)
2025-08-06 14:23:25 - extractor - WARNING - No text extracted from 'EG_Assignment_5.pdf'. Automatically routing to Needs_Action folder.
2025-08-06 14:23:25 - extractor - INFO - Automatically routed blank file to 'Needs_Action': D:\Langs\Team_Docs\Local working prototype\Document-Ingestion-and-Classification\backend\extractor\..\router\routed_documents\Needs_Action\EG_Assignment_5.pdf
2025-08-06 14:23:25 - extractor - INFO - Received new message from Kafka: doc_id 'b8c4075c-4645-435a-b261-7e453a4446a5' for doc_name 'EG_Assignment_5.pdf'
2025-08-06 14:23:25 - extractor - ERROR - File not found at path 'D:\Langs\Team_Docs\Local working prototype\Document-Ingestion-and-Classification\backend\ingestor\uploads\EG_Assignment_5.pdf' for doc_id 'b8c4075c-4645-435a-b261-7e453a4446a5'
2025-08-06 14:23:25 - extractor - INFO - Received new message from Kafka: doc_id '4204e351-a31a-42bf-a404-4d985c596f43' for doc_name 'GODWIN_JUDAH_J_RESUME_-_GODWIN_JUDAH_J.pdf'
2025-08-06 14:23:25 - extractor - INFO - Attempting to extract text from 'GODWIN_JUDAH_J_RESUME_-_GODWIN_JUDAH_J.pdf' (type: .pdf)
2025-08-06 14:23:26 - extractor - INFO - Successfully extracted 4750 characters from 'GODWIN_JUDAH_J_RESUME_-_GODWIN_JUDAH_J.pdf'.
2025-08-06 14:23:26 - extractor - INFO - Successfully emitted event for doc_id '4204e351-a31a-42bf-a404-4d985c596f43' to 'doc.extracted' topic.
2025-08-06 14:23:26 - extractor - INFO - Received new message from Kafka: doc_id 'fb897c51-9e8c-42f9-9128-a055e4f51e32' for doc_name 'invoice3.pdf'
2025-08-06 14:23:26 - extractor - INFO - Attempting to extract text from 'invoice3.pdf' (type: .pdf)
2025-08-06 14:23:26 - extractor - ERROR - Failed to extract text from D:\Langs\Team_Docs\Local working prototype\Document-Ingestion-and-Classification\backend\ingestor\uploads\invoice3.pdf
Traceback (most recent call last):
  File "D:\Langs\Team_Docs\Local working prototype\Document-Ingestion-and-Classification\backend\venv\Lib\site-packages\pdfplumber\pdf.py", line 50, in __init__
    self.doc = PDFDocument(PDFParser(stream), password=password or "")
               ^^^^^^^^^^^^^^^^^^^^^^^^^^^^^^^^^^^^^^^^^^^^^^^^^^^^^^^
  File "D:\Langs\Team_Docs\Local working prototype\Document-Ingestion-and-Classification\backend\venv\Lib\site-packages\pdfminer\pdfdocument.py", line 752, in __init__
    raise PDFSyntaxError("No /Root object! - Is this really a PDF?")
pdfminer.pdfparser.PDFSyntaxError: No /Root object! - Is this really a PDF?

During handling of the above exception, another exception occurred:

Traceback (most recent call last):
  File "D:\Langs\Team_Docs\Local working prototype\Document-Ingestion-and-Classification\backend\extractor\extractor.py", line 30, in extract_text
    with pdfplumber.open(file_path) as pdf:
         ^^^^^^^^^^^^^^^^^^^^^^^^^^
  File "D:\Langs\Team_Docs\Local working prototype\Document-Ingestion-and-Classification\backend\venv\Lib\site-packages\pdfplumber\pdf.py", line 107, in open
    return cls(
           ^^^^
  File "D:\Langs\Team_Docs\Local working prototype\Document-Ingestion-and-Classification\backend\venv\Lib\site-packages\pdfplumber\pdf.py", line 52, in __init__
    raise PdfminerException(e)
pdfplumber.utils.exceptions.PdfminerException: No /Root object! - Is this really a PDF?
2025-08-06 14:23:26 - extractor - WARNING - No text extracted from 'invoice3.pdf'. Automatically routing to Needs_Action folder.
2025-08-06 14:23:26 - extractor - INFO - Automatically routed blank file to 'Needs_Action': D:\Langs\Team_Docs\Local working prototype\Document-Ingestion-and-Classification\backend\extractor\..\router\routed_documents\Needs_Action\invoice3.pdf
2025-08-06 14:23:26 - extractor - INFO - Received new message from Kafka: doc_id '6c8f1bf4-358e-4082-8eba-76e4772473d2' for doc_name 'invoice1.pdf'
2025-08-06 14:23:26 - extractor - INFO - Attempting to extract text from 'invoice1.pdf' (type: .pdf)
2025-08-06 14:23:26 - extractor - ERROR - Failed to extract text from D:\Langs\Team_Docs\Local working prototype\Document-Ingestion-and-Classification\backend\ingestor\uploads\invoice1.pdf
Traceback (most recent call last):
  File "D:\Langs\Team_Docs\Local working prototype\Document-Ingestion-and-Classification\backend\venv\Lib\site-packages\pdfplumber\pdf.py", line 50, in __init__
    self.doc = PDFDocument(PDFParser(stream), password=password or "")
               ^^^^^^^^^^^^^^^^^^^^^^^^^^^^^^^^^^^^^^^^^^^^^^^^^^^^^^^
  File "D:\Langs\Team_Docs\Local working prototype\Document-Ingestion-and-Classification\backend\venv\Lib\site-packages\pdfminer\pdfdocument.py", line 752, in __init__
    raise PDFSyntaxError("No /Root object! - Is this really a PDF?")
pdfminer.pdfparser.PDFSyntaxError: No /Root object! - Is this really a PDF?

During handling of the above exception, another exception occurred:

Traceback (most recent call last):
  File "D:\Langs\Team_Docs\Local working prototype\Document-Ingestion-and-Classification\backend\extractor\extractor.py", line 30, in extract_text
    with pdfplumber.open(file_path) as pdf:
         ^^^^^^^^^^^^^^^^^^^^^^^^^^
  File "D:\Langs\Team_Docs\Local working prototype\Document-Ingestion-and-Classification\backend\venv\Lib\site-packages\pdfplumber\pdf.py", line 107, in open
    return cls(
           ^^^^
  File "D:\Langs\Team_Docs\Local working prototype\Document-Ingestion-and-Classification\backend\venv\Lib\site-packages\pdfplumber\pdf.py", line 52, in __init__
    raise PdfminerException(e)
pdfplumber.utils.exceptions.PdfminerException: No /Root object! - Is this really a PDF?
2025-08-06 14:23:26 - extractor - WARNING - No text extracted from 'invoice1.pdf'. Automatically routing to Needs_Action folder.
2025-08-06 14:23:26 - extractor - INFO - Automatically routed blank file to 'Needs_Action': D:\Langs\Team_Docs\Local working prototype\Document-Ingestion-and-Classification\backend\extractor\..\router\routed_documents\Needs_Action\invoice1.pdf
2025-08-06 14:23:26 - extractor - INFO - Received new message from Kafka: doc_id '69bc62aa-6a1e-4d74-a9a0-3c300cd76bc7' for doc_name 'English_2.pdf'
2025-08-06 14:23:26 - extractor - INFO - Attempting to extract text from 'English_2.pdf' (type: .pdf)
2025-08-06 14:23:27 - extractor - WARNING - No text extracted from 'English_2.pdf'. Automatically routing to Needs_Action folder.
2025-08-06 14:23:27 - extractor - INFO - Automatically routed blank file to 'Needs_Action': D:\Langs\Team_Docs\Local working prototype\Document-Ingestion-and-Classification\backend\extractor\..\router\routed_documents\Needs_Action\English_2.pdf
2025-08-06 14:23:27 - extractor - INFO - Received new message from Kafka: doc_id '6612b790-4e10-4ffb-8e9b-4cdba706a207' for doc_name 'Intel_AI_Reference_Kits.pdf'
2025-08-06 14:23:27 - extractor - INFO - Attempting to extract text from 'Intel_AI_Reference_Kits.pdf' (type: .pdf)
2025-08-06 14:23:30 - extractor - INFO - Successfully extracted 5993 characters from 'Intel_AI_Reference_Kits.pdf'.
2025-08-06 14:23:30 - extractor - INFO - Successfully emitted event for doc_id '6612b790-4e10-4ffb-8e9b-4cdba706a207' to 'doc.extracted' topic.
2025-08-06 14:23:30 - extractor - INFO - Received new message from Kafka: doc_id 'd7e7d217-8ccc-44f0-8c58-bdc4862fa574' for doc_name 'FromRelationalModelSQLtoMongoDBsDocumentModel_Badge20250620-26-c3iwpo.pdf'
2025-08-06 14:23:30 - extractor - INFO - Attempting to extract text from 'FromRelationalModelSQLtoMongoDBsDocumentModel_Badge20250620-26-c3iwpo.pdf' (type: .pdf)
2025-08-06 14:23:30 - extractor - INFO - Successfully extracted 169 characters from 'FromRelationalModelSQLtoMongoDBsDocumentModel_Badge20250620-26-c3iwpo.pdf'.
2025-08-06 14:23:30 - extractor - INFO - Successfully emitted event for doc_id 'd7e7d217-8ccc-44f0-8c58-bdc4862fa574' to 'doc.extracted' topic.
2025-08-06 14:23:30 - extractor - INFO - Received new message from Kafka: doc_id 'beb3bda9-c750-4edb-a899-0da4f2532951' for doc_name 'DocScanner_Jul_5_2023_9-18_PM.pdf'
2025-08-06 14:23:30 - extractor - ERROR - File not found at path 'D:\Langs\Team_Docs\Local working prototype\Document-Ingestion-and-Classification\backend\ingestor\uploads\DocScanner_Jul_5_2023_9-18_PM.pdf' for doc_id 'beb3bda9-c750-4edb-a899-0da4f2532951'
2025-08-06 14:23:30 - extractor - INFO - Received new message from Kafka: doc_id '70722120-8f3c-4248-b316-25e8de99b410' for doc_name 'JAYA_SHREE_RESUME_3_-_JAYA_SHREE_P.pdf'
2025-08-06 14:23:30 - extractor - INFO - Attempting to extract text from 'JAYA_SHREE_RESUME_3_-_JAYA_SHREE_P.pdf' (type: .pdf)
2025-08-06 14:23:30 - extractor - INFO - Successfully extracted 1 characters from 'JAYA_SHREE_RESUME_3_-_JAYA_SHREE_P.pdf'.
2025-08-06 14:23:30 - extractor - INFO - Successfully emitted event for doc_id '70722120-8f3c-4248-b316-25e8de99b410' to 'doc.extracted' topic.
2025-08-06 14:23:30 - extractor - INFO - Received new message from Kafka: doc_id '5cf97393-50fb-4178-a846-431173e448aa' for doc_name 'MongoDBAdvancedSchemaDesignPatternsandAntipatternsSkillBadge_Badge20250620-25-quwb1l.pdf'
2025-08-06 14:23:31 - extractor - INFO - Attempting to extract text from 'MongoDBAdvancedSchemaDesignPatternsandAntipatternsSkillBadge_Badge20250620-25-quwb1l.pdf' (type: .pdf)
2025-08-06 14:23:31 - extractor - INFO - Successfully extracted 182 characters from 'MongoDBAdvancedSchemaDesignPatternsandAntipatternsSkillBadge_Badge20250620-25-quwb1l.pdf'.
2025-08-06 14:23:31 - extractor - INFO - Successfully emitted event for doc_id '5cf97393-50fb-4178-a846-431173e448aa' to 'doc.extracted' topic.
2025-08-06 14:23:31 - extractor - INFO - Received new message from Kafka: doc_id '2140ead8-5468-4644-9867-328c38e49417' for doc_name 'JAYASHREE-resume_-_JAYASHREE_R.pdf'
2025-08-06 14:23:31 - extractor - INFO - Attempting to extract text from 'JAYASHREE-resume_-_JAYASHREE_R.pdf' (type: .pdf)
2025-08-06 14:23:31 - extractor - INFO - Successfully extracted 1847 characters from 'JAYASHREE-resume_-_JAYASHREE_R.pdf'.
2025-08-06 14:23:31 - extractor - INFO - Successfully emitted event for doc_id '2140ead8-5468-4644-9867-328c38e49417' to 'doc.extracted' topic.
2025-08-06 14:23:31 - extractor - INFO - Received new message from Kafka: doc_id 'ef847342-b7b1-42dd-8e1a-b197ef10952e' for doc_name 'MongoDBBasicsforStudents_Badge20250620-29-jwwbtq.pdf'
2025-08-06 14:23:31 - extractor - INFO - Attempting to extract text from 'MongoDBBasicsforStudents_Badge20250620-29-jwwbtq.pdf' (type: .pdf)
2025-08-06 14:23:31 - extractor - INFO - Successfully extracted 141 characters from 'MongoDBBasicsforStudents_Badge20250620-29-jwwbtq.pdf'.
2025-08-06 14:23:31 - extractor - INFO - Successfully emitted event for doc_id 'ef847342-b7b1-42dd-8e1a-b197ef10952e' to 'doc.extracted' topic.
2025-08-06 14:23:31 - extractor - INFO - Received new message from Kafka: doc_id '9d5d0ee4-d83a-4b3b-a73c-8c065365b36f' for doc_name 'MongoDBAggregationFundamentals_Badge20250620-27-bg2ih1.pdf'
2025-08-06 14:23:31 - extractor - INFO - Attempting to extract text from 'MongoDBAggregationFundamentals_Badge20250620-27-bg2ih1.pdf' (type: .pdf)
2025-08-06 14:23:31 - extractor - INFO - Successfully extracted 146 characters from 'MongoDBAggregationFundamentals_Badge20250620-27-bg2ih1.pdf'.
2025-08-06 14:23:31 - extractor - INFO - Successfully emitted event for doc_id '9d5d0ee4-d83a-4b3b-a73c-8c065365b36f' to 'doc.extracted' topic.
2025-08-06 14:23:31 - extractor - INFO - Received new message from Kafka: doc_id '9a5f858c-420f-4e15-b6a3-f4b9b11b47ab' for doc_name 'MongoDBQueryOptimizationTechniques_Badge20250620-25-uqulmn.pdf'
2025-08-06 14:23:31 - extractor - INFO - Attempting to extract text from 'MongoDBQueryOptimizationTechniques_Badge20250620-25-uqulmn.pdf' (type: .pdf)
2025-08-06 14:23:31 - extractor - INFO - Successfully extracted 151 characters from 'MongoDBQueryOptimizationTechniques_Badge20250620-25-uqulmn.pdf'.
2025-08-06 14:23:32 - extractor - INFO - Successfully emitted event for doc_id '9a5f858c-420f-4e15-b6a3-f4b9b11b47ab' to 'doc.extracted' topic.
2025-08-06 14:23:32 - extractor - INFO - Received new message from Kafka: doc_id 'a05b0bb4-ec02-473e-98cb-be2201c1489d' for doc_name 'MongoDBSchemaDesignPatternsandAntipatternsSkillBadge_Badge20250620-27-v47272.pdf'
2025-08-06 14:23:32 - extractor - INFO - Attempting to extract text from 'MongoDBSchemaDesignPatternsandAntipatternsSkillBadge_Badge20250620-27-v47272.pdf' (type: .pdf)
2025-08-06 14:23:32 - extractor - INFO - Successfully extracted 173 characters from 'MongoDBSchemaDesignPatternsandAntipatternsSkillBadge_Badge20250620-27-v47272.pdf'.
2025-08-06 14:23:32 - extractor - INFO - Successfully emitted event for doc_id 'a05b0bb4-ec02-473e-98cb-be2201c1489d' to 'doc.extracted' topic.
2025-08-06 14:23:32 - extractor - INFO - Received new message from Kafka: doc_id '243a9ca8-bed7-4b78-8492-407df606e2c2' for doc_name 'Muni_Charmi_-_MUNI_CHARMI_T.pdf'
2025-08-06 14:23:32 - extractor - INFO - Attempting to extract text from 'Muni_Charmi_-_MUNI_CHARMI_T.pdf' (type: .pdf)
2025-08-06 14:23:32 - extractor - INFO - Successfully extracted 2847 characters from 'Muni_Charmi_-_MUNI_CHARMI_T.pdf'.
2025-08-06 14:23:32 - extractor - INFO - Successfully emitted event for doc_id '243a9ca8-bed7-4b78-8492-407df606e2c2' to 'doc.extracted' topic.
2025-08-06 14:23:32 - extractor - INFO - Received new message from Kafka: doc_id '682c6ff2-c5be-4fb4-aec3-f37c70f09aef' for doc_name 'Naveen_-_Resume.pdf'
2025-08-06 14:23:32 - extractor - INFO - Attempting to extract text from 'Naveen_-_Resume.pdf' (type: .pdf)
2025-08-06 14:23:32 - extractor - INFO - Successfully extracted 1404 characters from 'Naveen_-_Resume.pdf'.
2025-08-06 14:23:32 - extractor - INFO - Successfully emitted event for doc_id '682c6ff2-c5be-4fb4-aec3-f37c70f09aef' to 'doc.extracted' topic.
2025-08-06 14:23:32 - extractor - INFO - Received new message from Kafka: doc_id '58916bc8-ea49-4d1a-bfb4-15d609f91830' for doc_name 'naveen.pdf'
2025-08-06 14:23:32 - extractor - INFO - Attempting to extract text from 'naveen.pdf' (type: .pdf)
2025-08-06 14:23:32 - extractor - ERROR - Failed to extract text from D:\Langs\Team_Docs\Local working prototype\Document-Ingestion-and-Classification\backend\ingestor\uploads\naveen.pdf
Traceback (most recent call last):
  File "D:\Langs\Team_Docs\Local working prototype\Document-Ingestion-and-Classification\backend\venv\Lib\site-packages\pdfplumber\pdf.py", line 50, in __init__
    self.doc = PDFDocument(PDFParser(stream), password=password or "")
               ^^^^^^^^^^^^^^^^^^^^^^^^^^^^^^^^^^^^^^^^^^^^^^^^^^^^^^^
  File "D:\Langs\Team_Docs\Local working prototype\Document-Ingestion-and-Classification\backend\venv\Lib\site-packages\pdfminer\pdfdocument.py", line 752, in __init__
    raise PDFSyntaxError("No /Root object! - Is this really a PDF?")
pdfminer.pdfparser.PDFSyntaxError: No /Root object! - Is this really a PDF?

During handling of the above exception, another exception occurred:

Traceback (most recent call last):
  File "D:\Langs\Team_Docs\Local working prototype\Document-Ingestion-and-Classification\backend\extractor\extractor.py", line 30, in extract_text
    with pdfplumber.open(file_path) as pdf:
         ^^^^^^^^^^^^^^^^^^^^^^^^^^
  File "D:\Langs\Team_Docs\Local working prototype\Document-Ingestion-and-Classification\backend\venv\Lib\site-packages\pdfplumber\pdf.py", line 107, in open
    return cls(
           ^^^^
  File "D:\Langs\Team_Docs\Local working prototype\Document-Ingestion-and-Classification\backend\venv\Lib\site-packages\pdfplumber\pdf.py", line 52, in __init__
    raise PdfminerException(e)
pdfplumber.utils.exceptions.PdfminerException: No /Root object! - Is this really a PDF?
2025-08-06 14:23:32 - extractor - WARNING - No text extracted from 'naveen.pdf'. Automatically routing to Needs_Action folder.
2025-08-06 14:23:32 - extractor - INFO - Automatically routed blank file to 'Needs_Action': D:\Langs\Team_Docs\Local working prototype\Document-Ingestion-and-Classification\backend\extractor\..\router\routed_documents\Needs_Action\naveen.pdf
2025-08-06 14:23:33 - extractor - INFO - Received new message from Kafka: doc_id 'fad06dd0-aa8b-4dfc-b7de-dc44bcfe9c42' for doc_name 'Naveen_Resume.pdf'
2025-08-06 14:23:33 - extractor - INFO - Attempting to extract text from 'Naveen_Resume.pdf' (type: .pdf)
2025-08-06 14:23:33 - extractor - INFO - Successfully extracted 2962 characters from 'Naveen_Resume.pdf'.
2025-08-06 14:23:33 - extractor - INFO - Successfully emitted event for doc_id 'fad06dd0-aa8b-4dfc-b7de-dc44bcfe9c42' to 'doc.extracted' topic.
2025-08-06 14:23:33 - extractor - INFO - Received new message from Kafka: doc_id '172abb06-61a0-42eb-954e-cea26dd4b1c6' for doc_name 'PRABHU_SUNDAR_Resume_-_PRABHU_SUNDAR_D_1.pdf'
2025-08-06 14:23:33 - extractor - INFO - Attempting to extract text from 'PRABHU_SUNDAR_Resume_-_PRABHU_SUNDAR_D_1.pdf' (type: .pdf)
2025-08-06 14:23:33 - extractor - INFO - Successfully extracted 1801 characters from 'PRABHU_SUNDAR_Resume_-_PRABHU_SUNDAR_D_1.pdf'.
2025-08-06 14:23:33 - extractor - INFO - Successfully emitted event for doc_id '172abb06-61a0-42eb-954e-cea26dd4b1c6' to 'doc.extracted' topic.
2025-08-06 14:23:33 - extractor - INFO - Received new message from Kafka: doc_id '5d39702e-65c1-463a-ac17-6965a6b80022' for doc_name 'English_2.pdf'
2025-08-06 14:23:33 - extractor - ERROR - File not found at path 'D:\Langs\Team_Docs\Local working prototype\Document-Ingestion-and-Classification\backend\ingestor\uploads\English_2.pdf' for doc_id '5d39702e-65c1-463a-ac17-6965a6b80022'
2025-08-06 14:23:35 - extractor - INFO - Received new message from Kafka: doc_id 'da4da31a-de2a-496c-9260-6018dcf92af1' for doc_name 'resume.pdf'
2025-08-06 14:23:35 - extractor - INFO - Attempting to extract text from 'resume.pdf' (type: .pdf)
2025-08-06 14:23:35 - extractor - ERROR - Failed to extract text from D:\Langs\Team_Docs\Local working prototype\Document-Ingestion-and-Classification\backend\ingestor\uploads\resume.pdf
Traceback (most recent call last):
  File "D:\Langs\Team_Docs\Local working prototype\Document-Ingestion-and-Classification\backend\venv\Lib\site-packages\pdfplumber\pdf.py", line 50, in __init__
    self.doc = PDFDocument(PDFParser(stream), password=password or "")
               ^^^^^^^^^^^^^^^^^^^^^^^^^^^^^^^^^^^^^^^^^^^^^^^^^^^^^^^
  File "D:\Langs\Team_Docs\Local working prototype\Document-Ingestion-and-Classification\backend\venv\Lib\site-packages\pdfminer\pdfdocument.py", line 752, in __init__
    raise PDFSyntaxError("No /Root object! - Is this really a PDF?")
pdfminer.pdfparser.PDFSyntaxError: No /Root object! - Is this really a PDF?

During handling of the above exception, another exception occurred:

Traceback (most recent call last):
  File "D:\Langs\Team_Docs\Local working prototype\Document-Ingestion-and-Classification\backend\extractor\extractor.py", line 30, in extract_text
    with pdfplumber.open(file_path) as pdf:
         ^^^^^^^^^^^^^^^^^^^^^^^^^^
  File "D:\Langs\Team_Docs\Local working prototype\Document-Ingestion-and-Classification\backend\venv\Lib\site-packages\pdfplumber\pdf.py", line 107, in open
    return cls(
           ^^^^
  File "D:\Langs\Team_Docs\Local working prototype\Document-Ingestion-and-Classification\backend\venv\Lib\site-packages\pdfplumber\pdf.py", line 52, in __init__
    raise PdfminerException(e)
pdfplumber.utils.exceptions.PdfminerException: No /Root object! - Is this really a PDF?
2025-08-06 14:23:35 - extractor - WARNING - No text extracted from 'resume.pdf'. Automatically routing to Needs_Action folder.
2025-08-06 14:23:35 - extractor - INFO - Automatically routed blank file to 'Needs_Action': D:\Langs\Team_Docs\Local working prototype\Document-Ingestion-and-Classification\backend\extractor\..\router\routed_documents\Needs_Action\resume.pdf
2025-08-06 14:23:35 - extractor - INFO - Received new message from Kafka: doc_id '52e21eb6-4f62-458b-a1b5-3ca58b39f9bd' for doc_name 'Resume_NEW_Jun_2025_-_KANNAN_C_J.pdf'
2025-08-06 14:23:35 - extractor - INFO - Attempting to extract text from 'Resume_NEW_Jun_2025_-_KANNAN_C_J.pdf' (type: .pdf)
2025-08-06 14:23:36 - extractor - INFO - Successfully extracted 1467 characters from 'Resume_NEW_Jun_2025_-_KANNAN_C_J.pdf'.
2025-08-06 14:23:36 - extractor - INFO - Successfully emitted event for doc_id '52e21eb6-4f62-458b-a1b5-3ca58b39f9bd' to 'doc.extracted' topic.
2025-08-06 14:23:36 - extractor - INFO - Received new message from Kafka: doc_id '2412da86-9ee3-49a3-83ac-3727458886ad' for doc_name 'sadha_cv_-_SADHA_SHREE_R.pdf'
2025-08-06 14:23:36 - extractor - INFO - Attempting to extract text from 'sadha_cv_-_SADHA_SHREE_R.pdf' (type: .pdf)
2025-08-06 14:23:36 - extractor - INFO - Successfully extracted 1907 characters from 'sadha_cv_-_SADHA_SHREE_R.pdf'.
2025-08-06 14:23:36 - extractor - INFO - Successfully emitted event for doc_id '2412da86-9ee3-49a3-83ac-3727458886ad' to 'doc.extracted' topic.
2025-08-06 14:23:36 - extractor - INFO - Received new message from Kafka: doc_id 'fe4ca7af-3128-4443-8671-50b2bf7d0de2' for doc_name 'SAHANA_R_-_RESUME_-_SAHANA_R.pdf'
2025-08-06 14:23:36 - extractor - INFO - Attempting to extract text from 'SAHANA_R_-_RESUME_-_SAHANA_R.pdf' (type: .pdf)
2025-08-06 14:23:36 - extractor - INFO - Successfully extracted 2847 characters from 'SAHANA_R_-_RESUME_-_SAHANA_R.pdf'.
2025-08-06 14:23:36 - extractor - INFO - Successfully emitted event for doc_id 'fe4ca7af-3128-4443-8671-50b2bf7d0de2' to 'doc.extracted' topic.
2025-08-06 14:23:36 - extractor - INFO - Received new message from Kafka: doc_id '63be46b6-1630-44a5-9262-09799652f69a' for doc_name 'resume2.pdf'
2025-08-06 14:23:36 - extractor - INFO - Attempting to extract text from 'resume2.pdf' (type: .pdf)
2025-08-06 14:23:36 - extractor - ERROR - Failed to extract text from D:\Langs\Team_Docs\Local working prototype\Document-Ingestion-and-Classification\backend\ingestor\uploads\resume2.pdf
Traceback (most recent call last):
  File "D:\Langs\Team_Docs\Local working prototype\Document-Ingestion-and-Classification\backend\venv\Lib\site-packages\pdfplumber\pdf.py", line 50, in __init__
    self.doc = PDFDocument(PDFParser(stream), password=password or "")
               ^^^^^^^^^^^^^^^^^^^^^^^^^^^^^^^^^^^^^^^^^^^^^^^^^^^^^^^
  File "D:\Langs\Team_Docs\Local working prototype\Document-Ingestion-and-Classification\backend\venv\Lib\site-packages\pdfminer\pdfdocument.py", line 752, in __init__
    raise PDFSyntaxError("No /Root object! - Is this really a PDF?")
pdfminer.pdfparser.PDFSyntaxError: No /Root object! - Is this really a PDF?

During handling of the above exception, another exception occurred:

Traceback (most recent call last):
  File "D:\Langs\Team_Docs\Local working prototype\Document-Ingestion-and-Classification\backend\extractor\extractor.py", line 30, in extract_text
    with pdfplumber.open(file_path) as pdf:
         ^^^^^^^^^^^^^^^^^^^^^^^^^^
  File "D:\Langs\Team_Docs\Local working prototype\Document-Ingestion-and-Classification\backend\venv\Lib\site-packages\pdfplumber\pdf.py", line 107, in open
    return cls(
           ^^^^
  File "D:\Langs\Team_Docs\Local working prototype\Document-Ingestion-and-Classification\backend\venv\Lib\site-packages\pdfplumber\pdf.py", line 52, in __init__
    raise PdfminerException(e)
pdfplumber.utils.exceptions.PdfminerException: No /Root object! - Is this really a PDF?
2025-08-06 14:23:36 - extractor - WARNING - No text extracted from 'resume2.pdf'. Automatically routing to Needs_Action folder.
2025-08-06 14:23:36 - extractor - INFO - Automatically routed blank file to 'Needs_Action': D:\Langs\Team_Docs\Local working prototype\Document-Ingestion-and-Classification\backend\extractor\..\router\routed_documents\Needs_Action\resume2.pdf
2025-08-06 14:23:36 - extractor - INFO - Received new message from Kafka: doc_id 'a704fbb1-5d2d-4f52-8d01-feddb001a49a' for doc_name 'SecuringMongoDBAtlasAuthenticationAuthorization_Badge20250620-24-80voyh.pdf'
2025-08-06 14:23:36 - extractor - INFO - Attempting to extract text from 'SecuringMongoDBAtlasAuthenticationAuthorization_Badge20250620-24-80voyh.pdf' (type: .pdf)
2025-08-06 14:23:37 - extractor - INFO - Successfully extracted 168 characters from 'SecuringMongoDBAtlasAuthenticationAuthorization_Badge20250620-24-80voyh.pdf'.
2025-08-06 14:23:37 - extractor - INFO - Successfully emitted event for doc_id 'a704fbb1-5d2d-4f52-8d01-feddb001a49a' to 'doc.extracted' topic.
2025-08-06 20:51:32 - extractor - INFO - Extractor service starting...
2025-08-06 20:51:32 - extractor - INFO - Database connection established
2025-08-06 20:51:33 - extractor - INFO - Successfully connected to Kafka.
2025-08-06 20:51:33 - extractor - INFO - Extractor agent started. Waiting for messages from 'doc.ingested' topic...
2025-08-06 20:57:23 - extractor - INFO - Extractor service starting...
2025-08-06 20:57:23 - extractor - INFO - Database connection established
2025-08-06 20:57:23 - extractor - INFO - Successfully connected to Kafka.
2025-08-06 20:57:23 - extractor - INFO - Extractor agent started. Waiting for messages from 'doc.ingested' topic...
2025-08-06 22:19:47 - extractor - INFO - Received new message from Kafka: doc_id 'e82aa7b7-8d68-4317-b584-adbb7e529f8e' for doc_name 'Naveen_Resume.pdf'
2025-08-06 22:19:47 - extractor - INFO - Attempting to extract text from 'Naveen_Resume.pdf' (type: .pdf)
2025-08-06 22:19:48 - extractor - INFO - Successfully extracted 2962 characters from 'Naveen_Resume.pdf'.
2025-08-06 22:19:48 - extractor - INFO - Successfully emitted event for doc_id 'e82aa7b7-8d68-4317-b584-adbb7e529f8e' to 'doc.extracted' topic.
2025-08-06 22:25:55 - extractor - INFO - Received new message from Kafka: doc_id '0cb3d171-3dbe-41ea-b7f1-23d742c61ef9' for doc_name 'GODWIN_JUDAH_J_RESUME_-_GODWIN_JUDAH_J.pdf'
2025-08-06 22:25:55 - extractor - INFO - Attempting to extract text from 'GODWIN_JUDAH_J_RESUME_-_GODWIN_JUDAH_J.pdf' (type: .pdf)
2025-08-06 22:25:56 - extractor - INFO - Successfully extracted 4750 characters from 'GODWIN_JUDAH_J_RESUME_-_GODWIN_JUDAH_J.pdf'.
2025-08-06 22:25:56 - extractor - INFO - Successfully emitted event for doc_id '0cb3d171-3dbe-41ea-b7f1-23d742c61ef9' to 'doc.extracted' topic.
2025-08-06 22:33:05 - extractor - INFO - Received new message from Kafka: doc_id 'e74ebc98-53db-4c2c-bb9c-df90b2bb0ec7' for doc_name 'sadha_cv_-_SADHA_SHREE_R.pdf'
2025-08-06 22:33:05 - extractor - INFO - Attempting to extract text from 'sadha_cv_-_SADHA_SHREE_R.pdf' (type: .pdf)
2025-08-06 22:33:05 - extractor - INFO - Successfully extracted 1907 characters from 'sadha_cv_-_SADHA_SHREE_R.pdf'.
2025-08-06 22:33:05 - extractor - INFO - Successfully emitted event for doc_id 'e74ebc98-53db-4c2c-bb9c-df90b2bb0ec7' to 'doc.extracted' topic.
2025-08-06 22:35:43 - extractor - INFO - Extractor service starting...
2025-08-06 22:35:44 - extractor - INFO - Database connection established
2025-08-06 22:35:44 - extractor - INFO - Successfully connected to Kafka.
2025-08-06 22:35:44 - extractor - INFO - Extractor agent started. Waiting for messages from 'doc.ingested' topic...
2025-08-06 22:36:06 - extractor - INFO - Received new message from Kafka: doc_id '36bd877c-caad-48ea-8947-612c35523286' for doc_name 'SAHANA_R_-_RESUME_-_SAHANA_R.pdf'
2025-08-06 22:36:06 - extractor - INFO - Attempting to extract text from 'SAHANA_R_-_RESUME_-_SAHANA_R.pdf' (type: .pdf)
2025-08-06 22:36:07 - extractor - INFO - Successfully extracted 2847 characters from 'SAHANA_R_-_RESUME_-_SAHANA_R.pdf'.
2025-08-06 22:36:07 - extractor - INFO - Successfully emitted event for doc_id '36bd877c-caad-48ea-8947-612c35523286' to 'doc.extracted' topic.
2025-08-06 23:04:13 - extractor - INFO - Extractor service starting...
2025-08-06 23:04:13 - extractor - INFO - Database connection established
2025-08-06 23:04:13 - extractor - INFO - Successfully connected to Kafka.
2025-08-06 23:04:13 - extractor - INFO - Extractor agent started. Waiting for messages from 'doc.ingested' topic...
2025-08-06 23:05:51 - extractor - INFO - Received new message from Kafka: doc_id 'e5c79beb-cb05-477b-805e-c84ba7e11aa1' for doc_name 'MUGUNTHAN_S.pdf'
2025-08-06 23:05:51 - extractor - INFO - Attempting to extract text from 'MUGUNTHAN_S.pdf' (type: .pdf)
2025-08-06 23:05:52 - extractor - INFO - Successfully extracted 2399 characters from 'MUGUNTHAN_S.pdf'.
2025-08-06 23:05:52 - extractor - INFO - Successfully emitted event for doc_id 'e5c79beb-cb05-477b-805e-c84ba7e11aa1' to 'doc.extracted' topic.
2025-08-06 23:05:52 - extractor - INFO - Received new message from Kafka: doc_id 'ed67234d-5564-458e-8664-0e9dcc9c04bb' for doc_name 'MUGUNTHAN_S.pdf'
2025-08-06 23:05:52 - extractor - INFO - Attempting to extract text from 'MUGUNTHAN_S.pdf' (type: .pdf)
2025-08-06 23:05:53 - extractor - INFO - Successfully extracted 2399 characters from 'MUGUNTHAN_S.pdf'.
2025-08-06 23:05:53 - extractor - INFO - Successfully emitted event for doc_id 'ed67234d-5564-458e-8664-0e9dcc9c04bb' to 'doc.extracted' topic.
2025-08-07 08:31:48 - extractor - INFO - Extractor service starting...
2025-08-07 08:31:48 - extractor - INFO - Database connection established
2025-08-07 08:31:48 - extractor - INFO - Successfully connected to Kafka.
2025-08-07 08:31:48 - extractor - INFO - Extractor agent started. Waiting for messages from 'doc.ingested' topic...
2025-08-07 08:32:17 - extractor - INFO - Received new message from Kafka: doc_id 'ea46392b-1e65-4acf-ba8f-845494c20ed6' for doc_name 'Results.pdf'
2025-08-07 08:32:17 - extractor - INFO - Attempting to extract text from 'Results.pdf' (type: .pdf)
2025-08-07 08:32:17 - extractor - INFO - Successfully extracted 799 characters from 'Results.pdf'.
2025-08-07 08:32:18 - extractor - INFO - Successfully emitted event for doc_id 'ea46392b-1e65-4acf-ba8f-845494c20ed6' to 'doc.extracted' topic.
2025-08-07 08:32:18 - extractor - INFO - Received new message from Kafka: doc_id '54ee0b93-71cc-4e52-848b-bc0d68414c2f' for doc_name 'Results.pdf'
2025-08-07 08:32:18 - extractor - INFO - Attempting to extract text from 'Results.pdf' (type: .pdf)
2025-08-07 08:32:18 - extractor - INFO - Successfully extracted 799 characters from 'Results.pdf'.
2025-08-07 08:32:18 - extractor - INFO - Successfully emitted event for doc_id '54ee0b93-71cc-4e52-848b-bc0d68414c2f' to 'doc.extracted' topic.
