2025-08-04 12:56:46 - router - INFO - Router agent starting...
2025-08-04 12:56:46 - router - INFO - Successfully connected to Kafka. Listening on topic 'doc.classified'...
2025-08-04 13:06:01 - router - INFO - Router agent starting...
2025-08-04 13:06:01 - router - INFO - Successfully connected to Kafka. Listening on topic 'doc.classified'...
2025-08-04 13:06:05 - router - INFO - Received new message from Kafka: doc_id 'ada141fc-9a16-4d31-86ae-7c8ec1f440e8'
2025-08-04 13:06:05 - router - INFO - Doc 'ada141fc-9a16-4d31-86ae-7c8ec1f440e8' routed to 'other'. Reason: Low confidence (0.00).
2025-08-04 13:07:09 - router - INFO - Received new message from Kafka: doc_id '0a177075-6529-479a-b3d2-fd06d733f330'
2025-08-04 13:07:09 - router - INFO - Doc '0a177075-6529-479a-b3d2-fd06d733f330' routed to 'other'. Reason: Low confidence (0.00).
2025-08-04 13:46:49 - router - INFO - Router agent starting...
2025-08-04 13:46:49 - router - INFO - Successfully connected to Kafka. Listening on topic 'doc.classified'...
2025-08-04 13:47:15 - router - INFO - Received new message from Kafka: doc_id 'fc6ee5c6-88af-46a5-8782-7d1f834fcee7'
2025-08-04 13:47:15 - router - INFO - Doc 'fc6ee5c6-88af-46a5-8782-7d1f834fcee7' routed to 'other'. Reason: Low confidence (0.03).
2025-08-04 13:52:44 - router - INFO - Router agent starting...
2025-08-04 13:52:44 - router - INFO - Successfully connected to Kafka. Listening on topic 'doc.classified'...
2025-08-04 13:53:27 - router - INFO - Router agent starting...
2025-08-04 13:53:27 - router - INFO - Successfully connected to Kafka. Listening on topic 'doc.classified'...
2025-08-04 13:53:46 - router - INFO - Received new message from Kafka: doc_id '9294d360-e21e-4178-9619-e1a7e1707d22'
2025-08-04 13:53:46 - router - INFO - Doc '9294d360-e21e-4178-9619-e1a7e1707d22' routed to 'other'. Reason: Low confidence (0.03).
2025-08-04 13:54:20 - router - INFO - Received new message from Kafka: doc_id 'b9ffea8d-bb50-4b2c-ac25-ac35f0ef1229'
2025-08-04 13:54:20 - router - INFO - Doc 'b9ffea8d-bb50-4b2c-ac25-ac35f0ef1229' routed to 'other'. Reason: Low confidence (0.03).
2025-08-04 13:54:32 - router - INFO - Received new message from Kafka: doc_id '9f42dfd0-fa96-4032-ad38-181bf49dcfb8'
2025-08-04 13:54:32 - router - INFO - Doc '9f42dfd0-fa96-4032-ad38-181bf49dcfb8' routed to 'other'. Reason: Low confidence (0.05).
2025-08-04 14:02:57 - router - INFO - Router agent starting...
2025-08-04 14:02:57 - router - INFO - Successfully connected to Kafka. Listening on topic 'doc.classified'...
2025-08-04 14:03:09 - router - INFO - Received new message from Kafka: doc_id '8c85a93f-c814-4828-879e-bcff2aefd895'
2025-08-04 14:03:09 - router - INFO - Doc '8c85a93f-c814-4828-879e-bcff2aefd895' routed to 'other'. Reason: Low confidence (0.05).
2025-08-04 14:24:05 - router - INFO - Router agent starting...
2025-08-04 14:24:05 - router - INFO - Successfully connected to Kafka. Listening on topic 'doc.classified'...
2025-08-04 18:37:54 - router - INFO - Router agent starting...
2025-08-04 18:37:54 - router - INFO - Successfully connected to Kafka. Listening on topic 'doc.classified'...
2025-08-04 18:40:38 - router - INFO - Router agent starting...
2025-08-04 18:40:38 - router - INFO - Successfully connected to Kafka. Listening on topic 'doc.classified'...
2025-08-04 18:43:40 - router - INFO - Router agent starting...
2025-08-04 18:43:40 - router - INFO - Successfully connected to Kafka. Listening on topic 'doc.classified'...
2025-08-04 18:44:09 - router - INFO - Router agent starting...
2025-08-04 18:44:09 - router - INFO - Successfully connected to Kafka. Listening on topic 'doc.classified'...
2025-08-04 18:46:59 - router - INFO - Router agent starting...
2025-08-04 18:46:59 - router - INFO - Successfully connected to Kafka. Listening on topic 'doc.classified'...
2025-08-04 18:47:33 - router - INFO - Received new message from Kafka: doc_id '3b69a866-6495-47b6-8c69-4ddf016aece4'
2025-08-04 18:47:33 - router - ERROR - Failed to move file for doc_id '3b69a866-6495-47b6-8c69-4ddf016aece4'.
Traceback (most recent call last):
  File "C:\Users\Naveenkumar\AppData\Local\Programs\Python\Python312\Lib\shutil.py", line 847, in move
    os.rename(src, real_dst)
PermissionError: [WinError 32] The process cannot access the file because it is being used by another process: 'D:\\Langs\\Team_Docs\\Local working prototype\\Document-Ingestion-and-Classification\\Backend\\ingestor\\uploads\\Donor_Diaries_1[1].pdf' -> 'D:\\Langs\\Team_Docs\\Local working prototype\\Document-Ingestion-and-Classification\\Backend\\router\\routed_documents\\other\\Donor_Diaries_1[1].pdf'

During handling of the above exception, another exception occurred:

Traceback (most recent call last):
  File "D:\Langs\Team_Docs\Local working prototype\Document-Ingestion-and-Classification\Backend\router\router.py", line 47, in route_document
    shutil.move(source_path, target_path)
  File "C:\Users\Naveenkumar\AppData\Local\Programs\Python\Python312\Lib\shutil.py", line 868, in move
    os.unlink(src)
PermissionError: [WinError 32] The process cannot access the file because it is being used by another process: 'D:\\Langs\\Team_Docs\\Local working prototype\\Document-Ingestion-and-Classification\\Backend\\ingestor\\uploads\\Donor_Diaries_1[1].pdf'
2025-08-04 18:47:34 - router - INFO - Received new message from Kafka: doc_id 'c7e2b606-e175-4e41-8995-860a9423dcda'
2025-08-04 18:47:34 - router - INFO - Doc 'c7e2b606-e175-4e41-8995-860a9423dcda' routed to 'other'. Reason: Low confidence (0.03).
2025-08-04 18:47:34 - router - INFO - Received new message from Kafka: doc_id 'add50a3c-fa28-4bf3-bd2c-b1c361af9354'
2025-08-04 18:47:34 - router - ERROR - Failed to move file for doc_id 'add50a3c-fa28-4bf3-bd2c-b1c361af9354'.
Traceback (most recent call last):
  File "C:\Users\Naveenkumar\AppData\Local\Programs\Python\Python312\Lib\shutil.py", line 847, in move
    os.rename(src, real_dst)
PermissionError: [WinError 32] The process cannot access the file because it is being used by another process: 'D:\\Langs\\Team_Docs\\Local working prototype\\Document-Ingestion-and-Classification\\Backend\\ingestor\\uploads\\SHIELDING WOMENLAWS & REALITY Final.pdf.pdf (3).pdf' -> 'D:\\Langs\\Team_Docs\\Local working prototype\\Document-Ingestion-and-Classification\\Backend\\router\\routed_documents\\other\\SHIELDING WOMENLAWS & REALITY Final.pdf.pdf (3).pdf'

During handling of the above exception, another exception occurred:

Traceback (most recent call last):
  File "D:\Langs\Team_Docs\Local working prototype\Document-Ingestion-and-Classification\Backend\router\router.py", line 47, in route_document
    shutil.move(source_path, target_path)
  File "C:\Users\Naveenkumar\AppData\Local\Programs\Python\Python312\Lib\shutil.py", line 868, in move
    os.unlink(src)
PermissionError: [WinError 32] The process cannot access the file because it is being used by another process: 'D:\\Langs\\Team_Docs\\Local working prototype\\Document-Ingestion-and-Classification\\Backend\\ingestor\\uploads\\SHIELDING WOMENLAWS & REALITY Final.pdf.pdf (3).pdf'
2025-08-04 18:47:35 - router - INFO - Received new message from Kafka: doc_id 'db985dcf-1e07-4e4a-a327-54d1b6d460dd'
2025-08-04 18:47:35 - router - INFO - Doc 'db985dcf-1e07-4e4a-a327-54d1b6d460dd' routed to 'other'. Reason: Low confidence (0.02).
2025-08-04 19:05:51 - router - INFO - Router agent starting...
2025-08-04 19:05:51 - router - INFO - Successfully connected to Kafka. Listening on topic 'doc.classified'...
2025-08-04 19:06:24 - router - INFO - Router agent starting...
2025-08-04 19:06:24 - router - INFO - Successfully connected to Kafka. Listening on topic 'doc.classified'...
2025-08-04 19:09:07 - router - INFO - Router agent starting...
2025-08-04 19:09:07 - router - INFO - Successfully connected to Kafka. Listening on topic 'doc.classified'...
2025-08-04 19:09:51 - router - INFO - Router agent starting...
2025-08-04 19:09:51 - router - INFO - Successfully connected to Kafka. Listening on topic 'doc.classified'...
2025-08-04 19:12:00 - router - INFO - Received new message from Kafka: doc_id '9589f651-b11b-4303-9574-b254132ffb47'
2025-08-04 19:12:00 - router - INFO - Doc '9589f651-b11b-4303-9574-b254132ffb47' routed to 'other'. Reason: Low confidence (0.06).
2025-08-04 19:19:29 - router - INFO - Received new message from Kafka: doc_id '32028589-7c43-4368-857b-45aa388c4b52'
2025-08-04 19:19:29 - router - INFO - Doc '32028589-7c43-4368-857b-45aa388c4b52' routed to 'other'. Reason: Low confidence (0.03).
2025-08-04 19:20:13 - router - INFO - Router agent starting...
2025-08-04 19:20:13 - router - INFO - Successfully connected to Kafka. Listening on topic 'doc.classified'...
2025-08-04 19:20:42 - router - INFO - Router agent starting...
2025-08-04 19:20:42 - router - INFO - Successfully connected to Kafka. Listening on topic 'doc.classified'...
2025-08-04 19:20:56 - router - INFO - Received new message from Kafka: doc_id '5aed82cc-fcf9-4684-a88f-688df46dceb1'
2025-08-04 19:20:56 - router - INFO - Doc '5aed82cc-fcf9-4684-a88f-688df46dceb1' routed to 'resume'. Reason: High confidence (0.70).
2025-08-04 19:25:50 - router - INFO - Router agent starting...
2025-08-04 19:25:50 - router - INFO - Successfully connected to Kafka. Listening on topic 'doc.classified'...
2025-08-04 19:26:08 - router - INFO - Router agent starting...
2025-08-04 19:26:09 - router - INFO - Successfully connected to Kafka. Listening on topic 'doc.classified'...
2025-08-04 19:26:14 - router - INFO - Received new message from Kafka: doc_id '735c1ed7-0357-4608-8fde-383e208fedb2'
2025-08-04 19:26:14 - router - INFO - Doc '735c1ed7-0357-4608-8fde-383e208fedb2' routed to 'resume'. Reason: High confidence (0.70).
2025-08-04 19:26:50 - router - INFO - Router agent starting...
2025-08-04 19:26:50 - router - INFO - Successfully connected to Kafka. Listening on topic 'doc.classified'...
2025-08-04 19:30:52 - router - INFO - Router agent starting...
2025-08-04 19:30:52 - router - INFO - Successfully connected to Kafka. Listening on topic 'doc.classified'...
2025-08-04 19:32:40 - router - INFO - Router agent starting...
2025-08-04 19:32:40 - router - INFO - Successfully connected to Kafka. Listening on topic 'doc.classified'...
2025-08-04 19:33:13 - router - INFO - Received new message from Kafka: doc_id '26f0e1b3-e6c6-49dc-9578-22a4bfc47dcc'
2025-08-04 19:33:13 - router - INFO - Doc '26f0e1b3-e6c6-49dc-9578-22a4bfc47dcc' routed to 'technical'. Reason: High confidence (0.70).
2025-08-04 19:35:14 - router - INFO - Received new message from Kafka: doc_id 'b7dbd367-88a6-45a7-bba2-8d7cdfdebfd6'
2025-08-04 19:35:14 - router - INFO - Doc 'b7dbd367-88a6-45a7-bba2-8d7cdfdebfd6' routed to 'resume'. Reason: High confidence (0.70).
2025-08-04 22:06:34 - router - INFO - Router agent starting...
2025-08-04 22:06:34 - router - INFO - Successfully connected to Kafka. Listening on topic 'doc.classified'...
2025-08-04 22:06:52 - router - INFO - Received new message from Kafka: doc_id '977cb1bc-e79d-431f-8f94-5a64e56c13d9'
2025-08-04 22:06:52 - router - INFO - Doc '977cb1bc-e79d-431f-8f94-5a64e56c13d9' routed to 'train ticket'. Reason: High confidence (0.70).
2025-08-04 22:15:35 - router - INFO - Router agent starting...
2025-08-04 22:15:35 - router - INFO - Successfully connected to Kafka. Listening on topic 'doc.classified'...
2025-08-04 22:15:58 - router - INFO - Received new message from Kafka: doc_id '81212428-02c6-4b4c-88f5-71c0358c4536'
2025-08-04 22:15:58 - router - INFO - Doc '81212428-02c6-4b4c-88f5-71c0358c4536' routed to 'resume'. Reason: High confidence (0.70).
2025-08-05 08:14:01 - router - INFO - Router agent starting...
2025-08-05 08:14:03 - router - ERROR - Could not connect to Kafka. Please ensure Kafka is running.
Traceback (most recent call last):
  File "D:\Langs\Team_Docs\Local working prototype\Document-Ingestion-and-Classification\Backend\router\router.py", line 56, in <module>
    consumer = KafkaConsumer(
               ^^^^^^^^^^^^^^
  File "D:\Langs\Team_Docs\Local working prototype\Document-Ingestion-and-Classification\Backend\venv\Lib\site-packages\kafka\consumer\group.py", line 387, in __init__
    self._client = self.config['kafka_client'](metrics=self._metrics, **self.config)
                   ^^^^^^^^^^^^^^^^^^^^^^^^^^^^^^^^^^^^^^^^^^^^^^^^^^^^^^^^^^^^^^^^^
  File "D:\Langs\Team_Docs\Local working prototype\Document-Ingestion-and-Classification\Backend\venv\Lib\site-packages\kafka\client_async.py", line 262, in __init__
    self.config['api_version'] = self.check_version()
                                 ^^^^^^^^^^^^^^^^^^^^
  File "D:\Langs\Team_Docs\Local working prototype\Document-Ingestion-and-Classification\Backend\venv\Lib\site-packages\kafka\client_async.py", line 1074, in check_version
    raise Errors.NoBrokersAvailable()
kafka.errors.NoBrokersAvailable: NoBrokersAvailable
2025-08-05 08:46:34 - router - INFO - Router agent starting...
2025-08-05 08:46:34 - router - INFO - Successfully connected to Kafka. Listening on topic 'doc.classified'...
2025-08-05 09:03:48 - router - INFO - Router agent starting...
2025-08-05 09:03:48 - router - INFO - Successfully connected to Kafka. Listening on topic 'doc.classified'...
2025-08-05 09:04:15 - router - INFO - Router agent starting...
2025-08-05 09:04:15 - router - INFO - Successfully connected to Kafka. Listening on topic 'doc.classified'...
2025-08-05 09:08:51 - router - INFO - Router agent starting...
2025-08-05 09:08:51 - router - INFO - Successfully connected to Kafka. Listening on topic 'doc.classified'...
2025-08-05 09:13:12 - router - INFO - Router agent starting...
2025-08-05 09:13:12 - router - INFO - Successfully connected to Kafka. Listening on topic 'doc.classified'...
2025-08-05 09:16:29 - router - INFO - Router agent starting...
2025-08-05 09:16:29 - router - INFO - Successfully connected to Kafka. Listening on topic 'doc.classified'...
2025-08-05 12:46:30 - router - INFO - Router agent starting...
2025-08-05 12:46:30 - router - INFO - Successfully connected to Kafka. Listening on topic 'doc.classified'...
2025-08-05 12:47:50 - router - INFO - Received new message from Kafka: doc_id 'ab7b9eae-daea-49f6-b783-da39914b4ce6'
2025-08-05 12:47:50 - router - INFO - Doc 'ab7b9eae-daea-49f6-b783-da39914b4ce6' routed to 'technical'. Reason: High confidence (0.70).
2025-08-05 23:29:56 - router - INFO - Router agent starting...
2025-08-05 23:29:56 - router - INFO - Database connection established
2025-08-05 23:29:56 - router - INFO - Successfully connected to Kafka. Listening on topic 'doc.classified'...
2025-08-05 23:30:10 - router - INFO - Received new message from Kafka: doc_id '08b16be1-85a4-4fcf-849b-9a4ebe445dc5'
2025-08-05 23:30:10 - router - INFO - Doc '08b16be1-85a4-4fcf-849b-9a4ebe445dc5' routed to 'marksheet'. Reason: High confidence (0.70) - routed to 'marksheet'.
2025-08-05 23:30:10 - router - INFO - Received new message from Kafka: doc_id 'cb5b6f70-1f04-4bff-baf0-9e24c863cbc2'
2025-08-05 23:30:10 - router - ERROR - Source file not found for doc_id 'cb5b6f70-1f04-4bff-baf0-9e24c863cbc2'. Path: 'D:\Langs\Team_Docs\Local working prototype\Document-Ingestion-and-Classification\Backend\ingestor\uploads\Hackathon invitation Rajesh 6th aug .jpg'
2025-08-05 23:41:14 - router - INFO - Router agent starting...
2025-08-05 23:41:14 - router - INFO - Database connection established
2025-08-05 23:41:14 - router - INFO - Successfully connected to Kafka. Listening on topic 'doc.classified'...
2025-08-06 09:16:54 - router - INFO - Router agent starting...
2025-08-06 09:16:54 - router - INFO - Database connection established
2025-08-06 09:16:55 - router - INFO - Successfully connected to Kafka. Listening on topic 'doc.classified'...
2025-08-06 13:14:53 - router - INFO - Router agent starting...
2025-08-06 13:14:53 - router - INFO - Database connection established
2025-08-06 13:14:53 - router - INFO - Successfully connected to Kafka. Listening on topic 'doc.classified'...
2025-08-06 13:15:21 - router - INFO - Router agent starting...
2025-08-06 13:15:21 - router - INFO - Database connection established
2025-08-06 13:15:22 - router - INFO - Successfully connected to Kafka. Listening on topic 'doc.classified'...
2025-08-06 13:17:24 - router - INFO - Received new message from Kafka: doc_id '03b91f6e-506f-4f76-bac8-9471fb11b9bd'
2025-08-06 13:17:24 - router - ERROR - Failed to move file for doc_id '03b91f6e-506f-4f76-bac8-9471fb11b9bd': [WinError 32] The process cannot access the file because it is being used by another process: 'D:\\Langs\\Team_Docs\\Local working prototype\\Document-Ingestion-and-Classification\\backend\\ingestor\\uploads\\MUGUNTHAN_S.pdf'
Traceback (most recent call last):
  File "C:\Users\Naveenkumar\AppData\Local\Programs\Python\Python312\Lib\shutil.py", line 847, in move
    os.rename(src, real_dst)
PermissionError: [WinError 32] The process cannot access the file because it is being used by another process: 'D:\\Langs\\Team_Docs\\Local working prototype\\Document-Ingestion-and-Classification\\backend\\ingestor\\uploads\\MUGUNTHAN_S.pdf' -> 'D:\\Langs\\Team_Docs\\Local working prototype\\Document-Ingestion-and-Classification\\backend\\router\\routed_documents\\other\\MUGUNTHAN_S.pdf'

During handling of the above exception, another exception occurred:

Traceback (most recent call last):
  File "D:\Langs\Team_Docs\Local working prototype\Document-Ingestion-and-Classification\backend\router\router.py", line 60, in route_document
    shutil.move(source_path, target_path)
  File "C:\Users\Naveenkumar\AppData\Local\Programs\Python\Python312\Lib\shutil.py", line 868, in move
    os.unlink(src)
PermissionError: [WinError 32] The process cannot access the file because it is being used by another process: 'D:\\Langs\\Team_Docs\\Local working prototype\\Document-Ingestion-and-Classification\\backend\\ingestor\\uploads\\MUGUNTHAN_S.pdf'
2025-08-06 13:17:26 - router - INFO - Received new message from Kafka: doc_id '74e9e196-cf23-4918-8635-7a3173ad02b7'
2025-08-06 13:17:26 - router - INFO - Doc '74e9e196-cf23-4918-8635-7a3173ad02b7' routed to 'other'. Reason: Low confidence (0.00) - routed to 'other'.
2025-08-06 13:24:50 - router - INFO - Router agent starting...
2025-08-06 13:24:50 - router - INFO - Database connection established
2025-08-06 13:24:50 - router - INFO - Successfully connected to Kafka. Listening on topic 'doc.classified'...
2025-08-06 13:25:09 - router - INFO - Received new message from Kafka: doc_id '7b6a155c-4091-42ca-8483-4d49c05a0f27'
2025-08-06 13:25:09 - router - ERROR - Failed to move file for doc_id '7b6a155c-4091-42ca-8483-4d49c05a0f27': [WinError 32] The process cannot access the file because it is being used by another process: 'D:\\Langs\\Team_Docs\\Local working prototype\\Document-Ingestion-and-Classification\\backend\\ingestor\\uploads\\sample-invoice.pdf'
Traceback (most recent call last):
  File "C:\Users\Naveenkumar\AppData\Local\Programs\Python\Python312\Lib\shutil.py", line 847, in move
    os.rename(src, real_dst)
PermissionError: [WinError 32] The process cannot access the file because it is being used by another process: 'D:\\Langs\\Team_Docs\\Local working prototype\\Document-Ingestion-and-Classification\\backend\\ingestor\\uploads\\sample-invoice.pdf' -> 'D:\\Langs\\Team_Docs\\Local working prototype\\Document-Ingestion-and-Classification\\backend\\router\\routed_documents\\invoice\\sample-invoice.pdf'

During handling of the above exception, another exception occurred:

Traceback (most recent call last):
  File "D:\Langs\Team_Docs\Local working prototype\Document-Ingestion-and-Classification\backend\router\router.py", line 60, in route_document
    shutil.move(source_path, target_path)
  File "C:\Users\Naveenkumar\AppData\Local\Programs\Python\Python312\Lib\shutil.py", line 868, in move
    os.unlink(src)
PermissionError: [WinError 32] The process cannot access the file because it is being used by another process: 'D:\\Langs\\Team_Docs\\Local working prototype\\Document-Ingestion-and-Classification\\backend\\ingestor\\uploads\\sample-invoice.pdf'
2025-08-06 13:25:10 - router - INFO - Received new message from Kafka: doc_id '6d2e5e1b-8dc0-4da4-9c5b-2361ebe18fa0'
2025-08-06 13:25:11 - router - INFO - Doc '6d2e5e1b-8dc0-4da4-9c5b-2361ebe18fa0' routed to 'invoice'. Reason: High confidence (0.99) - routed to 'invoice'.
2025-08-06 13:31:55 - router - INFO - Received new message from Kafka: doc_id '8ca11e6d-73d0-4c10-b19a-a394620ff234'
2025-08-06 13:31:56 - router - INFO - Doc '8ca11e6d-73d0-4c10-b19a-a394620ff234' routed to 'degree certificate'. Reason: High confidence (0.70) - routed to 'degree certificate'.
2025-08-06 13:31:57 - router - INFO - Received new message from Kafka: doc_id '3854ce50-dc8c-4891-aeb1-8c85342e4292'
2025-08-06 13:31:57 - router - ERROR - Source file not found for doc_id '3854ce50-dc8c-4891-aeb1-8c85342e4292'. Path: 'D:\Langs\Team_Docs\Local working prototype\Document-Ingestion-and-Classification\backend\ingestor\uploads\1000124077.png'
2025-08-06 13:39:28 - router - INFO - Router agent starting...
2025-08-06 13:39:28 - router - INFO - Database connection established
2025-08-06 13:39:28 - router - INFO - Successfully connected to Kafka. Listening on topic 'doc.classified'...
2025-08-06 13:39:50 - router - INFO - Received new message from Kafka: doc_id '746d852e-eb87-4f5c-884a-1c4023f34c2e'
2025-08-06 13:39:50 - router - INFO - Doc '746d852e-eb87-4f5c-884a-1c4023f34c2e' routed to 'marksheet'. Reason: High confidence (0.76) - routed to 'marksheet'.
2025-08-06 13:39:50 - router - INFO - Received new message from Kafka: doc_id 'd91a363d-cb0f-4b70-aa67-80f71099a64e'
2025-08-06 13:39:50 - router - ERROR - Source file not found for doc_id 'd91a363d-cb0f-4b70-aa67-80f71099a64e'. Path: 'D:\Langs\Team_Docs\Local working prototype\Document-Ingestion-and-Classification\backend\ingestor\uploads\Results.pdf'
2025-08-06 13:41:00 - router - INFO - Received new message from Kafka: doc_id 'a09894a8-6fe1-4b19-8d9a-694513fd6f79'
2025-08-06 13:41:00 - router - INFO - Doc 'a09894a8-6fe1-4b19-8d9a-694513fd6f79' routed to 'prescription'. Reason: High confidence (0.70) - routed to 'prescription'.
2025-08-06 13:41:01 - router - INFO - Received new message from Kafka: doc_id '7d1aa6f6-6745-48ee-8615-62677f350a11'
2025-08-06 13:41:01 - router - INFO - Doc '7d1aa6f6-6745-48ee-8615-62677f350a11' routed to 'prescription'. Reason: High confidence (0.70) - routed to 'prescription'.
2025-08-06 13:41:02 - router - INFO - Received new message from Kafka: doc_id '3d3403bf-f574-449a-92ae-798329d37d5d'
2025-08-06 13:41:02 - router - INFO - Doc '3d3403bf-f574-449a-92ae-798329d37d5d' routed to 'brochure'. Reason: High confidence (0.70) - routed to 'brochure'.
2025-08-06 13:41:48 - router - INFO - Received new message from Kafka: doc_id '28057b64-f26c-4e3d-9448-4b5532f41009'
2025-08-06 13:41:49 - router - INFO - Doc '28057b64-f26c-4e3d-9448-4b5532f41009' routed to 'technical'. Reason: High confidence (0.70) - routed to 'technical'.
2025-08-06 13:41:50 - router - INFO - Received new message from Kafka: doc_id 'cbd830f5-1579-4063-9faa-353bf68d51db'
2025-08-06 13:41:50 - router - INFO - Doc 'cbd830f5-1579-4063-9faa-353bf68d51db' routed to 'resume'. Reason: High confidence (0.70) - routed to 'resume'.
2025-08-06 13:41:52 - router - INFO - Received new message from Kafka: doc_id '0e3d3922-b413-4488-819f-b5f110fa78ca'
2025-08-06 13:41:52 - router - INFO - Doc '0e3d3922-b413-4488-819f-b5f110fa78ca' routed to 'business pitch deck'. Reason: High confidence (0.70) - routed to 'business pitch deck'.
2025-08-06 13:44:59 - router - INFO - Router agent starting...
2025-08-06 13:44:59 - router - INFO - Database connection established
2025-08-06 13:44:59 - router - INFO - Successfully connected to Kafka. Listening on topic 'doc.classified'...
2025-08-06 13:46:01 - router - INFO - Received new message from Kafka: doc_id 'd1ce2865-fcb2-44a3-a237-ed582913a20b'
2025-08-06 13:46:02 - router - INFO - File copied successfully to: D:\Langs\Team_Docs\Local working prototype\Document-Ingestion-and-Classification\backend\router\routed_documents\prescription\BuildingRAGAppsUsingMongoDB_Badge20250620-27-1b51p5.pdf
2025-08-06 13:46:02 - router - INFO - Doc 'd1ce2865-fcb2-44a3-a237-ed582913a20b' routed to 'prescription'. Reason: High confidence (0.70) - routed to 'prescription'.
2025-08-06 13:46:02 - router - INFO - Received new message from Kafka: doc_id 'd62179ca-9990-428a-8dcd-37becbfe3f82'
2025-08-06 13:46:02 - router - INFO - File copied successfully to: D:\Langs\Team_Docs\Local working prototype\Document-Ingestion-and-Classification\backend\router\routed_documents\brochure\BuildingAI-PoweredSearchwithMongoDBVectorSearch_Badge20250620-27-bqobga.pdf
2025-08-06 13:46:02 - router - INFO - Doc 'd62179ca-9990-428a-8dcd-37becbfe3f82' routed to 'brochure'. Reason: High confidence (0.70) - routed to 'brochure'.
2025-08-06 13:46:02 - router - INFO - Received new message from Kafka: doc_id '637bac53-af65-499c-9f7a-7e6b2b5b34e4'
2025-08-06 13:46:02 - router - INFO - File copied successfully to: D:\Langs\Team_Docs\Local working prototype\Document-Ingestion-and-Classification\backend\router\routed_documents\prescription\CRUDOperationsinMongoDB_Badge20250620-27-jt9xd8.pdf
2025-08-06 13:46:02 - router - INFO - Doc '637bac53-af65-499c-9f7a-7e6b2b5b34e4' routed to 'prescription'. Reason: High confidence (0.70) - routed to 'prescription'.
2025-08-06 13:46:49 - router - INFO - Received new message from Kafka: doc_id 'b0ebd6fa-2da4-42fa-a12e-05358e11dbae'
2025-08-06 13:46:50 - router - INFO - File copied successfully to: D:\Langs\Team_Docs\Local working prototype\Document-Ingestion-and-Classification\backend\router\routed_documents\resume\GODWIN_JUDAH_J_RESUME_-_GODWIN_JUDAH_J.pdf
2025-08-06 13:46:50 - router - INFO - Doc 'b0ebd6fa-2da4-42fa-a12e-05358e11dbae' routed to 'resume'. Reason: High confidence (0.70) - routed to 'resume'.
2025-08-06 13:47:08 - router - INFO - Received new message from Kafka: doc_id '7e0a33d7-3990-4428-b018-805bed465a05'
2025-08-06 13:47:08 - router - INFO - File copied successfully to: D:\Langs\Team_Docs\Local working prototype\Document-Ingestion-and-Classification\backend\router\routed_documents\business pitch deck\Intel_AI_Reference_Kits.pdf
2025-08-06 13:47:08 - router - INFO - Doc '7e0a33d7-3990-4428-b018-805bed465a05' routed to 'business pitch deck'. Reason: High confidence (0.70) - routed to 'business pitch deck'.
2025-08-06 13:47:08 - router - INFO - Received new message from Kafka: doc_id '2280d2d3-10c9-4626-b6da-46572ea4b76e'
2025-08-06 13:47:08 - router - INFO - File copied successfully to: D:\Langs\Team_Docs\Local working prototype\Document-Ingestion-and-Classification\backend\router\routed_documents\technical\FromRelationalModelSQLtoMongoDBsDocumentModel_Badge20250620-26-c3iwpo.pdf
2025-08-06 13:47:08 - router - INFO - Doc '2280d2d3-10c9-4626-b6da-46572ea4b76e' routed to 'technical'. Reason: High confidence (0.70) - routed to 'technical'.
2025-08-06 13:47:39 - router - INFO - Received new message from Kafka: doc_id 'f882920b-53ec-495c-90de-11c7130bf932'
2025-08-06 13:47:39 - router - INFO - File copied successfully to: D:\Langs\Team_Docs\Local working prototype\Document-Ingestion-and-Classification\backend\router\routed_documents\prescription\BuildingRAGAppsUsingMongoDB_Badge20250620-27-1b51p5.pdf
2025-08-06 13:47:39 - router - INFO - Doc 'f882920b-53ec-495c-90de-11c7130bf932' routed to 'prescription'. Reason: High confidence (0.70) - routed to 'prescription'.
2025-08-06 13:47:40 - router - INFO - Received new message from Kafka: doc_id 'eddcb60a-1520-40b4-83a9-fecc7c8f9175'
2025-08-06 13:47:40 - router - INFO - File copied successfully to: D:\Langs\Team_Docs\Local working prototype\Document-Ingestion-and-Classification\backend\router\routed_documents\resume\JAYASHREE-resume_-_JAYASHREE_R.pdf
2025-08-06 13:47:40 - router - INFO - Doc 'eddcb60a-1520-40b4-83a9-fecc7c8f9175' routed to 'resume'. Reason: High confidence (0.70) - routed to 'resume'.
2025-08-06 13:47:41 - router - INFO - Received new message from Kafka: doc_id '0f2f5cc2-e327-4d5c-942f-b88386073ac7'
2025-08-06 13:47:41 - router - INFO - File copied successfully to: D:\Langs\Team_Docs\Local working prototype\Document-Ingestion-and-Classification\backend\router\routed_documents\brochure\MongoDBAdvancedSchemaDesignPatternsandAntipatternsSkillBadge_Badge20250620-25-quwb1l.pdf
2025-08-06 13:47:41 - router - INFO - Doc '0f2f5cc2-e327-4d5c-942f-b88386073ac7' routed to 'brochure'. Reason: High confidence (0.70) - routed to 'brochure'.
2025-08-06 13:47:41 - router - INFO - Received new message from Kafka: doc_id 'f240a915-39d4-4498-b905-83d36a272eed'
2025-08-06 13:47:41 - router - INFO - File copied successfully to: D:\Langs\Team_Docs\Local working prototype\Document-Ingestion-and-Classification\backend\router\routed_documents\prescription\MongoDBAggregationFundamentals_Badge20250620-27-bg2ih1.pdf
2025-08-06 13:47:41 - router - INFO - Doc 'f240a915-39d4-4498-b905-83d36a272eed' routed to 'prescription'. Reason: High confidence (0.70) - routed to 'prescription'.
2025-08-06 13:47:41 - router - INFO - Received new message from Kafka: doc_id 'e7d830af-abd2-4d64-a71d-f3018804c1ce'
2025-08-06 13:47:41 - router - INFO - File copied successfully to: D:\Langs\Team_Docs\Local working prototype\Document-Ingestion-and-Classification\backend\router\routed_documents\advertisement\JAYA_SHREE_RESUME_3_-_JAYA_SHREE_P.pdf
2025-08-06 13:47:41 - router - INFO - Doc 'e7d830af-abd2-4d64-a71d-f3018804c1ce' routed to 'advertisement'. Reason: High confidence (0.70) - routed to 'advertisement'.
2025-08-06 13:47:42 - router - INFO - Received new message from Kafka: doc_id '77781b69-62b3-4f80-af8e-a12197ab69ea'
2025-08-06 13:47:42 - router - INFO - File copied successfully to: D:\Langs\Team_Docs\Local working prototype\Document-Ingestion-and-Classification\backend\router\routed_documents\prescription\MongoDBQueryOptimizationTechniques_Badge20250620-25-uqulmn.pdf
2025-08-06 13:47:42 - router - INFO - Doc '77781b69-62b3-4f80-af8e-a12197ab69ea' routed to 'prescription'. Reason: High confidence (0.70) - routed to 'prescription'.
2025-08-06 13:47:42 - router - INFO - Received new message from Kafka: doc_id '1e06e079-c291-4c7b-8b42-09917c097302'
2025-08-06 13:47:42 - router - INFO - File copied successfully to: D:\Langs\Team_Docs\Local working prototype\Document-Ingestion-and-Classification\backend\router\routed_documents\prescription\MongoDBBasicsforStudents_Badge20250620-29-jwwbtq.pdf
2025-08-06 13:47:42 - router - INFO - Doc '1e06e079-c291-4c7b-8b42-09917c097302' routed to 'prescription'. Reason: High confidence (0.70) - routed to 'prescription'.
2025-08-06 13:47:43 - router - INFO - Received new message from Kafka: doc_id '00c3c65e-4317-4497-a5cd-6a2d442bbcd2'
2025-08-06 13:47:43 - router - INFO - File copied successfully to: D:\Langs\Team_Docs\Local working prototype\Document-Ingestion-and-Classification\backend\router\routed_documents\brochure\BuildingAI-PoweredSearchwithMongoDBVectorSearch_Badge20250620-27-bqobga.pdf
2025-08-06 13:47:43 - router - INFO - Doc '00c3c65e-4317-4497-a5cd-6a2d442bbcd2' routed to 'brochure'. Reason: High confidence (0.70) - routed to 'brochure'.
2025-08-06 13:47:43 - router - INFO - Received new message from Kafka: doc_id '7e0592ae-3e73-4609-8d49-b7890dacc26a'
2025-08-06 13:47:43 - router - INFO - File copied successfully to: D:\Langs\Team_Docs\Local working prototype\Document-Ingestion-and-Classification\backend\router\routed_documents\prescription\MongoDBSchemaDesignOptimizationSkillBadge_Badge20250620-24-g7xmz9.pdf
2025-08-06 13:47:43 - router - INFO - Doc '7e0592ae-3e73-4609-8d49-b7890dacc26a' routed to 'prescription'. Reason: High confidence (0.70) - routed to 'prescription'.
2025-08-06 13:47:44 - router - INFO - Received new message from Kafka: doc_id '7ba00f84-0914-4f3a-8987-7c80fcd9527e'
2025-08-06 13:47:44 - router - INFO - File copied successfully to: D:\Langs\Team_Docs\Local working prototype\Document-Ingestion-and-Classification\backend\router\routed_documents\brochure\MongoDBSchemaDesignPatternsandAntipatternsSkillBadge_Badge20250620-27-v47272.pdf
2025-08-06 13:47:44 - router - INFO - Doc '7ba00f84-0914-4f3a-8987-7c80fcd9527e' routed to 'brochure'. Reason: High confidence (0.70) - routed to 'brochure'.
2025-08-06 13:47:44 - router - INFO - Received new message from Kafka: doc_id '130aa634-e15c-4b1e-ae3d-4a1175dec15c'
2025-08-06 13:47:44 - router - INFO - File copied successfully to: D:\Langs\Team_Docs\Local working prototype\Document-Ingestion-and-Classification\backend\router\routed_documents\resume\Naveen_-_Resume.pdf
2025-08-06 13:47:44 - router - INFO - Doc '130aa634-e15c-4b1e-ae3d-4a1175dec15c' routed to 'resume'. Reason: High confidence (0.70) - routed to 'resume'.
2025-08-06 13:47:45 - router - INFO - Received new message from Kafka: doc_id 'b07c997b-ac96-477b-8e2b-8590b4c43729'
2025-08-06 13:47:45 - router - INFO - File copied successfully to: D:\Langs\Team_Docs\Local working prototype\Document-Ingestion-and-Classification\backend\router\routed_documents\resume\Muni_Charmi_-_MUNI_CHARMI_T.pdf
2025-08-06 13:47:45 - router - INFO - Doc 'b07c997b-ac96-477b-8e2b-8590b4c43729' routed to 'resume'. Reason: High confidence (0.70) - routed to 'resume'.
2025-08-06 13:48:01 - router - INFO - Received new message from Kafka: doc_id '54b03a37-7a7c-4acf-af49-caad27e8ef00'
2025-08-06 13:48:01 - router - INFO - File copied successfully to: D:\Langs\Team_Docs\Local working prototype\Document-Ingestion-and-Classification\backend\router\routed_documents\resume\Naveen_Resume.pdf
2025-08-06 13:48:01 - router - INFO - Doc '54b03a37-7a7c-4acf-af49-caad27e8ef00' routed to 'resume'. Reason: High confidence (0.70) - routed to 'resume'.
2025-08-06 13:48:02 - router - INFO - Received new message from Kafka: doc_id '1a27cc1f-5ed4-4e98-8786-cf77068c8496'
2025-08-06 13:48:02 - router - INFO - File copied successfully to: D:\Langs\Team_Docs\Local working prototype\Document-Ingestion-and-Classification\backend\router\routed_documents\prescription\CRUDOperationsinMongoDB_Badge20250620-27-jt9xd8.pdf
2025-08-06 13:48:02 - router - INFO - Doc '1a27cc1f-5ed4-4e98-8786-cf77068c8496' routed to 'prescription'. Reason: High confidence (0.70) - routed to 'prescription'.
2025-08-06 13:48:02 - router - INFO - Received new message from Kafka: doc_id '7a845d4f-ef1c-435e-aa46-2cf7b98fb351'
2025-08-06 13:48:03 - router - INFO - File copied successfully to: D:\Langs\Team_Docs\Local working prototype\Document-Ingestion-and-Classification\backend\router\routed_documents\resume\PRABHU_SUNDAR_Resume_-_PRABHU_SUNDAR_D_1.pdf
2025-08-06 13:48:03 - router - INFO - Doc '7a845d4f-ef1c-435e-aa46-2cf7b98fb351' routed to 'resume'. Reason: High confidence (0.70) - routed to 'resume'.
2025-08-06 13:48:18 - router - INFO - Received new message from Kafka: doc_id '03dcb159-e5fb-4a6d-9e49-7aa84fbb6f7b'
2025-08-06 13:48:18 - router - INFO - File copied successfully to: D:\Langs\Team_Docs\Local working prototype\Document-Ingestion-and-Classification\backend\router\routed_documents\resume\Resume_NEW_Jun_2025_-_KANNAN_C_J.pdf
2025-08-06 13:48:18 - router - INFO - Doc '03dcb159-e5fb-4a6d-9e49-7aa84fbb6f7b' routed to 'resume'. Reason: High confidence (0.70) - routed to 'resume'.
2025-08-06 13:48:19 - router - INFO - Received new message from Kafka: doc_id '8f5d17dc-a266-4b1d-bcb4-ecb280a2195c'
2025-08-06 13:48:19 - router - INFO - File copied successfully to: D:\Langs\Team_Docs\Local working prototype\Document-Ingestion-and-Classification\backend\router\routed_documents\resume\sadha_cv_-_SADHA_SHREE_R.pdf
2025-08-06 13:48:19 - router - INFO - Doc '8f5d17dc-a266-4b1d-bcb4-ecb280a2195c' routed to 'resume'. Reason: High confidence (0.70) - routed to 'resume'.
2025-08-06 13:48:35 - router - INFO - Received new message from Kafka: doc_id '626c11e6-4521-4392-8d25-04550a5793b9'
2025-08-06 13:48:35 - router - INFO - File copied successfully to: D:\Langs\Team_Docs\Local working prototype\Document-Ingestion-and-Classification\backend\router\routed_documents\resume\SAHANA_R_-_RESUME_-_SAHANA_R.pdf
2025-08-06 13:48:35 - router - INFO - Doc '626c11e6-4521-4392-8d25-04550a5793b9' routed to 'resume'. Reason: High confidence (0.70) - routed to 'resume'.
2025-08-06 13:48:35 - router - INFO - Received new message from Kafka: doc_id 'b1349bab-166d-4707-bfd1-d60b642008aa'
2025-08-06 13:48:35 - router - INFO - File copied successfully to: D:\Langs\Team_Docs\Local working prototype\Document-Ingestion-and-Classification\backend\router\routed_documents\prescription\SecuringMongoDBSelf-ManagedAuthenticationAuthorization_Badge20250620-29-nv0d3x.pdf
2025-08-06 13:48:35 - router - INFO - Doc 'b1349bab-166d-4707-bfd1-d60b642008aa' routed to 'prescription'. Reason: High confidence (0.70) - routed to 'prescription'.
2025-08-06 13:48:36 - router - INFO - Received new message from Kafka: doc_id '7b98d023-9190-4994-962f-cf3e6c11fc42'
2025-08-06 13:48:36 - router - INFO - File copied successfully to: D:\Langs\Team_Docs\Local working prototype\Document-Ingestion-and-Classification\backend\router\routed_documents\prescription\SecuringMongoDBAtlasAuthenticationAuthorization_Badge20250620-24-80voyh.pdf
2025-08-06 13:48:36 - router - INFO - Doc '7b98d023-9190-4994-962f-cf3e6c11fc42' routed to 'prescription'. Reason: High confidence (0.70) - routed to 'prescription'.
2025-08-06 13:49:22 - router - INFO - Received new message from Kafka: doc_id 'f1e5eb04-e44d-48ef-b022-87d613a8b992'
2025-08-06 13:49:22 - router - INFO - File copied successfully to: D:\Langs\Team_Docs\Local working prototype\Document-Ingestion-and-Classification\backend\router\routed_documents\technical\FromRelationalModelSQLtoMongoDBsDocumentModel_Badge20250620-26-c3iwpo.pdf
2025-08-06 13:49:22 - router - INFO - Doc 'f1e5eb04-e44d-48ef-b022-87d613a8b992' routed to 'technical'. Reason: High confidence (0.70) - routed to 'technical'.
2025-08-06 13:49:23 - router - INFO - Received new message from Kafka: doc_id 'c40e6a2c-c487-4b06-897c-9971355b9ecb'
2025-08-06 13:49:23 - router - INFO - File copied successfully to: D:\Langs\Team_Docs\Local working prototype\Document-Ingestion-and-Classification\backend\router\routed_documents\resume\GODWIN_JUDAH_J_RESUME_-_GODWIN_JUDAH_J.pdf
2025-08-06 13:49:23 - router - INFO - Doc 'c40e6a2c-c487-4b06-897c-9971355b9ecb' routed to 'resume'. Reason: High confidence (0.70) - routed to 'resume'.
2025-08-06 13:49:25 - router - INFO - Received new message from Kafka: doc_id '433d97e8-28d5-4fdb-81c3-850101aecaa7'
2025-08-06 13:49:25 - router - INFO - File copied successfully to: D:\Langs\Team_Docs\Local working prototype\Document-Ingestion-and-Classification\backend\router\routed_documents\business pitch deck\Intel_AI_Reference_Kits.pdf
2025-08-06 13:49:25 - router - INFO - Doc '433d97e8-28d5-4fdb-81c3-850101aecaa7' routed to 'business pitch deck'. Reason: High confidence (0.70) - routed to 'business pitch deck'.
2025-08-06 13:49:25 - router - INFO - Received new message from Kafka: doc_id '3463cfe8-c501-40fd-bdab-3ac9b520438a'
2025-08-06 13:49:25 - router - INFO - File copied successfully to: D:\Langs\Team_Docs\Local working prototype\Document-Ingestion-and-Classification\backend\router\routed_documents\advertisement\JAYA_SHREE_RESUME_3_-_JAYA_SHREE_P.pdf
2025-08-06 13:49:25 - router - INFO - Doc '3463cfe8-c501-40fd-bdab-3ac9b520438a' routed to 'advertisement'. Reason: High confidence (0.70) - routed to 'advertisement'.
2025-08-06 13:49:26 - router - INFO - Received new message from Kafka: doc_id 'ddf1d6c9-eeac-420a-9fa7-b091f27ee647'
2025-08-06 13:49:26 - router - INFO - File copied successfully to: D:\Langs\Team_Docs\Local working prototype\Document-Ingestion-and-Classification\backend\router\routed_documents\resume\JAYASHREE-resume_-_JAYASHREE_R.pdf
2025-08-06 13:49:26 - router - INFO - Doc 'ddf1d6c9-eeac-420a-9fa7-b091f27ee647' routed to 'resume'. Reason: High confidence (0.70) - routed to 'resume'.
2025-08-06 13:49:26 - router - INFO - Received new message from Kafka: doc_id 'a6c6a6cf-d1f6-46c6-8879-8f98006aae8f'
2025-08-06 13:49:26 - router - INFO - File copied successfully to: D:\Langs\Team_Docs\Local working prototype\Document-Ingestion-and-Classification\backend\router\routed_documents\brochure\MongoDBAdvancedSchemaDesignPatternsandAntipatternsSkillBadge_Badge20250620-25-quwb1l.pdf
2025-08-06 13:49:26 - router - INFO - Doc 'a6c6a6cf-d1f6-46c6-8879-8f98006aae8f' routed to 'brochure'. Reason: High confidence (0.70) - routed to 'brochure'.
2025-08-06 13:49:27 - router - INFO - Received new message from Kafka: doc_id 'e8bcbae3-227f-48e7-82fb-9ff8678e23bb'
2025-08-06 13:49:27 - router - INFO - File copied successfully to: D:\Langs\Team_Docs\Local working prototype\Document-Ingestion-and-Classification\backend\router\routed_documents\prescription\MongoDBAggregationFundamentals_Badge20250620-27-bg2ih1.pdf
2025-08-06 13:49:27 - router - INFO - Doc 'e8bcbae3-227f-48e7-82fb-9ff8678e23bb' routed to 'prescription'. Reason: High confidence (0.70) - routed to 'prescription'.
2025-08-06 13:49:27 - router - INFO - Received new message from Kafka: doc_id 'e6fdcf20-26fc-4c9c-ac17-2075fc066562'
2025-08-06 13:49:27 - router - INFO - File copied successfully to: D:\Langs\Team_Docs\Local working prototype\Document-Ingestion-and-Classification\backend\router\routed_documents\prescription\MongoDBBasicsforStudents_Badge20250620-29-jwwbtq.pdf
2025-08-06 13:49:27 - router - INFO - Doc 'e6fdcf20-26fc-4c9c-ac17-2075fc066562' routed to 'prescription'. Reason: High confidence (0.70) - routed to 'prescription'.
2025-08-06 13:49:27 - router - INFO - Received new message from Kafka: doc_id '0c46142d-6827-40f4-b99e-4070b1f28276'
2025-08-06 13:49:28 - router - INFO - File copied successfully to: D:\Langs\Team_Docs\Local working prototype\Document-Ingestion-and-Classification\backend\router\routed_documents\prescription\MongoDBQueryOptimizationTechniques_Badge20250620-25-uqulmn.pdf
2025-08-06 13:49:28 - router - INFO - Doc '0c46142d-6827-40f4-b99e-4070b1f28276' routed to 'prescription'. Reason: High confidence (0.70) - routed to 'prescription'.
2025-08-06 13:49:28 - router - INFO - Received new message from Kafka: doc_id '74061fe2-86f3-4c0b-b195-9a860be5475d'
2025-08-06 13:49:28 - router - INFO - File copied successfully to: D:\Langs\Team_Docs\Local working prototype\Document-Ingestion-and-Classification\backend\router\routed_documents\brochure\MongoDBSchemaDesignPatternsandAntipatternsSkillBadge_Badge20250620-27-v47272.pdf
2025-08-06 13:49:28 - router - INFO - Doc '74061fe2-86f3-4c0b-b195-9a860be5475d' routed to 'brochure'. Reason: High confidence (0.70) - routed to 'brochure'.
2025-08-06 13:49:28 - router - INFO - Received new message from Kafka: doc_id '8d6fdb73-2f31-410a-b3c3-6561409fac4b'
2025-08-06 13:49:28 - router - INFO - File copied successfully to: D:\Langs\Team_Docs\Local working prototype\Document-Ingestion-and-Classification\backend\router\routed_documents\prescription\MongoDBSchemaDesignOptimizationSkillBadge_Badge20250620-24-g7xmz9.pdf
2025-08-06 13:49:28 - router - INFO - Doc '8d6fdb73-2f31-410a-b3c3-6561409fac4b' routed to 'prescription'. Reason: High confidence (0.70) - routed to 'prescription'.
2025-08-06 13:49:28 - router - INFO - Received new message from Kafka: doc_id 'aa3fd548-8dc2-41a4-8893-8dc79d428769'
2025-08-06 13:49:28 - router - INFO - File copied successfully to: D:\Langs\Team_Docs\Local working prototype\Document-Ingestion-and-Classification\backend\router\routed_documents\resume\Naveen_-_Resume.pdf
2025-08-06 13:49:28 - router - INFO - Doc 'aa3fd548-8dc2-41a4-8893-8dc79d428769' routed to 'resume'. Reason: High confidence (0.70) - routed to 'resume'.
2025-08-06 13:49:29 - router - INFO - Received new message from Kafka: doc_id '28c67eaa-6aac-427a-bfc8-3447af511153'
2025-08-06 13:49:29 - router - INFO - File copied successfully to: D:\Langs\Team_Docs\Local working prototype\Document-Ingestion-and-Classification\backend\router\routed_documents\resume\Muni_Charmi_-_MUNI_CHARMI_T.pdf
2025-08-06 13:49:29 - router - INFO - Doc '28c67eaa-6aac-427a-bfc8-3447af511153' routed to 'resume'. Reason: High confidence (0.70) - routed to 'resume'.
2025-08-06 13:49:30 - router - INFO - Received new message from Kafka: doc_id '1b9c63e0-cc53-4267-ac3a-5d6bf29f6115'
2025-08-06 13:49:30 - router - INFO - File copied successfully to: D:\Langs\Team_Docs\Local working prototype\Document-Ingestion-and-Classification\backend\router\routed_documents\resume\Naveen_Resume.pdf
2025-08-06 13:49:30 - router - INFO - Doc '1b9c63e0-cc53-4267-ac3a-5d6bf29f6115' routed to 'resume'. Reason: High confidence (0.70) - routed to 'resume'.
2025-08-06 13:49:31 - router - INFO - Received new message from Kafka: doc_id '22980beb-2b6d-4f61-a858-113efbaaac3d'
2025-08-06 13:49:31 - router - INFO - File copied successfully to: D:\Langs\Team_Docs\Local working prototype\Document-Ingestion-and-Classification\backend\router\routed_documents\resume\PRABHU_SUNDAR_Resume_-_PRABHU_SUNDAR_D_1.pdf
2025-08-06 13:49:31 - router - INFO - Doc '22980beb-2b6d-4f61-a858-113efbaaac3d' routed to 'resume'. Reason: High confidence (0.70) - routed to 'resume'.
2025-08-06 13:49:31 - router - INFO - Received new message from Kafka: doc_id '0da7a032-9a48-42e4-9468-09fa715a2b49'
2025-08-06 13:49:31 - router - INFO - File copied successfully to: D:\Langs\Team_Docs\Local working prototype\Document-Ingestion-and-Classification\backend\router\routed_documents\resume\Resume_NEW_Jun_2025_-_KANNAN_C_J.pdf
2025-08-06 13:49:31 - router - INFO - Doc '0da7a032-9a48-42e4-9468-09fa715a2b49' routed to 'resume'. Reason: High confidence (0.70) - routed to 'resume'.
2025-08-06 13:49:32 - router - INFO - Received new message from Kafka: doc_id 'c68723b9-e307-4d47-b9e0-8c5bd32ef69b'
2025-08-06 13:49:32 - router - INFO - File copied successfully to: D:\Langs\Team_Docs\Local working prototype\Document-Ingestion-and-Classification\backend\router\routed_documents\resume\sadha_cv_-_SADHA_SHREE_R.pdf
2025-08-06 13:49:32 - router - INFO - Doc 'c68723b9-e307-4d47-b9e0-8c5bd32ef69b' routed to 'resume'. Reason: High confidence (0.70) - routed to 'resume'.
2025-08-06 13:49:33 - router - INFO - Received new message from Kafka: doc_id 'f763d388-a8ca-4ff9-a0b2-642103d29749'
2025-08-06 13:49:33 - router - INFO - File copied successfully to: D:\Langs\Team_Docs\Local working prototype\Document-Ingestion-and-Classification\backend\router\routed_documents\resume\SAHANA_R_-_RESUME_-_SAHANA_R.pdf
2025-08-06 13:49:33 - router - INFO - Doc 'f763d388-a8ca-4ff9-a0b2-642103d29749' routed to 'resume'. Reason: High confidence (0.70) - routed to 'resume'.
2025-08-06 13:49:33 - router - INFO - Received new message from Kafka: doc_id '841fe294-47cb-486c-a5b2-e956cf9d2cfc'
2025-08-06 13:49:33 - router - INFO - File copied successfully to: D:\Langs\Team_Docs\Local working prototype\Document-Ingestion-and-Classification\backend\router\routed_documents\prescription\SecuringMongoDBAtlasAuthenticationAuthorization_Badge20250620-24-80voyh.pdf
2025-08-06 13:49:33 - router - INFO - Doc '841fe294-47cb-486c-a5b2-e956cf9d2cfc' routed to 'prescription'. Reason: High confidence (0.70) - routed to 'prescription'.
2025-08-06 13:49:34 - router - INFO - Received new message from Kafka: doc_id 'b02aa041-bee8-4a25-8aac-996dd8afbe4a'
2025-08-06 13:49:34 - router - INFO - File copied successfully to: D:\Langs\Team_Docs\Local working prototype\Document-Ingestion-and-Classification\backend\router\routed_documents\prescription\SecuringMongoDBSelf-ManagedAuthenticationAuthorization_Badge20250620-29-nv0d3x.pdf
2025-08-06 13:49:34 - router - INFO - Doc 'b02aa041-bee8-4a25-8aac-996dd8afbe4a' routed to 'prescription'. Reason: High confidence (0.70) - routed to 'prescription'.
2025-08-06 13:59:48 - router - INFO - Received new message from Kafka: doc_id '0ddaf22e-96b1-4eff-8b1b-4f83029f0287'
2025-08-06 13:59:48 - router - INFO - File copied successfully to: D:\Langs\Team_Docs\Local working prototype\Document-Ingestion-and-Classification\backend\router\routed_documents\resume\GODWIN_JUDAH_J_RESUME_-_GODWIN_JUDAH_J.pdf
2025-08-06 13:59:48 - router - INFO - Doc '0ddaf22e-96b1-4eff-8b1b-4f83029f0287' routed to 'resume'. Reason: High confidence (0.70) - routed to 'resume'.
2025-08-06 14:00:14 - router - INFO - Received new message from Kafka: doc_id 'd4a0d26e-04b2-4c54-a5fe-ddb615ec20ba'
2025-08-06 14:00:14 - router - INFO - File copied successfully to: D:\Langs\Team_Docs\Local working prototype\Document-Ingestion-and-Classification\backend\router\routed_documents\prescription\BuildingRAGAppsUsingMongoDB_Badge20250620-27-1b51p5.pdf
2025-08-06 14:00:14 - router - INFO - Doc 'd4a0d26e-04b2-4c54-a5fe-ddb615ec20ba' routed to 'prescription'. Reason: High confidence (0.70) - routed to 'prescription'.
2025-08-06 14:00:30 - router - INFO - Received new message from Kafka: doc_id 'a431fc63-afc6-4bff-8a66-6957b96bf5fe'
2025-08-06 14:00:30 - router - INFO - File copied successfully to: D:\Langs\Team_Docs\Local working prototype\Document-Ingestion-and-Classification\backend\router\routed_documents\brochure\BuildingAI-PoweredSearchwithMongoDBVectorSearch_Badge20250620-27-bqobga.pdf
2025-08-06 14:00:30 - router - INFO - Doc 'a431fc63-afc6-4bff-8a66-6957b96bf5fe' routed to 'brochure'. Reason: High confidence (0.70) - routed to 'brochure'.
2025-08-06 14:00:45 - router - INFO - Received new message from Kafka: doc_id '68ec5529-be95-4b48-b0da-0c33aa78e570'
2025-08-06 14:00:45 - router - INFO - File copied successfully to: D:\Langs\Team_Docs\Local working prototype\Document-Ingestion-and-Classification\backend\router\routed_documents\prescription\CRUDOperationsinMongoDB_Badge20250620-27-jt9xd8.pdf
2025-08-06 14:00:45 - router - INFO - Doc '68ec5529-be95-4b48-b0da-0c33aa78e570' routed to 'prescription'. Reason: High confidence (0.70) - routed to 'prescription'.
2025-08-06 14:01:01 - router - INFO - Received new message from Kafka: doc_id 'dae744a5-948e-4e60-b441-5582514b3893'
2025-08-06 14:01:01 - router - INFO - File copied successfully to: D:\Langs\Team_Docs\Local working prototype\Document-Ingestion-and-Classification\backend\router\routed_documents\technical\FromRelationalModelSQLtoMongoDBsDocumentModel_Badge20250620-26-c3iwpo.pdf
2025-08-06 14:01:01 - router - INFO - Doc 'dae744a5-948e-4e60-b441-5582514b3893' routed to 'technical'. Reason: High confidence (0.70) - routed to 'technical'.
2025-08-06 14:01:01 - router - INFO - Received new message from Kafka: doc_id 'a0c26a5c-f457-4991-85bf-7cf2923a5e23'
2025-08-06 14:01:01 - router - INFO - File copied successfully to: D:\Langs\Team_Docs\Local working prototype\Document-Ingestion-and-Classification\backend\router\routed_documents\resume\GODWIN_JUDAH_J_RESUME_-_GODWIN_JUDAH_J.pdf
2025-08-06 14:01:01 - router - INFO - Doc 'a0c26a5c-f457-4991-85bf-7cf2923a5e23' routed to 'resume'. Reason: High confidence (0.70) - routed to 'resume'.
2025-08-06 14:01:17 - router - INFO - Received new message from Kafka: doc_id 'fae460f2-75e3-4640-b2b6-9c431b970f3d'
2025-08-06 14:01:17 - router - INFO - File copied successfully to: D:\Langs\Team_Docs\Local working prototype\Document-Ingestion-and-Classification\backend\router\routed_documents\advertisement\JAYA_SHREE_RESUME_3_-_JAYA_SHREE_P.pdf
2025-08-06 14:01:17 - router - INFO - Doc 'fae460f2-75e3-4640-b2b6-9c431b970f3d' routed to 'advertisement'. Reason: High confidence (0.70) - routed to 'advertisement'.
2025-08-06 14:01:19 - router - INFO - Received new message from Kafka: doc_id '3630937e-e05f-409a-bbd8-b442a2ed45f5'
2025-08-06 14:01:19 - router - INFO - File copied successfully to: D:\Langs\Team_Docs\Local working prototype\Document-Ingestion-and-Classification\backend\router\routed_documents\business pitch deck\Intel_AI_Reference_Kits.pdf
2025-08-06 14:01:19 - router - INFO - Doc '3630937e-e05f-409a-bbd8-b442a2ed45f5' routed to 'business pitch deck'. Reason: High confidence (0.70) - routed to 'business pitch deck'.
2025-08-06 14:01:34 - router - INFO - Received new message from Kafka: doc_id '836b14f0-9b02-4eb9-b64b-7465e6f3b1ff'
2025-08-06 14:01:34 - router - INFO - File copied successfully to: D:\Langs\Team_Docs\Local working prototype\Document-Ingestion-and-Classification\backend\router\routed_documents\resume\JAYASHREE-resume_-_JAYASHREE_R.pdf
2025-08-06 14:01:34 - router - INFO - Doc '836b14f0-9b02-4eb9-b64b-7465e6f3b1ff' routed to 'resume'. Reason: High confidence (0.70) - routed to 'resume'.
2025-08-06 14:01:34 - router - INFO - Received new message from Kafka: doc_id '6d4002cb-376a-40ea-86d4-dc63b72a2a49'
2025-08-06 14:01:34 - router - INFO - File copied successfully to: D:\Langs\Team_Docs\Local working prototype\Document-Ingestion-and-Classification\backend\router\routed_documents\brochure\MongoDBAdvancedSchemaDesignPatternsandAntipatternsSkillBadge_Badge20250620-25-quwb1l.pdf
2025-08-06 14:01:34 - router - INFO - Doc '6d4002cb-376a-40ea-86d4-dc63b72a2a49' routed to 'brochure'. Reason: High confidence (0.70) - routed to 'brochure'.
2025-08-06 14:01:35 - router - INFO - Received new message from Kafka: doc_id 'bbda5dd2-234b-4572-b3cb-01709ee91377'
2025-08-06 14:01:35 - router - INFO - File copied successfully to: D:\Langs\Team_Docs\Local working prototype\Document-Ingestion-and-Classification\backend\router\routed_documents\prescription\MongoDBQueryOptimizationTechniques_Badge20250620-25-uqulmn.pdf
2025-08-06 14:01:35 - router - INFO - Doc 'bbda5dd2-234b-4572-b3cb-01709ee91377' routed to 'prescription'. Reason: High confidence (0.70) - routed to 'prescription'.
2025-08-06 14:01:35 - router - INFO - Received new message from Kafka: doc_id '8475491c-ca0d-46af-a132-587069f71bd7'
2025-08-06 14:01:35 - router - INFO - File copied successfully to: D:\Langs\Team_Docs\Local working prototype\Document-Ingestion-and-Classification\backend\router\routed_documents\prescription\MongoDBBasicsforStudents_Badge20250620-29-jwwbtq.pdf
2025-08-06 14:01:35 - router - INFO - Doc '8475491c-ca0d-46af-a132-587069f71bd7' routed to 'prescription'. Reason: High confidence (0.70) - routed to 'prescription'.
2025-08-06 14:01:50 - router - INFO - Received new message from Kafka: doc_id 'b9a397c3-ba90-4d4d-9d2f-11b97c7ea12d'
2025-08-06 14:01:50 - router - INFO - File copied successfully to: D:\Langs\Team_Docs\Local working prototype\Document-Ingestion-and-Classification\backend\router\routed_documents\prescription\MongoDBSchemaDesignOptimizationSkillBadge_Badge20250620-24-g7xmz9.pdf
2025-08-06 14:01:50 - router - INFO - Doc 'b9a397c3-ba90-4d4d-9d2f-11b97c7ea12d' routed to 'prescription'. Reason: High confidence (0.70) - routed to 'prescription'.
2025-08-06 14:01:51 - router - INFO - Received new message from Kafka: doc_id 'e8b50a54-c2ed-4299-b450-482c242ab8ef'
2025-08-06 14:01:51 - router - INFO - File copied successfully to: D:\Langs\Team_Docs\Local working prototype\Document-Ingestion-and-Classification\backend\router\routed_documents\prescription\MongoDBAggregationFundamentals_Badge20250620-27-bg2ih1.pdf
2025-08-06 14:01:51 - router - INFO - Doc 'e8b50a54-c2ed-4299-b450-482c242ab8ef' routed to 'prescription'. Reason: High confidence (0.70) - routed to 'prescription'.
2025-08-06 14:01:51 - router - INFO - Received new message from Kafka: doc_id 'e8376561-258c-40ad-bd18-70249c70ed2d'
2025-08-06 14:01:51 - router - INFO - File copied successfully to: D:\Langs\Team_Docs\Local working prototype\Document-Ingestion-and-Classification\backend\router\routed_documents\brochure\MongoDBSchemaDesignPatternsandAntipatternsSkillBadge_Badge20250620-27-v47272.pdf
2025-08-06 14:01:51 - router - INFO - Doc 'e8376561-258c-40ad-bd18-70249c70ed2d' routed to 'brochure'. Reason: High confidence (0.70) - routed to 'brochure'.
2025-08-06 14:01:51 - router - INFO - Received new message from Kafka: doc_id '0ca3e5a1-4f94-48aa-bdf9-06395946e0ca'
2025-08-06 14:01:51 - router - INFO - File copied successfully to: D:\Langs\Team_Docs\Local working prototype\Document-Ingestion-and-Classification\backend\router\routed_documents\resume\Naveen_-_Resume.pdf
2025-08-06 14:01:51 - router - INFO - Doc '0ca3e5a1-4f94-48aa-bdf9-06395946e0ca' routed to 'resume'. Reason: High confidence (0.70) - routed to 'resume'.
2025-08-06 14:01:51 - router - INFO - Received new message from Kafka: doc_id '6ee6ded2-8fd0-4c81-ad8d-1de0e4565dfa'
2025-08-06 14:01:51 - router - INFO - File copied successfully to: D:\Langs\Team_Docs\Local working prototype\Document-Ingestion-and-Classification\backend\router\routed_documents\resume\Naveen_Resume.pdf
2025-08-06 14:01:51 - router - INFO - Doc '6ee6ded2-8fd0-4c81-ad8d-1de0e4565dfa' routed to 'resume'. Reason: High confidence (0.70) - routed to 'resume'.
2025-08-06 14:01:52 - router - INFO - Received new message from Kafka: doc_id '4cbde763-02c2-414c-96d7-3fcda7c3536e'
2025-08-06 14:01:52 - router - INFO - File copied successfully to: D:\Langs\Team_Docs\Local working prototype\Document-Ingestion-and-Classification\backend\router\routed_documents\resume\Muni_Charmi_-_MUNI_CHARMI_T.pdf
2025-08-06 14:01:52 - router - INFO - Doc '4cbde763-02c2-414c-96d7-3fcda7c3536e' routed to 'resume'. Reason: High confidence (0.70) - routed to 'resume'.
2025-08-06 14:01:52 - router - INFO - Received new message from Kafka: doc_id '8b82b406-2f3f-43a4-8b06-4fb7b0b334fb'
2025-08-06 14:01:52 - router - INFO - File copied successfully to: D:\Langs\Team_Docs\Local working prototype\Document-Ingestion-and-Classification\backend\router\routed_documents\resume\PRABHU_SUNDAR_Resume_-_PRABHU_SUNDAR_D_1.pdf
2025-08-06 14:01:52 - router - INFO - Doc '8b82b406-2f3f-43a4-8b06-4fb7b0b334fb' routed to 'resume'. Reason: High confidence (0.70) - routed to 'resume'.
2025-08-06 14:02:23 - router - INFO - Received new message from Kafka: doc_id 'da6bc856-10ce-41a1-8008-3d8f787b6fee'
2025-08-06 14:02:23 - router - INFO - File copied successfully to: D:\Langs\Team_Docs\Local working prototype\Document-Ingestion-and-Classification\backend\router\routed_documents\resume\Resume_NEW_Jun_2025_-_KANNAN_C_J.pdf
2025-08-06 14:02:23 - router - INFO - Doc 'da6bc856-10ce-41a1-8008-3d8f787b6fee' routed to 'resume'. Reason: High confidence (0.70) - routed to 'resume'.
2025-08-06 14:02:23 - router - INFO - Received new message from Kafka: doc_id 'e1538d0c-3027-4255-81f9-8585c9b9995d'
2025-08-06 14:02:23 - router - INFO - File copied successfully to: D:\Langs\Team_Docs\Local working prototype\Document-Ingestion-and-Classification\backend\router\routed_documents\resume\sadha_cv_-_SADHA_SHREE_R.pdf
2025-08-06 14:02:23 - router - INFO - Doc 'e1538d0c-3027-4255-81f9-8585c9b9995d' routed to 'resume'. Reason: High confidence (0.70) - routed to 'resume'.
2025-08-06 14:02:39 - router - INFO - Received new message from Kafka: doc_id '798bed82-d15c-44a4-9130-1b8ca72dc692'
2025-08-06 14:02:39 - router - INFO - File copied successfully to: D:\Langs\Team_Docs\Local working prototype\Document-Ingestion-and-Classification\backend\router\routed_documents\resume\SAHANA_R_-_RESUME_-_SAHANA_R.pdf
2025-08-06 14:02:39 - router - INFO - Doc '798bed82-d15c-44a4-9130-1b8ca72dc692' routed to 'resume'. Reason: High confidence (0.70) - routed to 'resume'.
2025-08-06 14:02:39 - router - INFO - Received new message from Kafka: doc_id 'ff02f4bf-ca44-490a-a016-f7c0f86e8af7'
2025-08-06 14:02:39 - router - INFO - File copied successfully to: D:\Langs\Team_Docs\Local working prototype\Document-Ingestion-and-Classification\backend\router\routed_documents\prescription\SecuringMongoDBAtlasAuthenticationAuthorization_Badge20250620-24-80voyh.pdf
2025-08-06 14:02:39 - router - INFO - Doc 'ff02f4bf-ca44-490a-a016-f7c0f86e8af7' routed to 'prescription'. Reason: High confidence (0.70) - routed to 'prescription'.
2025-08-06 14:02:54 - router - INFO - Received new message from Kafka: doc_id '38c2f4e4-4d5b-439f-b9e9-df7848c06cb5'
2025-08-06 14:02:54 - router - INFO - File copied successfully to: D:\Langs\Team_Docs\Local working prototype\Document-Ingestion-and-Classification\backend\router\routed_documents\prescription\SecuringMongoDBSelf-ManagedAuthenticationAuthorization_Badge20250620-29-nv0d3x.pdf
2025-08-06 14:02:54 - router - INFO - Doc '38c2f4e4-4d5b-439f-b9e9-df7848c06cb5' routed to 'prescription'. Reason: High confidence (0.70) - routed to 'prescription'.
2025-08-06 14:11:46 - router - INFO - Router agent starting...
2025-08-06 14:11:46 - router - INFO - Database connection established
2025-08-06 14:11:46 - router - INFO - Successfully connected to Kafka. Listening on topic 'doc.classified'...
2025-08-06 14:12:21 - router - INFO - Received new message from Kafka: doc_id 'c0bfd1ef-90ac-4c27-99c7-403342a829aa'
2025-08-06 14:12:21 - router - INFO - File copied successfully to: D:\Langs\Team_Docs\Local working prototype\Document-Ingestion-and-Classification\backend\router\routed_documents\prescription\BuildingRAGAppsUsingMongoDB_Badge20250620-27-1b51p5.pdf
2025-08-06 14:12:21 - router - INFO - Doc 'c0bfd1ef-90ac-4c27-99c7-403342a829aa' routed to 'prescription'. Reason: High confidence (0.70) - routed to 'prescription'.
2025-08-06 14:12:21 - router - INFO - Received new message from Kafka: doc_id '0abf7461-688b-4fd5-a265-a5246b2f0c60'
2025-08-06 14:12:21 - router - INFO - File copied successfully to: D:\Langs\Team_Docs\Local working prototype\Document-Ingestion-and-Classification\backend\router\routed_documents\prescription\CRUDOperationsinMongoDB_Badge20250620-27-jt9xd8.pdf
2025-08-06 14:12:21 - router - INFO - Doc '0abf7461-688b-4fd5-a265-a5246b2f0c60' routed to 'prescription'. Reason: High confidence (0.70) - routed to 'prescription'.
2025-08-06 14:12:22 - router - INFO - Received new message from Kafka: doc_id '811539a7-38b8-4437-a438-bd19c721066e'
2025-08-06 14:12:22 - router - INFO - File copied successfully to: D:\Langs\Team_Docs\Local working prototype\Document-Ingestion-and-Classification\backend\router\routed_documents\brochure\BuildingAI-PoweredSearchwithMongoDBVectorSearch_Badge20250620-27-bqobga.pdf
2025-08-06 14:12:22 - router - INFO - Doc '811539a7-38b8-4437-a438-bd19c721066e' routed to 'brochure'. Reason: High confidence (0.70) - routed to 'brochure'.
2025-08-06 14:12:23 - router - INFO - Received new message from Kafka: doc_id '8c1e1084-d548-49aa-a3a5-c3236ca04579'
2025-08-06 14:12:23 - router - INFO - File copied successfully to: D:\Langs\Team_Docs\Local working prototype\Document-Ingestion-and-Classification\backend\router\routed_documents\technical\FromRelationalModelSQLtoMongoDBsDocumentModel_Badge20250620-26-c3iwpo.pdf
2025-08-06 14:12:23 - router - INFO - Doc '8c1e1084-d548-49aa-a3a5-c3236ca04579' routed to 'technical'. Reason: High confidence (0.70) - routed to 'technical'.
2025-08-06 14:12:24 - router - INFO - Received new message from Kafka: doc_id '2d99136e-9765-4d61-9149-f69f36962b21'
2025-08-06 14:12:25 - router - INFO - File copied successfully to: D:\Langs\Team_Docs\Local working prototype\Document-Ingestion-and-Classification\backend\router\routed_documents\resume\GODWIN_JUDAH_J_RESUME_-_GODWIN_JUDAH_J.pdf
2025-08-06 14:12:25 - router - INFO - Doc '2d99136e-9765-4d61-9149-f69f36962b21' routed to 'resume'. Reason: High confidence (0.70) - routed to 'resume'.
2025-08-06 14:12:28 - router - INFO - Received new message from Kafka: doc_id '236ff091-f2aa-4506-99a5-138cc5771224'
2025-08-06 14:12:28 - router - INFO - File copied successfully to: D:\Langs\Team_Docs\Local working prototype\Document-Ingestion-and-Classification\backend\router\routed_documents\business pitch deck\Intel_AI_Reference_Kits.pdf
2025-08-06 14:12:28 - router - INFO - Doc '236ff091-f2aa-4506-99a5-138cc5771224' routed to 'business pitch deck'. Reason: High confidence (0.70) - routed to 'business pitch deck'.
2025-08-06 14:12:29 - router - INFO - Received new message from Kafka: doc_id '43ae0665-e15d-4cbd-a78b-95ec8b4f54ca'
2025-08-06 14:12:29 - router - INFO - File copied successfully to: D:\Langs\Team_Docs\Local working prototype\Document-Ingestion-and-Classification\backend\router\routed_documents\advertisement\JAYA_SHREE_RESUME_3_-_JAYA_SHREE_P.pdf
2025-08-06 14:12:29 - router - INFO - Doc '43ae0665-e15d-4cbd-a78b-95ec8b4f54ca' routed to 'advertisement'. Reason: High confidence (0.70) - routed to 'advertisement'.
2025-08-06 14:12:29 - router - INFO - Received new message from Kafka: doc_id '8e832a7d-4bb2-4a48-b5ce-7bca2e7e3d66'
2025-08-06 14:12:29 - router - INFO - File copied successfully to: D:\Langs\Team_Docs\Local working prototype\Document-Ingestion-and-Classification\backend\router\routed_documents\resume\JAYASHREE-resume_-_JAYASHREE_R.pdf
2025-08-06 14:12:29 - router - INFO - Doc '8e832a7d-4bb2-4a48-b5ce-7bca2e7e3d66' routed to 'resume'. Reason: High confidence (0.70) - routed to 'resume'.
2025-08-06 14:12:30 - router - INFO - Received new message from Kafka: doc_id '39156701-9273-4685-9f1c-4462eacdda37'
2025-08-06 14:12:30 - router - INFO - File copied successfully to: D:\Langs\Team_Docs\Local working prototype\Document-Ingestion-and-Classification\backend\router\routed_documents\brochure\MongoDBAdvancedSchemaDesignPatternsandAntipatternsSkillBadge_Badge20250620-25-quwb1l.pdf
2025-08-06 14:12:30 - router - INFO - Doc '39156701-9273-4685-9f1c-4462eacdda37' routed to 'brochure'. Reason: High confidence (0.70) - routed to 'brochure'.
2025-08-06 14:12:30 - router - INFO - Received new message from Kafka: doc_id '78d60d6a-93cb-4832-8eb2-1db38d2d5f3e'
2025-08-06 14:12:30 - router - INFO - File copied successfully to: D:\Langs\Team_Docs\Local working prototype\Document-Ingestion-and-Classification\backend\router\routed_documents\prescription\MongoDBAggregationFundamentals_Badge20250620-27-bg2ih1.pdf
2025-08-06 14:12:30 - router - INFO - Doc '78d60d6a-93cb-4832-8eb2-1db38d2d5f3e' routed to 'prescription'. Reason: High confidence (0.70) - routed to 'prescription'.
2025-08-06 14:12:30 - router - INFO - Received new message from Kafka: doc_id '6cbd1c37-10dd-4f18-8845-9bb4e05e6ae9'
2025-08-06 14:12:30 - router - INFO - File copied successfully to: D:\Langs\Team_Docs\Local working prototype\Document-Ingestion-and-Classification\backend\router\routed_documents\prescription\MongoDBBasicsforStudents_Badge20250620-29-jwwbtq.pdf
2025-08-06 14:12:30 - router - INFO - Doc '6cbd1c37-10dd-4f18-8845-9bb4e05e6ae9' routed to 'prescription'. Reason: High confidence (0.70) - routed to 'prescription'.
2025-08-06 14:12:31 - router - INFO - Received new message from Kafka: doc_id '1eb579f3-141e-49b3-be3b-79178e024982'
2025-08-06 14:12:31 - router - INFO - File copied successfully to: D:\Langs\Team_Docs\Local working prototype\Document-Ingestion-and-Classification\backend\router\routed_documents\prescription\MongoDBQueryOptimizationTechniques_Badge20250620-25-uqulmn.pdf
2025-08-06 14:12:31 - router - INFO - Doc '1eb579f3-141e-49b3-be3b-79178e024982' routed to 'prescription'. Reason: High confidence (0.70) - routed to 'prescription'.
2025-08-06 14:12:31 - router - INFO - Received new message from Kafka: doc_id 'be830d35-3b86-4572-9486-88b2df3d44a8'
2025-08-06 14:12:31 - router - INFO - File copied successfully to: D:\Langs\Team_Docs\Local working prototype\Document-Ingestion-and-Classification\backend\router\routed_documents\prescription\MongoDBSchemaDesignOptimizationSkillBadge_Badge20250620-24-g7xmz9.pdf
2025-08-06 14:12:31 - router - INFO - Doc 'be830d35-3b86-4572-9486-88b2df3d44a8' routed to 'prescription'. Reason: High confidence (0.70) - routed to 'prescription'.
2025-08-06 14:12:31 - router - INFO - Received new message from Kafka: doc_id 'a054d47f-8661-410b-ab74-98c376ea638d'
2025-08-06 14:12:31 - router - INFO - File copied successfully to: D:\Langs\Team_Docs\Local working prototype\Document-Ingestion-and-Classification\backend\router\routed_documents\brochure\MongoDBSchemaDesignPatternsandAntipatternsSkillBadge_Badge20250620-27-v47272.pdf
2025-08-06 14:12:31 - router - INFO - Doc 'a054d47f-8661-410b-ab74-98c376ea638d' routed to 'brochure'. Reason: High confidence (0.70) - routed to 'brochure'.
2025-08-06 14:12:32 - router - INFO - Received new message from Kafka: doc_id 'e3a9f632-1625-414e-9a2a-842f5232ce31'
2025-08-06 14:12:32 - router - INFO - File copied successfully to: D:\Langs\Team_Docs\Local working prototype\Document-Ingestion-and-Classification\backend\router\routed_documents\resume\Muni_Charmi_-_MUNI_CHARMI_T.pdf
2025-08-06 14:12:32 - router - INFO - Doc 'e3a9f632-1625-414e-9a2a-842f5232ce31' routed to 'resume'. Reason: High confidence (0.70) - routed to 'resume'.
2025-08-06 14:12:32 - router - INFO - Received new message from Kafka: doc_id '0f2aae40-a0f0-42db-8146-482e1725bec2'
2025-08-06 14:12:32 - router - INFO - File copied successfully to: D:\Langs\Team_Docs\Local working prototype\Document-Ingestion-and-Classification\backend\router\routed_documents\resume\Naveen_-_Resume.pdf
2025-08-06 14:12:32 - router - INFO - Doc '0f2aae40-a0f0-42db-8146-482e1725bec2' routed to 'resume'. Reason: High confidence (0.70) - routed to 'resume'.
2025-08-06 14:12:33 - router - INFO - Received new message from Kafka: doc_id 'a72b94a5-86e0-4328-995c-9a832608b1ab'
2025-08-06 14:12:33 - router - INFO - File copied successfully to: D:\Langs\Team_Docs\Local working prototype\Document-Ingestion-and-Classification\backend\router\routed_documents\resume\Naveen_Resume.pdf
2025-08-06 14:12:33 - router - INFO - Doc 'a72b94a5-86e0-4328-995c-9a832608b1ab' routed to 'resume'. Reason: High confidence (0.70) - routed to 'resume'.
2025-08-06 14:12:34 - router - INFO - Received new message from Kafka: doc_id '1f7f44c3-548a-4697-8755-7cffa93a6589'
2025-08-06 14:12:34 - router - INFO - File copied successfully to: D:\Langs\Team_Docs\Local working prototype\Document-Ingestion-and-Classification\backend\router\routed_documents\resume\Resume_NEW_Jun_2025_-_KANNAN_C_J.pdf
2025-08-06 14:12:34 - router - INFO - Doc '1f7f44c3-548a-4697-8755-7cffa93a6589' routed to 'resume'. Reason: High confidence (0.70) - routed to 'resume'.
2025-08-06 14:12:35 - router - INFO - Received new message from Kafka: doc_id '26b660cf-a342-47dc-8b6b-27a2ad500fd3'
2025-08-06 14:12:35 - router - INFO - File copied successfully to: D:\Langs\Team_Docs\Local working prototype\Document-Ingestion-and-Classification\backend\router\routed_documents\resume\sadha_cv_-_SADHA_SHREE_R.pdf
2025-08-06 14:12:35 - router - INFO - Doc '26b660cf-a342-47dc-8b6b-27a2ad500fd3' routed to 'resume'. Reason: High confidence (0.70) - routed to 'resume'.
2025-08-06 14:12:35 - router - INFO - Received new message from Kafka: doc_id 'f74586fc-65de-405f-ad0b-b3f965b66be1'
2025-08-06 14:12:35 - router - INFO - File copied successfully to: D:\Langs\Team_Docs\Local working prototype\Document-Ingestion-and-Classification\backend\router\routed_documents\resume\SAHANA_R_-_RESUME_-_SAHANA_R.pdf
2025-08-06 14:12:35 - router - INFO - Doc 'f74586fc-65de-405f-ad0b-b3f965b66be1' routed to 'resume'. Reason: High confidence (0.70) - routed to 'resume'.
2025-08-06 14:12:36 - router - INFO - Received new message from Kafka: doc_id 'de1da92f-c90f-464c-b454-17f414271309'
2025-08-06 14:12:36 - router - INFO - File copied successfully to: D:\Langs\Team_Docs\Local working prototype\Document-Ingestion-and-Classification\backend\router\routed_documents\resume\PRABHU_SUNDAR_Resume_-_PRABHU_SUNDAR_D_1.pdf
2025-08-06 14:12:36 - router - INFO - Doc 'de1da92f-c90f-464c-b454-17f414271309' routed to 'resume'. Reason: High confidence (0.70) - routed to 'resume'.
2025-08-06 14:12:36 - router - INFO - Received new message from Kafka: doc_id 'a32140bc-c29d-4af0-8e2f-8b7b80b4b52e'
2025-08-06 14:12:36 - router - INFO - File copied successfully to: D:\Langs\Team_Docs\Local working prototype\Document-Ingestion-and-Classification\backend\router\routed_documents\prescription\SecuringMongoDBAtlasAuthenticationAuthorization_Badge20250620-24-80voyh.pdf
2025-08-06 14:12:36 - router - INFO - Doc 'a32140bc-c29d-4af0-8e2f-8b7b80b4b52e' routed to 'prescription'. Reason: High confidence (0.70) - routed to 'prescription'.
2025-08-06 14:12:37 - router - INFO - Received new message from Kafka: doc_id '64951599-d455-438c-b39d-f13250e9f70d'
2025-08-06 14:12:37 - router - INFO - File copied successfully to: D:\Langs\Team_Docs\Local working prototype\Document-Ingestion-and-Classification\backend\router\routed_documents\prescription\SecuringMongoDBSelf-ManagedAuthenticationAuthorization_Badge20250620-29-nv0d3x.pdf
2025-08-06 14:12:37 - router - INFO - Doc '64951599-d455-438c-b39d-f13250e9f70d' routed to 'prescription'. Reason: High confidence (0.70) - routed to 'prescription'.
2025-08-06 14:17:56 - router - INFO - Router agent starting...
2025-08-06 14:17:56 - router - INFO - Database connection established
2025-08-06 14:17:56 - router - INFO - Successfully connected to Kafka. Listening on topic 'doc.classified'...
2025-08-06 14:18:27 - router - INFO - Received new message from Kafka: doc_id 'fab769f1-ef10-4d4d-bcd7-eaa90e0e5c75'
2025-08-06 14:18:28 - router - INFO - File copied successfully to: D:\Langs\Team_Docs\Local working prototype\Document-Ingestion-and-Classification\backend\router\routed_documents\prescription\BuildingRAGAppsUsingMongoDB_Badge20250620-27-1b51p5.pdf
2025-08-06 14:18:28 - router - INFO - Doc 'fab769f1-ef10-4d4d-bcd7-eaa90e0e5c75' routed to 'prescription'. Reason: High confidence (0.70) - routed to 'prescription'.
2025-08-06 14:18:28 - router - INFO - Received new message from Kafka: doc_id 'ac96b456-4b3b-4a57-b2d8-c39147b5d9ca'
2025-08-06 14:18:28 - router - INFO - File copied successfully to: D:\Langs\Team_Docs\Local working prototype\Document-Ingestion-and-Classification\backend\router\routed_documents\prescription\CRUDOperationsinMongoDB_Badge20250620-27-jt9xd8.pdf
2025-08-06 14:18:28 - router - INFO - Doc 'ac96b456-4b3b-4a57-b2d8-c39147b5d9ca' routed to 'prescription'. Reason: High confidence (0.70) - routed to 'prescription'.
2025-08-06 14:18:29 - router - INFO - Received new message from Kafka: doc_id 'ac8396cb-add1-4d7d-880c-5099c5cc7552'
2025-08-06 14:18:29 - router - INFO - File copied successfully to: D:\Langs\Team_Docs\Local working prototype\Document-Ingestion-and-Classification\backend\router\routed_documents\brochure\BuildingAI-PoweredSearchwithMongoDBVectorSearch_Badge20250620-27-bqobga.pdf
2025-08-06 14:18:29 - router - INFO - Doc 'ac8396cb-add1-4d7d-880c-5099c5cc7552' routed to 'brochure'. Reason: High confidence (0.70) - routed to 'brochure'.
2025-08-06 14:18:30 - router - INFO - Received new message from Kafka: doc_id '0454af31-6bb0-4379-b89e-15d99bd4fe9f'
2025-08-06 14:18:30 - router - INFO - File copied successfully to: D:\Langs\Team_Docs\Local working prototype\Document-Ingestion-and-Classification\backend\router\routed_documents\resume\GODWIN_JUDAH_J_RESUME_-_GODWIN_JUDAH_J.pdf
2025-08-06 14:18:30 - router - INFO - Doc '0454af31-6bb0-4379-b89e-15d99bd4fe9f' routed to 'resume'. Reason: High confidence (0.70) - routed to 'resume'.
2025-08-06 14:18:31 - router - INFO - Received new message from Kafka: doc_id 'b2d208be-b722-4ae1-906f-b816794740fb'
2025-08-06 14:18:31 - router - INFO - File copied successfully to: D:\Langs\Team_Docs\Local working prototype\Document-Ingestion-and-Classification\backend\router\routed_documents\technical\FromRelationalModelSQLtoMongoDBsDocumentModel_Badge20250620-26-c3iwpo.pdf
2025-08-06 14:18:31 - router - INFO - Doc 'b2d208be-b722-4ae1-906f-b816794740fb' routed to 'technical'. Reason: High confidence (0.70) - routed to 'technical'.
2025-08-06 14:18:34 - router - INFO - Received new message from Kafka: doc_id 'aae7aa0c-e460-4afd-ab98-64e2573cfe59'
2025-08-06 14:18:34 - router - INFO - File copied successfully to: D:\Langs\Team_Docs\Local working prototype\Document-Ingestion-and-Classification\backend\router\routed_documents\business pitch deck\Intel_AI_Reference_Kits.pdf
2025-08-06 14:18:34 - router - INFO - Doc 'aae7aa0c-e460-4afd-ab98-64e2573cfe59' routed to 'business pitch deck'. Reason: High confidence (0.70) - routed to 'business pitch deck'.
2025-08-06 14:18:35 - router - INFO - Received new message from Kafka: doc_id '0214d968-34a9-46e3-be92-d22021adb0ca'
2025-08-06 14:18:35 - router - INFO - File copied successfully to: D:\Langs\Team_Docs\Local working prototype\Document-Ingestion-and-Classification\backend\router\routed_documents\advertisement\JAYA_SHREE_RESUME_3_-_JAYA_SHREE_P.pdf
2025-08-06 14:18:35 - router - INFO - Doc '0214d968-34a9-46e3-be92-d22021adb0ca' routed to 'advertisement'. Reason: High confidence (0.70) - routed to 'advertisement'.
2025-08-06 14:18:36 - router - INFO - Received new message from Kafka: doc_id '92f771db-7346-4dbe-9a9d-5b2529b976c0'
2025-08-06 14:18:36 - router - INFO - File copied successfully to: D:\Langs\Team_Docs\Local working prototype\Document-Ingestion-and-Classification\backend\router\routed_documents\resume\JAYASHREE-resume_-_JAYASHREE_R.pdf
2025-08-06 14:18:36 - router - INFO - Doc '92f771db-7346-4dbe-9a9d-5b2529b976c0' routed to 'resume'. Reason: High confidence (0.70) - routed to 'resume'.
2025-08-06 14:18:36 - router - INFO - Received new message from Kafka: doc_id '4db87ff6-e08d-4afa-a5e8-4134afd71a2b'
2025-08-06 14:18:36 - router - INFO - File copied successfully to: D:\Langs\Team_Docs\Local working prototype\Document-Ingestion-and-Classification\backend\router\routed_documents\brochure\MongoDBAdvancedSchemaDesignPatternsandAntipatternsSkillBadge_Badge20250620-25-quwb1l.pdf
2025-08-06 14:18:36 - router - INFO - Doc '4db87ff6-e08d-4afa-a5e8-4134afd71a2b' routed to 'brochure'. Reason: High confidence (0.70) - routed to 'brochure'.
2025-08-06 14:18:37 - router - INFO - Received new message from Kafka: doc_id '30a0dae0-0d0f-4896-98ec-870d956a7205'
2025-08-06 14:18:37 - router - INFO - File copied successfully to: D:\Langs\Team_Docs\Local working prototype\Document-Ingestion-and-Classification\backend\router\routed_documents\prescription\MongoDBAggregationFundamentals_Badge20250620-27-bg2ih1.pdf
2025-08-06 14:18:37 - router - INFO - Doc '30a0dae0-0d0f-4896-98ec-870d956a7205' routed to 'prescription'. Reason: High confidence (0.70) - routed to 'prescription'.
2025-08-06 14:18:38 - router - INFO - Received new message from Kafka: doc_id '6ab549e2-e628-4a65-8429-24eabbd655a5'
2025-08-06 14:18:38 - router - INFO - File copied successfully to: D:\Langs\Team_Docs\Local working prototype\Document-Ingestion-and-Classification\backend\router\routed_documents\prescription\MongoDBBasicsforStudents_Badge20250620-29-jwwbtq.pdf
2025-08-06 14:18:38 - router - INFO - Doc '6ab549e2-e628-4a65-8429-24eabbd655a5' routed to 'prescription'. Reason: High confidence (0.70) - routed to 'prescription'.
2025-08-06 14:18:39 - router - INFO - Received new message from Kafka: doc_id '77d27385-d454-45d2-9099-363c6cd78946'
2025-08-06 14:18:39 - router - INFO - File copied successfully to: D:\Langs\Team_Docs\Local working prototype\Document-Ingestion-and-Classification\backend\router\routed_documents\prescription\MongoDBQueryOptimizationTechniques_Badge20250620-25-uqulmn.pdf
2025-08-06 14:18:39 - router - INFO - Doc '77d27385-d454-45d2-9099-363c6cd78946' routed to 'prescription'. Reason: High confidence (0.70) - routed to 'prescription'.
2025-08-06 14:18:40 - router - INFO - Received new message from Kafka: doc_id '54951c0c-4fa1-47c5-961e-463c9cb10714'
2025-08-06 14:18:40 - router - INFO - File copied successfully to: D:\Langs\Team_Docs\Local working prototype\Document-Ingestion-and-Classification\backend\router\routed_documents\prescription\MongoDBSchemaDesignOptimizationSkillBadge_Badge20250620-24-g7xmz9.pdf
2025-08-06 14:18:40 - router - INFO - Doc '54951c0c-4fa1-47c5-961e-463c9cb10714' routed to 'prescription'. Reason: High confidence (0.70) - routed to 'prescription'.
2025-08-06 14:18:41 - router - INFO - Received new message from Kafka: doc_id '64bbdf04-d63a-43e2-ba41-e87b6c9e8fef'
2025-08-06 14:18:41 - router - INFO - File copied successfully to: D:\Langs\Team_Docs\Local working prototype\Document-Ingestion-and-Classification\backend\router\routed_documents\brochure\MongoDBSchemaDesignPatternsandAntipatternsSkillBadge_Badge20250620-27-v47272.pdf
2025-08-06 14:18:41 - router - INFO - Doc '64bbdf04-d63a-43e2-ba41-e87b6c9e8fef' routed to 'brochure'. Reason: High confidence (0.70) - routed to 'brochure'.
2025-08-06 14:18:41 - router - INFO - Received new message from Kafka: doc_id 'd724349f-63c4-48c8-b05b-3edcd3d0fc1b'
2025-08-06 14:18:42 - router - INFO - File copied successfully to: D:\Langs\Team_Docs\Local working prototype\Document-Ingestion-and-Classification\backend\router\routed_documents\resume\Muni_Charmi_-_MUNI_CHARMI_T.pdf
2025-08-06 14:18:42 - router - INFO - Doc 'd724349f-63c4-48c8-b05b-3edcd3d0fc1b' routed to 'resume'. Reason: High confidence (0.70) - routed to 'resume'.
2025-08-06 14:18:43 - router - INFO - Received new message from Kafka: doc_id '2fd111cd-c994-4c04-ade9-f90c94116b12'
2025-08-06 14:18:43 - router - INFO - File copied successfully to: D:\Langs\Team_Docs\Local working prototype\Document-Ingestion-and-Classification\backend\router\routed_documents\resume\Naveen_Resume.pdf
2025-08-06 14:18:43 - router - INFO - Doc '2fd111cd-c994-4c04-ade9-f90c94116b12' routed to 'resume'. Reason: High confidence (0.70) - routed to 'resume'.
2025-08-06 14:18:43 - router - INFO - Received new message from Kafka: doc_id '088db049-3b11-460c-b3e1-1a8768285994'
2025-08-06 14:18:43 - router - INFO - File copied successfully to: D:\Langs\Team_Docs\Local working prototype\Document-Ingestion-and-Classification\backend\router\routed_documents\resume\Naveen_-_Resume.pdf
2025-08-06 14:18:43 - router - INFO - Doc '088db049-3b11-460c-b3e1-1a8768285994' routed to 'resume'. Reason: High confidence (0.70) - routed to 'resume'.
2025-08-06 14:18:44 - router - INFO - Received new message from Kafka: doc_id 'c51b88c8-3c89-4843-8a9c-20792a4a413d'
2025-08-06 14:18:44 - router - INFO - File copied successfully to: D:\Langs\Team_Docs\Local working prototype\Document-Ingestion-and-Classification\backend\router\routed_documents\resume\PRABHU_SUNDAR_Resume_-_PRABHU_SUNDAR_D_1.pdf
2025-08-06 14:18:44 - router - INFO - Doc 'c51b88c8-3c89-4843-8a9c-20792a4a413d' routed to 'resume'. Reason: High confidence (0.70) - routed to 'resume'.
2025-08-06 14:18:45 - router - INFO - Received new message from Kafka: doc_id 'd78c918c-c272-40bd-94b1-49f1a1af3675'
2025-08-06 14:18:45 - router - INFO - File copied successfully to: D:\Langs\Team_Docs\Local working prototype\Document-Ingestion-and-Classification\backend\router\routed_documents\resume\Resume_NEW_Jun_2025_-_KANNAN_C_J.pdf
2025-08-06 14:18:45 - router - INFO - Doc 'd78c918c-c272-40bd-94b1-49f1a1af3675' routed to 'resume'. Reason: High confidence (0.70) - routed to 'resume'.
2025-08-06 14:18:46 - router - INFO - Received new message from Kafka: doc_id '7adb96a4-c5ba-4985-b8a3-c4b00d3d314d'
2025-08-06 14:18:46 - router - INFO - File copied successfully to: D:\Langs\Team_Docs\Local working prototype\Document-Ingestion-and-Classification\backend\router\routed_documents\resume\sadha_cv_-_SADHA_SHREE_R.pdf
2025-08-06 14:18:46 - router - INFO - Doc '7adb96a4-c5ba-4985-b8a3-c4b00d3d314d' routed to 'resume'. Reason: High confidence (0.70) - routed to 'resume'.
2025-08-06 14:18:47 - router - INFO - Received new message from Kafka: doc_id '7caa3b70-ac49-406a-992c-570d26e663fe'
2025-08-06 14:18:47 - router - INFO - File copied successfully to: D:\Langs\Team_Docs\Local working prototype\Document-Ingestion-and-Classification\backend\router\routed_documents\resume\SAHANA_R_-_RESUME_-_SAHANA_R.pdf
2025-08-06 14:18:47 - router - INFO - Doc '7caa3b70-ac49-406a-992c-570d26e663fe' routed to 'resume'. Reason: High confidence (0.70) - routed to 'resume'.
2025-08-06 14:18:48 - router - INFO - Received new message from Kafka: doc_id '2141459a-8399-4738-b6aa-524e2d831c54'
2025-08-06 14:18:48 - router - INFO - File copied successfully to: D:\Langs\Team_Docs\Local working prototype\Document-Ingestion-and-Classification\backend\router\routed_documents\prescription\SecuringMongoDBAtlasAuthenticationAuthorization_Badge20250620-24-80voyh.pdf
2025-08-06 14:18:48 - router - INFO - Doc '2141459a-8399-4738-b6aa-524e2d831c54' routed to 'prescription'. Reason: High confidence (0.70) - routed to 'prescription'.
2025-08-06 14:18:48 - router - INFO - Received new message from Kafka: doc_id '4e4ba003-b822-4048-803a-7df31a36d885'
2025-08-06 14:18:48 - router - INFO - File copied successfully to: D:\Langs\Team_Docs\Local working prototype\Document-Ingestion-and-Classification\backend\router\routed_documents\prescription\SecuringMongoDBSelf-ManagedAuthenticationAuthorization_Badge20250620-29-nv0d3x.pdf
2025-08-06 14:18:48 - router - INFO - Doc '4e4ba003-b822-4048-803a-7df31a36d885' routed to 'prescription'. Reason: High confidence (0.70) - routed to 'prescription'.
2025-08-06 14:23:11 - router - INFO - Router agent starting...
2025-08-06 14:23:12 - router - INFO - Database connection established
2025-08-06 14:23:12 - router - INFO - Successfully connected to Kafka. Listening on topic 'doc.classified'...
2025-08-06 14:23:26 - router - INFO - Received new message from Kafka: doc_id 'f31246c7-96e2-4071-b5fd-325218bded93'
2025-08-06 14:23:26 - router - INFO - File copied successfully to: D:\Langs\Team_Docs\Local working prototype\Document-Ingestion-and-Classification\backend\router\routed_documents\prescription\CRUDOperationsinMongoDB_Badge20250620-27-jt9xd8.pdf
2025-08-06 14:23:26 - router - INFO - Doc 'f31246c7-96e2-4071-b5fd-325218bded93' routed to 'prescription'. Reason: High confidence (0.70) - routed to 'prescription'.
2025-08-06 14:23:27 - router - INFO - Received new message from Kafka: doc_id 'a38f19c7-10f4-4403-a3ee-3f4e80da9464'
2025-08-06 14:23:27 - router - INFO - File copied successfully to: D:\Langs\Team_Docs\Local working prototype\Document-Ingestion-and-Classification\backend\router\routed_documents\prescription\BuildingRAGAppsUsingMongoDB_Badge20250620-27-1b51p5.pdf
2025-08-06 14:23:27 - router - INFO - Doc 'a38f19c7-10f4-4403-a3ee-3f4e80da9464' routed to 'prescription'. Reason: High confidence (0.70) - routed to 'prescription'.
2025-08-06 14:23:28 - router - INFO - Received new message from Kafka: doc_id 'f60d4be9-870d-4d13-a7a6-5b2510f3a4b3'
2025-08-06 14:23:28 - router - INFO - File copied successfully to: D:\Langs\Team_Docs\Local working prototype\Document-Ingestion-and-Classification\backend\router\routed_documents\brochure\BuildingAI-PoweredSearchwithMongoDBVectorSearch_Badge20250620-27-bqobga.pdf
2025-08-06 14:23:28 - router - INFO - Doc 'f60d4be9-870d-4d13-a7a6-5b2510f3a4b3' routed to 'brochure'. Reason: High confidence (0.70) - routed to 'brochure'.
2025-08-06 14:23:29 - router - INFO - Received new message from Kafka: doc_id '4204e351-a31a-42bf-a404-4d985c596f43'
2025-08-06 14:23:29 - router - INFO - File copied successfully to: D:\Langs\Team_Docs\Local working prototype\Document-Ingestion-and-Classification\backend\router\routed_documents\resume\GODWIN_JUDAH_J_RESUME_-_GODWIN_JUDAH_J.pdf
2025-08-06 14:23:29 - router - INFO - Doc '4204e351-a31a-42bf-a404-4d985c596f43' routed to 'resume'. Reason: High confidence (0.95) - routed to 'resume'.
2025-08-06 14:23:31 - router - INFO - Received new message from Kafka: doc_id '6612b790-4e10-4ffb-8e9b-4cdba706a207'
2025-08-06 14:23:31 - router - INFO - File copied successfully to: D:\Langs\Team_Docs\Local working prototype\Document-Ingestion-and-Classification\backend\router\routed_documents\whitepaper\Intel_AI_Reference_Kits.pdf
2025-08-06 14:23:31 - router - INFO - Doc '6612b790-4e10-4ffb-8e9b-4cdba706a207' routed to 'whitepaper'. Reason: High confidence (0.95) - routed to 'whitepaper'.
2025-08-06 14:23:32 - router - INFO - Received new message from Kafka: doc_id 'd7e7d217-8ccc-44f0-8c58-bdc4862fa574'
2025-08-06 14:23:32 - router - INFO - File copied successfully to: D:\Langs\Team_Docs\Local working prototype\Document-Ingestion-and-Classification\backend\router\routed_documents\technical\FromRelationalModelSQLtoMongoDBsDocumentModel_Badge20250620-26-c3iwpo.pdf
2025-08-06 14:23:32 - router - INFO - Doc 'd7e7d217-8ccc-44f0-8c58-bdc4862fa574' routed to 'technical'. Reason: High confidence (0.70) - routed to 'technical'.
2025-08-06 14:23:33 - router - INFO - Received new message from Kafka: doc_id '70722120-8f3c-4248-b316-25e8de99b410'
2025-08-06 14:23:33 - router - INFO - File copied successfully to: D:\Langs\Team_Docs\Local working prototype\Document-Ingestion-and-Classification\backend\router\routed_documents\receipt\JAYA_SHREE_RESUME_3_-_JAYA_SHREE_P.pdf
2025-08-06 14:23:33 - router - INFO - Doc '70722120-8f3c-4248-b316-25e8de99b410' routed to 'receipt'. Reason: High confidence (0.95) - routed to 'receipt'.
2025-08-06 14:23:34 - router - INFO - Received new message from Kafka: doc_id '5cf97393-50fb-4178-a846-431173e448aa'
2025-08-06 14:23:34 - router - INFO - File copied successfully to: D:\Langs\Team_Docs\Local working prototype\Document-Ingestion-and-Classification\backend\router\routed_documents\bonafide certificate\MongoDBAdvancedSchemaDesignPatternsandAntipatternsSkillBadge_Badge20250620-25-quwb1l.pdf
2025-08-06 14:23:34 - router - INFO - Doc '5cf97393-50fb-4178-a846-431173e448aa' routed to 'bonafide certificate'. Reason: High confidence (0.95) - routed to 'bonafide certificate'.
2025-08-06 14:23:35 - router - INFO - Received new message from Kafka: doc_id '2140ead8-5468-4644-9867-328c38e49417'
2025-08-06 14:23:35 - router - INFO - File copied successfully to: D:\Langs\Team_Docs\Local working prototype\Document-Ingestion-and-Classification\backend\router\routed_documents\resume\JAYASHREE-resume_-_JAYASHREE_R.pdf
2025-08-06 14:23:35 - router - INFO - Doc '2140ead8-5468-4644-9867-328c38e49417' routed to 'resume'. Reason: High confidence (0.95) - routed to 'resume'.
2025-08-06 14:23:36 - router - INFO - Received new message from Kafka: doc_id 'ef847342-b7b1-42dd-8e1a-b197ef10952e'
2025-08-06 14:23:36 - router - INFO - File copied successfully to: D:\Langs\Team_Docs\Local working prototype\Document-Ingestion-and-Classification\backend\router\routed_documents\prescription\MongoDBBasicsforStudents_Badge20250620-29-jwwbtq.pdf
2025-08-06 14:23:36 - router - INFO - Doc 'ef847342-b7b1-42dd-8e1a-b197ef10952e' routed to 'prescription'. Reason: High confidence (0.70) - routed to 'prescription'.
2025-08-06 14:23:37 - router - INFO - Received new message from Kafka: doc_id '9d5d0ee4-d83a-4b3b-a73c-8c065365b36f'
2025-08-06 14:23:37 - router - INFO - File copied successfully to: D:\Langs\Team_Docs\Local working prototype\Document-Ingestion-and-Classification\backend\router\routed_documents\prescription\MongoDBAggregationFundamentals_Badge20250620-27-bg2ih1.pdf
2025-08-06 14:23:37 - router - INFO - Doc '9d5d0ee4-d83a-4b3b-a73c-8c065365b36f' routed to 'prescription'. Reason: High confidence (0.70) - routed to 'prescription'.
2025-08-06 14:23:38 - router - INFO - Received new message from Kafka: doc_id '9a5f858c-420f-4e15-b6a3-f4b9b11b47ab'
2025-08-06 14:23:38 - router - INFO - File copied successfully to: D:\Langs\Team_Docs\Local working prototype\Document-Ingestion-and-Classification\backend\router\routed_documents\prescription\MongoDBQueryOptimizationTechniques_Badge20250620-25-uqulmn.pdf
2025-08-06 14:23:38 - router - INFO - Doc '9a5f858c-420f-4e15-b6a3-f4b9b11b47ab' routed to 'prescription'. Reason: High confidence (0.70) - routed to 'prescription'.
2025-08-06 14:23:40 - router - INFO - Received new message from Kafka: doc_id 'a05b0bb4-ec02-473e-98cb-be2201c1489d'
2025-08-06 14:23:40 - router - INFO - File copied successfully to: D:\Langs\Team_Docs\Local working prototype\Document-Ingestion-and-Classification\backend\router\routed_documents\bonafide certificate\MongoDBSchemaDesignPatternsandAntipatternsSkillBadge_Badge20250620-27-v47272.pdf
2025-08-06 14:23:40 - router - INFO - Doc 'a05b0bb4-ec02-473e-98cb-be2201c1489d' routed to 'bonafide certificate'. Reason: High confidence (0.95) - routed to 'bonafide certificate'.
2025-08-06 14:23:41 - router - INFO - Received new message from Kafka: doc_id '243a9ca8-bed7-4b78-8492-407df606e2c2'
2025-08-06 14:23:41 - router - INFO - File copied successfully to: D:\Langs\Team_Docs\Local working prototype\Document-Ingestion-and-Classification\backend\router\routed_documents\resume\Muni_Charmi_-_MUNI_CHARMI_T.pdf
2025-08-06 14:23:41 - router - INFO - Doc '243a9ca8-bed7-4b78-8492-407df606e2c2' routed to 'resume'. Reason: High confidence (0.95) - routed to 'resume'.
2025-08-06 14:23:42 - router - INFO - Received new message from Kafka: doc_id '682c6ff2-c5be-4fb4-aec3-f37c70f09aef'
2025-08-06 14:23:42 - router - INFO - File copied successfully to: D:\Langs\Team_Docs\Local working prototype\Document-Ingestion-and-Classification\backend\router\routed_documents\resume\Naveen_-_Resume.pdf
2025-08-06 14:23:42 - router - INFO - Doc '682c6ff2-c5be-4fb4-aec3-f37c70f09aef' routed to 'resume'. Reason: High confidence (0.95) - routed to 'resume'.
2025-08-06 14:23:43 - router - INFO - Received new message from Kafka: doc_id 'fad06dd0-aa8b-4dfc-b7de-dc44bcfe9c42'
2025-08-06 14:23:43 - router - INFO - File copied successfully to: D:\Langs\Team_Docs\Local working prototype\Document-Ingestion-and-Classification\backend\router\routed_documents\resume\Naveen_Resume.pdf
2025-08-06 14:23:43 - router - INFO - Doc 'fad06dd0-aa8b-4dfc-b7de-dc44bcfe9c42' routed to 'resume'. Reason: High confidence (0.95) - routed to 'resume'.
2025-08-06 14:23:44 - router - INFO - Received new message from Kafka: doc_id '172abb06-61a0-42eb-954e-cea26dd4b1c6'
2025-08-06 14:23:44 - router - INFO - File copied successfully to: D:\Langs\Team_Docs\Local working prototype\Document-Ingestion-and-Classification\backend\router\routed_documents\resume\PRABHU_SUNDAR_Resume_-_PRABHU_SUNDAR_D_1.pdf
2025-08-06 14:23:44 - router - INFO - Doc '172abb06-61a0-42eb-954e-cea26dd4b1c6' routed to 'resume'. Reason: High confidence (0.70) - routed to 'resume'.
2025-08-06 14:23:45 - router - INFO - Received new message from Kafka: doc_id '52e21eb6-4f62-458b-a1b5-3ca58b39f9bd'
2025-08-06 14:23:45 - router - INFO - File copied successfully to: D:\Langs\Team_Docs\Local working prototype\Document-Ingestion-and-Classification\backend\router\routed_documents\resume\Resume_NEW_Jun_2025_-_KANNAN_C_J.pdf
2025-08-06 14:23:45 - router - INFO - Doc '52e21eb6-4f62-458b-a1b5-3ca58b39f9bd' routed to 'resume'. Reason: High confidence (0.95) - routed to 'resume'.
2025-08-06 14:23:46 - router - INFO - Received new message from Kafka: doc_id '2412da86-9ee3-49a3-83ac-3727458886ad'
2025-08-06 14:23:46 - router - INFO - File copied successfully to: D:\Langs\Team_Docs\Local working prototype\Document-Ingestion-and-Classification\backend\router\routed_documents\resume\sadha_cv_-_SADHA_SHREE_R.pdf
2025-08-06 14:23:46 - router - INFO - Doc '2412da86-9ee3-49a3-83ac-3727458886ad' routed to 'resume'. Reason: High confidence (0.70) - routed to 'resume'.
2025-08-06 14:23:47 - router - INFO - Received new message from Kafka: doc_id 'fe4ca7af-3128-4443-8671-50b2bf7d0de2'
2025-08-06 14:23:48 - router - INFO - File copied successfully to: D:\Langs\Team_Docs\Local working prototype\Document-Ingestion-and-Classification\backend\router\routed_documents\resume\SAHANA_R_-_RESUME_-_SAHANA_R.pdf
2025-08-06 14:23:48 - router - INFO - Doc 'fe4ca7af-3128-4443-8671-50b2bf7d0de2' routed to 'resume'. Reason: High confidence (0.70) - routed to 'resume'.
2025-08-06 14:23:48 - router - INFO - Received new message from Kafka: doc_id 'a704fbb1-5d2d-4f52-8d01-feddb001a49a'
2025-08-06 14:23:48 - router - INFO - File copied successfully to: D:\Langs\Team_Docs\Local working prototype\Document-Ingestion-and-Classification\backend\router\routed_documents\prescription\SecuringMongoDBAtlasAuthenticationAuthorization_Badge20250620-24-80voyh.pdf
2025-08-06 14:23:48 - router - INFO - Doc 'a704fbb1-5d2d-4f52-8d01-feddb001a49a' routed to 'prescription'. Reason: High confidence (0.70) - routed to 'prescription'.
2025-08-06 20:51:30 - router - INFO - Router agent starting...
2025-08-06 20:51:30 - router - INFO - Routes configuration reloaded successfully
2025-08-06 20:51:30 - router - INFO - Active routes: {'resume': 'resumes', 'cv': 'resumes', 'receipt': 'receipts', 'invoice': 'invoices', 'bill': 'bills'}
2025-08-06 20:51:30 - router - INFO - Default folder: others, Needs action folder: needs_action
2025-08-06 20:51:30 - router - INFO - Routing configuration loaded:
2025-08-06 20:51:30 - router - INFO -   - Document routes: {'resume': 'resumes', 'cv': 'resumes', 'receipt': 'receipts', 'invoice': 'invoices', 'bill': 'bills'}
2025-08-06 20:51:30 - router - INFO -   - Default folder: others
2025-08-06 20:51:30 - router - INFO -   - Needs action folder: needs_action
2025-08-06 20:51:30 - router - INFO -   - Confidence threshold: 0.7
2025-08-06 20:51:30 - router - INFO -   - Allowed folders: {'bills', 'receipts', 'resumes', 'needs_action', 'others', 'invoices'}
2025-08-06 20:51:30 - router - INFO - Database connection established
2025-08-06 20:51:30 - router - INFO - Successfully connected to Kafka. Listening on topic 'doc.classified'...
2025-08-06 20:57:22 - router - INFO - Router agent starting...
2025-08-06 20:57:22 - router - INFO - Routes configuration reloaded successfully
2025-08-06 20:57:22 - router - INFO - Active routes: {'resume': 'resumes', 'cv': 'resumes', 'receipt': 'receipts', 'invoice': 'invoices', 'bill': 'bills'}
2025-08-06 20:57:22 - router - INFO - Default folder: others, Needs action folder: needs_action
2025-08-06 20:57:22 - router - INFO - Routing configuration loaded:
2025-08-06 20:57:22 - router - INFO -   - Document routes: {'resume': 'resumes', 'cv': 'resumes', 'receipt': 'receipts', 'invoice': 'invoices', 'bill': 'bills'}
2025-08-06 20:57:22 - router - INFO -   - Default folder: others
2025-08-06 20:57:22 - router - INFO -   - Needs action folder: needs_action
2025-08-06 20:57:22 - router - INFO -   - Confidence threshold: 0.7
2025-08-06 20:57:22 - router - INFO -   - Allowed folders: {'resumes', 'others', 'receipts', 'needs_action', 'bills', 'invoices'}
2025-08-06 20:57:22 - router - INFO - Database connection established
2025-08-06 20:57:22 - router - INFO - Successfully connected to Kafka. Listening on topic 'doc.classified'...
2025-08-06 22:19:51 - router - INFO - Received new message from Kafka: doc_id 'e82aa7b7-8d68-4317-b584-adbb7e529f8e'
2025-08-06 22:19:51 - router - INFO - Created/ensured folder exists: D:\Langs\Team_Docs\Local working prototype\Document-Ingestion-and-Classification\backend\router\routed_documents\resumes
2025-08-06 22:19:51 - router - INFO - File copied successfully to: D:\Langs\Team_Docs\Local working prototype\Document-Ingestion-and-Classification\backend\router\routed_documents\resumes\Naveen_Resume.pdf
2025-08-06 22:19:51 - router - INFO - Doc 'e82aa7b7-8d68-4317-b584-adbb7e529f8e' routed to 'resumes'. Reason: High confidence (0.95) - routed to 'resumes' (mapped from 'resume').
2025-08-06 22:26:00 - router - INFO - Received new message from Kafka: doc_id '0cb3d171-3dbe-41ea-b7f1-23d742c61ef9'
2025-08-06 22:26:00 - router - INFO - Created/ensured folder exists: D:\Langs\Team_Docs\Local working prototype\Document-Ingestion-and-Classification\backend\router\routed_documents\resumes
2025-08-06 22:26:00 - router - INFO - File copied successfully to: D:\Langs\Team_Docs\Local working prototype\Document-Ingestion-and-Classification\backend\router\routed_documents\resumes\GODWIN_JUDAH_J_RESUME_-_GODWIN_JUDAH_J.pdf
2025-08-06 22:26:00 - router - INFO - Doc '0cb3d171-3dbe-41ea-b7f1-23d742c61ef9' routed to 'resumes'. Reason: High confidence (0.95) - routed to 'resumes' (mapped from 'resume').
2025-08-06 22:33:07 - router - INFO - Received new message from Kafka: doc_id 'e74ebc98-53db-4c2c-bb9c-df90b2bb0ec7'
2025-08-06 22:33:08 - router - INFO - Created/ensured folder exists: D:\Langs\Team_Docs\Local working prototype\Document-Ingestion-and-Classification\backend\router\routed_documents\resumes
2025-08-06 22:33:08 - router - INFO - File copied successfully to: D:\Langs\Team_Docs\Local working prototype\Document-Ingestion-and-Classification\backend\router\routed_documents\resumes\sadha_cv_-_SADHA_SHREE_R.pdf
2025-08-06 22:33:08 - router - INFO - Doc 'e74ebc98-53db-4c2c-bb9c-df90b2bb0ec7' routed to 'resumes'. Reason: High confidence (0.95) - routed to 'resumes' (mapped from 'resume').
2025-08-06 22:35:41 - router - INFO - Router agent starting...
2025-08-06 22:35:41 - router - INFO - Routes configuration reloaded successfully
2025-08-06 22:35:41 - router - INFO - Active routes: {'resume': 'resumes', 'cv': 'resumes', 'receipt': 'receipts', 'invoice': 'invoices', 'bill': 'bills'}
2025-08-06 22:35:41 - router - INFO - Default folder: others, Needs action folder: needs_action
2025-08-06 22:35:41 - router - INFO - Routing configuration loaded:
2025-08-06 22:35:41 - router - INFO -   - Document routes: {'resume': 'resumes', 'cv': 'resumes', 'receipt': 'receipts', 'invoice': 'invoices', 'bill': 'bills'}
2025-08-06 22:35:41 - router - INFO -   - Default folder: others
2025-08-06 22:35:41 - router - INFO -   - Needs action folder: needs_action
2025-08-06 22:35:41 - router - INFO -   - Confidence threshold: 0.7
2025-08-06 22:35:41 - router - INFO -   - Allowed folders: {'invoices', 'receipts', 'resumes', 'others', 'needs_action', 'bills'}
2025-08-06 22:35:42 - router - INFO - Database connection established
2025-08-06 22:35:42 - router - INFO - Successfully connected to Kafka. Listening on topic 'doc.classified'...
2025-08-06 22:36:10 - router - INFO - Received new message from Kafka: doc_id '36bd877c-caad-48ea-8947-612c35523286'
2025-08-06 22:36:10 - router - INFO - Created/ensured folder exists: D:\Langs\Team_Docs\Local working prototype\Document-Ingestion-and-Classification\backend\router\routed_documents\resumes
2025-08-06 22:36:10 - router - INFO - File copied successfully to: D:\Langs\Team_Docs\Local working prototype\Document-Ingestion-and-Classification\backend\router\routed_documents\resumes\SAHANA_R_-_RESUME_-_SAHANA_R.pdf
2025-08-06 22:36:10 - router - INFO - Doc '36bd877c-caad-48ea-8947-612c35523286' routed to 'resumes'. Reason: High confidence (0.95) - routed to 'resumes' (mapped from 'resume').
2025-08-06 23:04:12 - router - INFO - Router agent starting...
2025-08-06 23:04:12 - router - INFO - Routes configuration reloaded successfully
2025-08-06 23:04:12 - router - INFO - Active routes: {'resume': 'resumes', 'cv': 'resumes', 'receipt': 'receipts', 'invoice': 'invoices', 'bill': 'bills'}
2025-08-06 23:04:12 - router - INFO - Default folder: others, Needs action folder: needs_action
2025-08-06 23:04:12 - router - INFO - Routing configuration loaded:
2025-08-06 23:04:12 - router - INFO -   - Document routes: {'resume': 'resumes', 'cv': 'resumes', 'receipt': 'receipts', 'invoice': 'invoices', 'bill': 'bills'}
2025-08-06 23:04:12 - router - INFO -   - Default folder: others
2025-08-06 23:04:12 - router - INFO -   - Needs action folder: needs_action
2025-08-06 23:04:12 - router - INFO -   - Confidence threshold: 0.7
2025-08-06 23:04:12 - router - INFO -   - Allowed folders: {'bills', 'others', 'needs_action', 'receipts', 'resumes', 'invoices'}
2025-08-06 23:04:12 - router - INFO - Database connection established
2025-08-06 23:04:12 - router - INFO - Successfully connected to Kafka. Listening on topic 'doc.classified'...
2025-08-06 23:05:55 - router - INFO - Received new message from Kafka: doc_id 'e5c79beb-cb05-477b-805e-c84ba7e11aa1'
2025-08-06 23:05:55 - router - INFO - Created/ensured folder exists: D:\Langs\Team_Docs\Local working prototype\Document-Ingestion-and-Classification\backend\router\routed_documents\resumes
2025-08-06 23:05:55 - router - INFO - File copied successfully to: D:\Langs\Team_Docs\Local working prototype\Document-Ingestion-and-Classification\backend\router\routed_documents\resumes\MUGUNTHAN_S.pdf
2025-08-06 23:05:55 - router - INFO - Doc 'e5c79beb-cb05-477b-805e-c84ba7e11aa1' routed to 'resumes'. Reason: High confidence (0.95) - routed to 'resumes' (mapped from 'resume').
2025-08-06 23:05:56 - router - INFO - Received new message from Kafka: doc_id 'ed67234d-5564-458e-8664-0e9dcc9c04bb'
2025-08-06 23:05:56 - router - INFO - Created/ensured folder exists: D:\Langs\Team_Docs\Local working prototype\Document-Ingestion-and-Classification\backend\router\routed_documents\resumes
2025-08-06 23:05:56 - router - INFO - File copied successfully to: D:\Langs\Team_Docs\Local working prototype\Document-Ingestion-and-Classification\backend\router\routed_documents\resumes\MUGUNTHAN_S.pdf
2025-08-06 23:05:56 - router - INFO - Doc 'ed67234d-5564-458e-8664-0e9dcc9c04bb' routed to 'resumes'. Reason: High confidence (0.95) - routed to 'resumes' (mapped from 'resume').
2025-08-07 08:31:46 - router - INFO - Router agent starting...
2025-08-07 08:31:46 - router - INFO - Routes configuration reloaded successfully
2025-08-07 08:31:46 - router - INFO - Active routes: {'resume': 'resumes', 'cv': 'resumes', 'receipt': 'receipts', 'invoice': 'invoices', 'bill': 'bills'}
2025-08-07 08:31:46 - router - INFO - Default folder: others, Needs action folder: needs_action
2025-08-07 08:31:46 - router - INFO - Routing configuration loaded:
2025-08-07 08:31:46 - router - INFO -   - Document routes: {'resume': 'resumes', 'cv': 'resumes', 'receipt': 'receipts', 'invoice': 'invoices', 'bill': 'bills'}
2025-08-07 08:31:46 - router - INFO -   - Default folder: others
2025-08-07 08:31:46 - router - INFO -   - Needs action folder: needs_action
2025-08-07 08:31:46 - router - INFO -   - Confidence threshold: 0.7
2025-08-07 08:31:46 - router - INFO -   - Allowed folders: {'resumes', 'invoices', 'bills', 'receipts', 'others', 'needs_action'}
2025-08-07 08:31:46 - router - INFO - Database connection established
2025-08-07 08:31:46 - router - INFO - Successfully connected to Kafka. Listening on topic 'doc.classified'...
2025-08-07 08:32:20 - router - INFO - Received new message from Kafka: doc_id 'ea46392b-1e65-4acf-ba8f-845494c20ed6'
2025-08-07 08:32:20 - router - INFO - Created/ensured folder exists: D:\Langs\Team_Docs\Local working prototype\Document-Ingestion-and-Classification\backend\router\routed_documents\others
2025-08-07 08:32:20 - router - INFO - File copied successfully to: D:\Langs\Team_Docs\Local working prototype\Document-Ingestion-and-Classification\backend\router\routed_documents\others\Results.pdf
2025-08-07 08:32:20 - router - INFO - Doc 'ea46392b-1e65-4acf-ba8f-845494c20ed6' routed to 'others'. Reason: High confidence (0.95) but 'marksheet' not in defined routes - routed to 'others'.
2025-08-07 08:32:21 - router - INFO - Received new message from Kafka: doc_id '54ee0b93-71cc-4e52-848b-bc0d68414c2f'
2025-08-07 08:32:21 - router - INFO - Created/ensured folder exists: D:\Langs\Team_Docs\Local working prototype\Document-Ingestion-and-Classification\backend\router\routed_documents\others
2025-08-07 08:32:21 - router - INFO - File copied successfully to: D:\Langs\Team_Docs\Local working prototype\Document-Ingestion-and-Classification\backend\router\routed_documents\others\Results.pdf
2025-08-07 08:32:21 - router - INFO - Doc '54ee0b93-71cc-4e52-848b-bc0d68414c2f' routed to 'others'. Reason: High confidence (0.95) but 'marksheet' not in defined routes - routed to 'others'.
2025-08-07 09:06:01 - router - INFO - Router agent starting...
2025-08-07 09:06:01 - router - INFO - Routes configuration reloaded successfully
2025-08-07 09:06:01 - router - INFO - Active routes: {'resume': 'resumes', 'cv': 'resumes', 'receipt': 'receipts', 'invoice': 'invoices', 'bill': 'bills'}
2025-08-07 09:06:01 - router - INFO - Default folder: others, Needs action folder: needs_action
2025-08-07 09:06:01 - router - INFO - Routing configuration loaded:
2025-08-07 09:06:01 - router - INFO -   - Document routes: {'resume': 'resumes', 'cv': 'resumes', 'receipt': 'receipts', 'invoice': 'invoices', 'bill': 'bills'}
2025-08-07 09:06:01 - router - INFO -   - Default folder: others
2025-08-07 09:06:01 - router - INFO -   - Needs action folder: needs_action
2025-08-07 09:06:01 - router - INFO -   - Confidence threshold: 0.7
2025-08-07 09:06:01 - router - INFO -   - Allowed folders: {'needs_action', 'receipts', 'bills', 'others', 'resumes', 'invoices'}
2025-08-07 09:06:01 - router - INFO - Database connection established
2025-08-07 09:06:01 - router - INFO - Successfully connected to Kafka. Listening on topic 'doc.classified'...
2025-08-07 09:08:16 - router - INFO - Router agent starting...
2025-08-07 09:08:16 - router - INFO - Routes configuration reloaded successfully
2025-08-07 09:08:16 - router - INFO - Active routes: {'resume': 'resumes', 'cv': 'resumes', 'receipt': 'receipts', 'invoice': 'invoices', 'bill': 'bills'}
2025-08-07 09:08:16 - router - INFO - Default folder: others, Needs action folder: needs_action
2025-08-07 09:08:16 - router - INFO - Routing configuration loaded:
2025-08-07 09:08:16 - router - INFO -   - Document routes: {'resume': 'resumes', 'cv': 'resumes', 'receipt': 'receipts', 'invoice': 'invoices', 'bill': 'bills'}
2025-08-07 09:08:16 - router - INFO -   - Default folder: others
2025-08-07 09:08:16 - router - INFO -   - Needs action folder: needs_action
2025-08-07 09:08:16 - router - INFO -   - Confidence threshold: 0.7
2025-08-07 09:08:16 - router - INFO -   - Allowed folders: {'receipts', 'bills', 'needs_action', 'others', 'resumes', 'invoices'}
2025-08-07 09:08:17 - router - INFO - Database connection established
2025-08-07 09:08:17 - router - INFO - Successfully connected to Kafka. Listening on topic 'doc.classified'...
2025-08-07 09:13:06 - router - INFO - Router agent starting...
2025-08-07 09:13:06 - router - INFO - Routes configuration reloaded successfully
2025-08-07 09:13:06 - router - INFO - Active routes: {'resume': 'resumes', 'cv': 'resumes', 'receipt': 'receipts', 'invoice': 'invoices', 'bill': 'bills'}
2025-08-07 09:13:06 - router - INFO - Default folder: others, Needs action folder: needs_action
2025-08-07 09:13:06 - router - INFO - Routing configuration loaded:
2025-08-07 09:13:06 - router - INFO -   - Document routes: {'resume': 'resumes', 'cv': 'resumes', 'receipt': 'receipts', 'invoice': 'invoices', 'bill': 'bills'}
2025-08-07 09:13:06 - router - INFO -   - Default folder: others
2025-08-07 09:13:06 - router - INFO -   - Needs action folder: needs_action
2025-08-07 09:13:06 - router - INFO -   - Confidence threshold: 0.7
2025-08-07 09:13:06 - router - INFO -   - Allowed folders: {'others', 'resumes', 'receipts', 'invoices', 'needs_action', 'bills'}
2025-08-07 09:13:06 - router - INFO - Database connection established
2025-08-07 09:13:06 - router - INFO - Successfully connected to Kafka. Listening on topic 'doc.classified'...
2025-08-07 09:16:03 - router - INFO - Router agent starting...
2025-08-07 09:16:03 - router - INFO - Routes configuration reloaded successfully
2025-08-07 09:16:03 - router - INFO - Active routes: {'resume': 'resumes', 'cv': 'resumes', 'receipt': 'receipts', 'invoice': 'invoices', 'bill': 'bills'}
2025-08-07 09:16:03 - router - INFO - Default folder: others, Needs action folder: needs_action
2025-08-07 09:16:03 - router - INFO - Routing configuration loaded:
2025-08-07 09:16:03 - router - INFO -   - Document routes: {'resume': 'resumes', 'cv': 'resumes', 'receipt': 'receipts', 'invoice': 'invoices', 'bill': 'bills'}
2025-08-07 09:16:03 - router - INFO -   - Default folder: others
2025-08-07 09:16:03 - router - INFO -   - Needs action folder: needs_action
2025-08-07 09:16:03 - router - INFO -   - Confidence threshold: 0.7
2025-08-07 09:16:03 - router - INFO -   - Allowed folders: {'needs_action', 'invoices', 'others', 'resumes', 'bills', 'receipts'}
2025-08-07 09:16:03 - router - INFO - Database connection established
2025-08-07 09:16:03 - router - INFO - Successfully connected to Kafka. Listening on topic 'doc.classified'...
2025-08-07 09:19:06 - router - INFO - Router agent starting...
2025-08-07 09:19:06 - router - INFO - Routes configuration reloaded successfully
2025-08-07 09:19:06 - router - INFO - Active routes: {'resume': 'resumes', 'cv': 'resumes', 'receipt': 'receipts', 'invoice': 'invoices', 'bill': 'bills'}
2025-08-07 09:19:06 - router - INFO - Default folder: others, Needs action folder: needs_action
2025-08-07 09:19:06 - router - INFO - Routing configuration loaded:
2025-08-07 09:19:06 - router - INFO -   - Document routes: {'resume': 'resumes', 'cv': 'resumes', 'receipt': 'receipts', 'invoice': 'invoices', 'bill': 'bills'}
2025-08-07 09:19:06 - router - INFO -   - Default folder: others
2025-08-07 09:19:06 - router - INFO -   - Needs action folder: needs_action
2025-08-07 09:19:06 - router - INFO -   - Confidence threshold: 0.7
2025-08-07 09:19:06 - router - INFO -   - Allowed folders: {'others', 'resumes', 'invoices', 'bills', 'needs_action', 'receipts'}
2025-08-07 09:19:06 - router - INFO - Database connection established
2025-08-07 09:19:06 - router - INFO - Successfully connected to Kafka. Listening on topic 'doc.classified'...
2025-08-07 09:23:45 - router - INFO - Router agent starting...
2025-08-07 09:23:45 - router - INFO - Routes configuration reloaded successfully
2025-08-07 09:23:45 - router - INFO - Active routes: {'resume': 'resumes', 'cv': 'resumes', 'receipt': 'receipts', 'invoice': 'invoices', 'bill': 'bills'}
2025-08-07 09:23:45 - router - INFO - Default folder: others, Needs action folder: needs_action
2025-08-07 09:23:45 - router - INFO - Routing configuration loaded:
2025-08-07 09:23:45 - router - INFO -   - Document routes: {'resume': 'resumes', 'cv': 'resumes', 'receipt': 'receipts', 'invoice': 'invoices', 'bill': 'bills'}
2025-08-07 09:23:45 - router - INFO -   - Default folder: others
2025-08-07 09:23:45 - router - INFO -   - Needs action folder: needs_action
2025-08-07 09:23:45 - router - INFO -   - Confidence threshold: 0.7
2025-08-07 09:23:45 - router - INFO -   - Allowed folders: {'others', 'bills', 'receipts', 'needs_action', 'resumes', 'invoices'}
2025-08-07 09:23:45 - router - INFO - Database connection established
2025-08-07 09:23:46 - router - INFO - Successfully connected to Kafka. Listening on topic 'doc.classified'...
2025-08-07 09:24:31 - router - INFO - Router agent starting...
2025-08-07 09:24:31 - router - INFO - Routes configuration reloaded successfully
2025-08-07 09:24:31 - router - INFO - Active routes: {'resume': 'resumes', 'cv': 'resumes', 'receipt': 'receipts', 'invoice': 'invoices', 'bill': 'bills'}
2025-08-07 09:24:31 - router - INFO - Default folder: others, Needs action folder: needs_action
2025-08-07 09:24:31 - router - INFO - Routing configuration loaded:
2025-08-07 09:24:31 - router - INFO -   - Document routes: {'resume': 'resumes', 'cv': 'resumes', 'receipt': 'receipts', 'invoice': 'invoices', 'bill': 'bills'}
2025-08-07 09:24:31 - router - INFO -   - Default folder: others
2025-08-07 09:24:31 - router - INFO -   - Needs action folder: needs_action
2025-08-07 09:24:31 - router - INFO -   - Confidence threshold: 0.7
2025-08-07 09:24:31 - router - INFO -   - Allowed folders: {'needs_action', 'receipts', 'bills', 'others', 'resumes', 'invoices'}
2025-08-07 09:24:31 - router - INFO - Database connection established
2025-08-07 09:24:31 - router - INFO - Successfully connected to Kafka. Listening on topic 'doc.classified'...
2025-08-07 09:41:44 - router - INFO - Router agent starting...
2025-08-07 09:41:44 - router - INFO - Routes configuration reloaded successfully
2025-08-07 09:41:44 - router - INFO - Active routes: {'resume': 'resumes', 'cv': 'resumes', 'receipt': 'receipts', 'invoice': 'invoices', 'bill': 'bills'}
2025-08-07 09:41:44 - router - INFO - Default folder: others, Needs action folder: needs_action
2025-08-07 09:41:44 - router - INFO - Routing configuration loaded:
2025-08-07 09:41:44 - router - INFO -   - Document routes: {'resume': 'resumes', 'cv': 'resumes', 'receipt': 'receipts', 'invoice': 'invoices', 'bill': 'bills'}
2025-08-07 09:41:44 - router - INFO -   - Default folder: others
2025-08-07 09:41:44 - router - INFO -   - Needs action folder: needs_action
2025-08-07 09:41:44 - router - INFO -   - Confidence threshold: 0.7
2025-08-07 09:41:44 - router - INFO -   - Allowed folders: {'receipts', 'others', 'bills', 'resumes', 'needs_action', 'invoices'}
2025-08-07 09:41:44 - router - INFO - Database connection established
2025-08-07 09:41:44 - router - INFO - Successfully connected to Kafka. Listening on topic 'doc.classified'...
2025-08-07 10:33:54 - router - INFO - Router agent starting...
2025-08-07 10:33:54 - router - INFO - Routes configuration reloaded successfully
2025-08-07 10:33:54 - router - INFO - Active routes: {'resume': 'resumes', 'cv': 'resumes', 'receipt': 'receipts', 'invoice': 'invoices', 'bill': 'bills'}
2025-08-07 10:33:54 - router - INFO - Default folder: others, Needs action folder: needs_action
2025-08-07 10:33:54 - router - INFO - Routing configuration loaded:
2025-08-07 10:33:54 - router - INFO -   - Document routes: {'resume': 'resumes', 'cv': 'resumes', 'receipt': 'receipts', 'invoice': 'invoices', 'bill': 'bills'}
2025-08-07 10:33:54 - router - INFO -   - Default folder: others
2025-08-07 10:33:54 - router - INFO -   - Needs action folder: needs_action
2025-08-07 10:33:54 - router - INFO -   - Confidence threshold: 0.7
2025-08-07 10:33:54 - router - INFO -   - Allowed folders: {'resumes', 'invoices', 'others', 'receipts', 'bills', 'needs_action'}
2025-08-07 10:33:55 - router - INFO - Database connection established
2025-08-07 10:33:55 - router - INFO - Successfully connected to Kafka. Listening on topic 'doc.classified'...
2025-08-07 10:34:53 - router - INFO - Router agent starting...
2025-08-07 10:34:53 - router - INFO - Routes configuration reloaded successfully
2025-08-07 10:34:53 - router - INFO - Active routes: {'resume': 'resumes', 'cv': 'resumes', 'receipt': 'receipts', 'invoice': 'invoices', 'bill': 'bills'}
2025-08-07 10:34:53 - router - INFO - Default folder: others, Needs action folder: needs_action
2025-08-07 10:34:53 - router - INFO - Routing configuration loaded:
2025-08-07 10:34:53 - router - INFO -   - Document routes: {'resume': 'resumes', 'cv': 'resumes', 'receipt': 'receipts', 'invoice': 'invoices', 'bill': 'bills'}
2025-08-07 10:34:53 - router - INFO -   - Default folder: others
2025-08-07 10:34:53 - router - INFO -   - Needs action folder: needs_action
2025-08-07 10:34:53 - router - INFO -   - Confidence threshold: 0.7
2025-08-07 10:34:53 - router - INFO -   - Allowed folders: {'receipts', 'needs_action', 'bills', 'others', 'resumes', 'invoices'}
2025-08-07 10:34:53 - router - INFO - Database connection established
2025-08-07 10:34:53 - router - INFO - Successfully connected to Kafka. Listening on topic 'doc.classified'...
2025-08-07 10:43:22 - router - INFO - Router agent starting...
2025-08-07 10:43:22 - router - INFO - Routes configuration reloaded successfully
2025-08-07 10:43:22 - router - INFO - Active routes: {'resume': 'resumes', 'cv': 'resumes', 'receipt': 'receipts', 'invoice': 'invoices', 'bill': 'bills'}
2025-08-07 10:43:22 - router - INFO - Default folder: others, Needs action folder: needs_action
2025-08-07 10:43:22 - router - INFO - Routing configuration loaded:
2025-08-07 10:43:22 - router - INFO -   - Document routes: {'resume': 'resumes', 'cv': 'resumes', 'receipt': 'receipts', 'invoice': 'invoices', 'bill': 'bills'}
2025-08-07 10:43:22 - router - INFO -   - Default folder: others
2025-08-07 10:43:22 - router - INFO -   - Needs action folder: needs_action
2025-08-07 10:43:22 - router - INFO -   - Confidence threshold: 0.7
2025-08-07 10:43:22 - router - INFO -   - Allowed folders: {'invoices', 'resumes', 'needs_action', 'bills', 'others', 'receipts'}
2025-08-07 10:43:22 - router - INFO - Database connection established
2025-08-07 10:43:22 - router - INFO - Successfully connected to Kafka. Listening on topic 'doc.classified'...
2025-08-07 10:45:09 - router - INFO - Router agent starting...
2025-08-07 10:45:09 - router - INFO - Routes configuration reloaded successfully
2025-08-07 10:45:09 - router - INFO - Active routes: {'resume': 'resumes', 'cv': 'resumes', 'receipt': 'receipts', 'invoice': 'invoices', 'bill': 'bills'}
2025-08-07 10:45:09 - router - INFO - Default folder: others, Needs action folder: needs_action
2025-08-07 10:45:09 - router - INFO - Routing configuration loaded:
2025-08-07 10:45:09 - router - INFO -   - Document routes: {'resume': 'resumes', 'cv': 'resumes', 'receipt': 'receipts', 'invoice': 'invoices', 'bill': 'bills'}
2025-08-07 10:45:09 - router - INFO -   - Default folder: others
2025-08-07 10:45:09 - router - INFO -   - Needs action folder: needs_action
2025-08-07 10:45:09 - router - INFO -   - Confidence threshold: 0.7
2025-08-07 10:45:09 - router - INFO -   - Allowed folders: {'resumes', 'bills', 'needs_action', 'receipts', 'invoices', 'others'}
2025-08-07 10:45:09 - router - INFO - Database connection established
2025-08-07 10:45:09 - router - INFO - Successfully connected to Kafka. Listening on topic 'doc.classified'...
2025-08-07 10:47:09 - router - INFO - Router agent starting...
2025-08-07 10:47:09 - router - INFO - Routes configuration reloaded successfully
2025-08-07 10:47:09 - router - INFO - Active routes: {'resume': 'resumes', 'cv': 'resumes', 'receipt': 'receipts', 'invoice': 'invoices', 'bill': 'bills'}
2025-08-07 10:47:09 - router - INFO - Default folder: others, Needs action folder: needs_action
2025-08-07 10:47:09 - router - INFO - Routing configuration loaded:
2025-08-07 10:47:09 - router - INFO -   - Document routes: {'resume': 'resumes', 'cv': 'resumes', 'receipt': 'receipts', 'invoice': 'invoices', 'bill': 'bills'}
2025-08-07 10:47:09 - router - INFO -   - Default folder: others
2025-08-07 10:47:09 - router - INFO -   - Needs action folder: needs_action
2025-08-07 10:47:09 - router - INFO -   - Confidence threshold: 0.7
2025-08-07 10:47:09 - router - INFO -   - Allowed folders: {'needs_action', 'invoices', 'others', 'bills', 'receipts', 'resumes'}
2025-08-07 10:47:09 - router - INFO - Database connection established
2025-08-07 10:47:09 - router - INFO - Successfully connected to Kafka. Listening on topic 'doc.classified'...
2025-08-07 10:48:56 - router - INFO - Router agent starting...
2025-08-07 10:48:56 - router - INFO - Routes configuration reloaded successfully
2025-08-07 10:48:56 - router - INFO - Active routes: {'resume': 'resumes', 'cv': 'resumes', 'receipt': 'receipts', 'invoice': 'invoices', 'bill': 'bills'}
2025-08-07 10:48:56 - router - INFO - Default folder: others, Needs action folder: needs_action
2025-08-07 10:48:56 - router - INFO - Routing configuration loaded:
2025-08-07 10:48:56 - router - INFO -   - Document routes: {'resume': 'resumes', 'cv': 'resumes', 'receipt': 'receipts', 'invoice': 'invoices', 'bill': 'bills'}
2025-08-07 10:48:56 - router - INFO -   - Default folder: others
2025-08-07 10:48:56 - router - INFO -   - Needs action folder: needs_action
2025-08-07 10:48:56 - router - INFO -   - Confidence threshold: 0.7
2025-08-07 10:48:56 - router - INFO -   - Allowed folders: {'receipts', 'needs_action', 'bills', 'invoices', 'others', 'resumes'}
2025-08-07 10:48:56 - router - INFO - Database connection established
2025-08-07 10:48:56 - router - INFO - Successfully connected to Kafka. Listening on topic 'doc.classified'...
2025-08-07 10:50:02 - router - INFO - Received new message from Kafka: doc_id 'ed7df784-f700-4a8d-a0f4-29d20b8933d3'
2025-08-07 10:50:02 - router - INFO - Created/ensured folder exists: D:\Langs\Team_Docs\Local working prototype\Document-Ingestion-and-Classification\backend\router\routed_documents\others
2025-08-07 10:50:02 - router - INFO - File copied successfully to: D:\Langs\Team_Docs\Local working prototype\Document-Ingestion-and-Classification\backend\router\routed_documents\others\TS_Header_form.png
2025-08-07 10:50:02 - router - INFO - Doc 'ed7df784-f700-4a8d-a0f4-29d20b8933d3' routed to 'others'. Reason: High confidence (0.70) but 'marksheet' not in defined routes - routed to 'others'.
2025-08-07 10:50:03 - router - INFO - Received new message from Kafka: doc_id '322fded4-95b8-4fdf-80c5-d7568b261c72'
2025-08-07 10:50:03 - router - INFO - Created/ensured folder exists: D:\Langs\Team_Docs\Local working prototype\Document-Ingestion-and-Classification\backend\router\routed_documents\others
2025-08-07 10:50:03 - router - INFO - File copied successfully to: D:\Langs\Team_Docs\Local working prototype\Document-Ingestion-and-Classification\backend\router\routed_documents\others\TS_Header_form.png
2025-08-07 10:50:03 - router - INFO - Doc '322fded4-95b8-4fdf-80c5-d7568b261c72' routed to 'others'. Reason: High confidence (0.70) but 'marksheet' not in defined routes - routed to 'others'.
2025-08-07 10:50:04 - router - INFO - Received new message from Kafka: doc_id 'a285e572-b923-4995-9364-a58c2668024e'
2025-08-07 10:50:04 - router - INFO - Created/ensured folder exists: D:\Langs\Team_Docs\Local working prototype\Document-Ingestion-and-Classification\backend\router\routed_documents\others
2025-08-07 10:50:04 - router - INFO - File copied successfully to: D:\Langs\Team_Docs\Local working prototype\Document-Ingestion-and-Classification\backend\router\routed_documents\others\Smart Stay Hackathon 1.0.png
2025-08-07 10:50:04 - router - INFO - Doc 'a285e572-b923-4995-9364-a58c2668024e' routed to 'others'. Reason: High confidence (0.70) but 'event ticket' not in defined routes - routed to 'others'.
2025-08-07 10:50:05 - router - INFO - Received new message from Kafka: doc_id '54daca0d-6cea-47bb-9974-3433f81e25e7'
2025-08-07 10:50:05 - router - INFO - Created/ensured folder exists: D:\Langs\Team_Docs\Local working prototype\Document-Ingestion-and-Classification\backend\router\routed_documents\others
2025-08-07 10:50:05 - router - INFO - File copied successfully to: D:\Langs\Team_Docs\Local working prototype\Document-Ingestion-and-Classification\backend\router\routed_documents\others\Smart Stay Hackathon 1.0.png
2025-08-07 10:50:05 - router - INFO - Doc '54daca0d-6cea-47bb-9974-3433f81e25e7' routed to 'others'. Reason: High confidence (0.70) but 'event ticket' not in defined routes - routed to 'others'.
2025-08-07 10:50:06 - router - INFO - Received new message from Kafka: doc_id 'ba5c5238-f540-4eac-bf87-108cc7b0b158'
2025-08-07 10:50:06 - router - INFO - Created/ensured folder exists: D:\Langs\Team_Docs\Local working prototype\Document-Ingestion-and-Classification\backend\router\routed_documents\others
2025-08-07 10:50:06 - router - INFO - File copied successfully to: D:\Langs\Team_Docs\Local working prototype\Document-Ingestion-and-Classification\backend\router\routed_documents\others\07-08-2025.png
2025-08-07 10:50:06 - router - INFO - Doc 'ba5c5238-f540-4eac-bf87-108cc7b0b158' routed to 'others'. Reason: High confidence (0.70) but 'business proposal' not in defined routes - routed to 'others'.
2025-08-07 10:50:07 - router - INFO - Received new message from Kafka: doc_id '2fe43b64-23c8-4708-bdca-6d29cc2be2a9'
2025-08-07 10:50:07 - router - INFO - Created/ensured folder exists: D:\Langs\Team_Docs\Local working prototype\Document-Ingestion-and-Classification\backend\router\routed_documents\others
2025-08-07 10:50:07 - router - INFO - File copied successfully to: D:\Langs\Team_Docs\Local working prototype\Document-Ingestion-and-Classification\backend\router\routed_documents\others\07-08-2025.png
2025-08-07 10:50:07 - router - INFO - Doc '2fe43b64-23c8-4708-bdca-6d29cc2be2a9' routed to 'others'. Reason: High confidence (0.70) but 'business proposal' not in defined routes - routed to 'others'.
2025-08-07 10:50:08 - router - INFO - Received new message from Kafka: doc_id '9b773103-eb04-4db4-b82c-5be80a89c435'
2025-08-07 10:50:08 - router - INFO - Created/ensured folder exists: D:\Langs\Team_Docs\Local working prototype\Document-Ingestion-and-Classification\backend\router\routed_documents\others
2025-08-07 10:50:08 - router - INFO - File copied successfully to: D:\Langs\Team_Docs\Local working prototype\Document-Ingestion-and-Classification\backend\router\routed_documents\others\WhatsApp Image 2025-08-06 at 21.05.26_d14b8af2.jpg
2025-08-07 10:50:08 - router - INFO - Doc '9b773103-eb04-4db4-b82c-5be80a89c435' routed to 'others'. Reason: High confidence (0.70) but 'brochure' not in defined routes - routed to 'others'.
2025-08-07 10:50:08 - router - INFO - Received new message from Kafka: doc_id 'b28f89f2-df4c-4a7a-b67e-1ab10dfe9a73'
2025-08-07 10:50:09 - router - INFO - Created/ensured folder exists: D:\Langs\Team_Docs\Local working prototype\Document-Ingestion-and-Classification\backend\router\routed_documents\others
2025-08-07 10:50:09 - router - INFO - File copied successfully to: D:\Langs\Team_Docs\Local working prototype\Document-Ingestion-and-Classification\backend\router\routed_documents\others\WhatsApp Image 2025-08-06 at 21.05.26_d14b8af2.jpg
2025-08-07 10:50:09 - router - INFO - Doc 'b28f89f2-df4c-4a7a-b67e-1ab10dfe9a73' routed to 'others'. Reason: High confidence (0.70) but 'brochure' not in defined routes - routed to 'others'.
2025-08-07 11:01:28 - router - INFO - Router agent starting...
2025-08-07 11:01:28 - router - INFO - Routes configuration reloaded successfully
2025-08-07 11:01:28 - router - INFO - Active routes: {'resume': 'resumes', 'cv': 'resumes', 'receipt': 'receipts', 'invoice': 'invoices', 'bill': 'bills'}
2025-08-07 11:01:28 - router - INFO - Default folder: others, Needs action folder: needs_action
2025-08-07 11:01:28 - router - INFO - Routing configuration loaded:
2025-08-07 11:01:28 - router - INFO -   - Document routes: {'resume': 'resumes', 'cv': 'resumes', 'receipt': 'receipts', 'invoice': 'invoices', 'bill': 'bills'}
2025-08-07 11:01:28 - router - INFO -   - Default folder: others
2025-08-07 11:01:28 - router - INFO -   - Needs action folder: needs_action
2025-08-07 11:01:28 - router - INFO -   - Confidence threshold: 0.7
2025-08-07 11:01:28 - router - INFO -   - Allowed folders: {'invoices', 'resumes', 'needs_action', 'others', 'bills', 'receipts'}
2025-08-07 11:01:28 - router - INFO - Database connection established
2025-08-07 11:01:28 - router - INFO - Successfully connected to Kafka. Listening on topic 'doc.classified'...
2025-08-07 11:33:22 - router - INFO - Router agent starting...
2025-08-07 11:33:22 - router - INFO - Routes configuration reloaded successfully
2025-08-07 11:33:22 - router - INFO - Active routes: {'resume': 'resumes', 'cv': 'resumes', 'receipt': 'receipts', 'invoice': 'invoices', 'bill': 'bills'}
2025-08-07 11:33:22 - router - INFO - Default folder: others, Needs action folder: needs_action
2025-08-07 11:33:22 - router - INFO - Routing configuration loaded:
2025-08-07 11:33:22 - router - INFO -   - Document routes: {'resume': 'resumes', 'cv': 'resumes', 'receipt': 'receipts', 'invoice': 'invoices', 'bill': 'bills'}
2025-08-07 11:33:22 - router - INFO -   - Default folder: others
2025-08-07 11:33:22 - router - INFO -   - Needs action folder: needs_action
2025-08-07 11:33:22 - router - INFO -   - Confidence threshold: 0.7
2025-08-07 11:33:22 - router - INFO -   - Allowed folders: {'resumes', 'bills', 'others', 'needs_action', 'receipts', 'invoices'}
2025-08-07 11:33:22 - router - INFO - Database connection established
2025-08-07 11:33:22 - router - INFO - Successfully connected to Kafka. Listening on topic 'doc.classified'...
2025-08-07 11:41:29 - router - INFO - Router agent starting...
2025-08-07 11:41:29 - router - INFO - Routes configuration reloaded successfully
2025-08-07 11:41:29 - router - INFO - Active routes: {'resume': 'resumes', 'cv': 'resumes', 'receipt': 'receipts', 'invoice': 'invoices', 'bill': 'bills'}
2025-08-07 11:41:29 - router - INFO - Default folder: others, Needs action folder: needs_action
2025-08-07 11:41:29 - router - INFO - Routing configuration loaded:
2025-08-07 11:41:29 - router - INFO -   - Document routes: {'resume': 'resumes', 'cv': 'resumes', 'receipt': 'receipts', 'invoice': 'invoices', 'bill': 'bills'}
2025-08-07 11:41:29 - router - INFO -   - Default folder: others
2025-08-07 11:41:29 - router - INFO -   - Needs action folder: needs_action
2025-08-07 11:41:29 - router - INFO -   - Confidence threshold: 0.7
2025-08-07 11:41:29 - router - INFO -   - Allowed folders: {'invoices', 'needs_action', 'others', 'resumes', 'receipts', 'bills'}
2025-08-07 11:41:29 - router - INFO - Database connection established
2025-08-07 11:41:29 - router - INFO - Successfully connected to Kafka. Listening on topic 'doc.classified'...
2025-08-07 11:45:33 - router - INFO - Received new message from Kafka: doc_id '6c83a8cb-787b-4d1e-89e4-82907e2607e5'
2025-08-07 11:45:33 - router - INFO - Created/ensured folder exists: D:\Langs\Team_Docs\Local working prototype\Document-Ingestion-and-Classification\backend\router\routed_documents\resumes
2025-08-07 11:45:33 - router - INFO - File copied successfully to: D:\Langs\Team_Docs\Local working prototype\Document-Ingestion-and-Classification\backend\router\routed_documents\resumes\Final Resume 211722104037.pdf
2025-08-07 11:45:33 - router - INFO - Doc '6c83a8cb-787b-4d1e-89e4-82907e2607e5' routed to 'resumes'. Reason: High confidence (0.70) - routed to 'resumes' (mapped from 'resume').
2025-08-07 11:45:34 - router - INFO - Received new message from Kafka: doc_id '86e92abb-699b-4bdb-b31e-093429ae4594'
2025-08-07 11:45:34 - router - INFO - Created/ensured folder exists: D:\Langs\Team_Docs\Local working prototype\Document-Ingestion-and-Classification\backend\router\routed_documents\resumes
2025-08-07 11:45:34 - router - INFO - File copied successfully to: D:\Langs\Team_Docs\Local working prototype\Document-Ingestion-and-Classification\backend\router\routed_documents\resumes\Final Resume 211722104037.pdf
2025-08-07 11:45:34 - router - INFO - Doc '86e92abb-699b-4bdb-b31e-093429ae4594' routed to 'resumes'. Reason: High confidence (0.70) - routed to 'resumes' (mapped from 'resume').
2025-08-07 12:50:27 - router - INFO - Router agent starting...
2025-08-07 12:50:27 - router - INFO - Routes configuration reloaded successfully
2025-08-07 12:50:27 - router - INFO - Active routes: {'resume': 'resumes', 'cv': 'resumes', 'receipt': 'receipts', 'invoice': 'invoices', 'bill': 'bills'}
2025-08-07 12:50:27 - router - INFO - Default folder: others, Needs action folder: needs_action
2025-08-07 12:50:27 - router - INFO - Routing configuration loaded:
2025-08-07 12:50:27 - router - INFO -   - Document routes: {'resume': 'resumes', 'cv': 'resumes', 'receipt': 'receipts', 'invoice': 'invoices', 'bill': 'bills'}
2025-08-07 12:50:27 - router - INFO -   - Default folder: others
2025-08-07 12:50:27 - router - INFO -   - Needs action folder: needs_action
2025-08-07 12:50:27 - router - INFO -   - Confidence threshold: 0.7
2025-08-07 12:50:27 - router - INFO -   - Allowed folders: {'bills', 'resumes', 'needs_action', 'others', 'receipts', 'invoices'}
2025-08-07 12:50:27 - router - INFO - Database connection established
2025-08-07 12:50:27 - router - INFO - Successfully connected to Kafka. Listening on topic 'doc.classified'...
2025-08-07 13:22:05 - router - INFO - Router agent starting...
2025-08-07 13:22:05 - router - INFO - Routes configuration reloaded successfully
2025-08-07 13:22:05 - router - INFO - Active routes: {'resume': 'resumes', 'cv': 'resumes', 'receipt': 'receipts', 'invoice': 'invoices', 'bill': 'bills'}
2025-08-07 13:22:05 - router - INFO - Default folder: others, Needs action folder: needs_action
2025-08-07 13:22:05 - router - INFO - Routing configuration loaded:
2025-08-07 13:22:05 - router - INFO -   - Document routes: {'resume': 'resumes', 'cv': 'resumes', 'receipt': 'receipts', 'invoice': 'invoices', 'bill': 'bills'}
2025-08-07 13:22:05 - router - INFO -   - Default folder: others
2025-08-07 13:22:05 - router - INFO -   - Needs action folder: needs_action
2025-08-07 13:22:05 - router - INFO -   - Confidence threshold: 0.7
2025-08-07 13:22:05 - router - INFO -   - Allowed folders: {'bills', 'receipts', 'resumes', 'invoices', 'needs_action', 'others'}
2025-08-07 13:22:05 - router - INFO - Database connection established
2025-08-07 13:22:07 - router - ERROR - Could not connect to Kafka. Please ensure Kafka is running.
Traceback (most recent call last):
  File "D:\Langs\Team_Docs\Local working prototype\Document-Ingestion-and-Classification\backend\router\router.py", line 228, in <module>
    consumer = KafkaConsumer(
               ^^^^^^^^^^^^^^
  File "D:\Langs\Team_Docs\Local working prototype\Document-Ingestion-and-Classification\backend\venv\Lib\site-packages\kafka\consumer\group.py", line 387, in __init__
    self._client = self.config['kafka_client'](metrics=self._metrics, **self.config)
                   ^^^^^^^^^^^^^^^^^^^^^^^^^^^^^^^^^^^^^^^^^^^^^^^^^^^^^^^^^^^^^^^^^
  File "D:\Langs\Team_Docs\Local working prototype\Document-Ingestion-and-Classification\backend\venv\Lib\site-packages\kafka\client_async.py", line 262, in __init__
    self.config['api_version'] = self.check_version()
                                 ^^^^^^^^^^^^^^^^^^^^
  File "D:\Langs\Team_Docs\Local working prototype\Document-Ingestion-and-Classification\backend\venv\Lib\site-packages\kafka\client_async.py", line 1074, in check_version
    raise Errors.NoBrokersAvailable()
kafka.errors.NoBrokersAvailable: NoBrokersAvailable
2025-08-07 13:23:46 - router - INFO - Router agent starting...
2025-08-07 13:23:46 - router - INFO - Routes configuration reloaded successfully
2025-08-07 13:23:46 - router - INFO - Active routes: {'resume': 'resumes', 'cv': 'resumes', 'receipt': 'receipts', 'invoice': 'invoices', 'bill': 'bills'}
2025-08-07 13:23:46 - router - INFO - Default folder: others, Needs action folder: needs_action
2025-08-07 13:23:46 - router - INFO - Routing configuration loaded:
2025-08-07 13:23:46 - router - INFO -   - Document routes: {'resume': 'resumes', 'cv': 'resumes', 'receipt': 'receipts', 'invoice': 'invoices', 'bill': 'bills'}
2025-08-07 13:23:46 - router - INFO -   - Default folder: others
2025-08-07 13:23:46 - router - INFO -   - Needs action folder: needs_action
2025-08-07 13:23:46 - router - INFO -   - Confidence threshold: 0.7
2025-08-07 13:23:46 - router - INFO -   - Allowed folders: {'invoices', 'receipts', 'resumes', 'needs_action', 'bills', 'others'}
2025-08-07 13:23:46 - router - INFO - Database connection established
2025-08-07 13:23:46 - router - INFO - Successfully connected to Kafka. Listening on topic 'doc.classified'...
2025-08-07 13:44:02 - router - INFO - Router agent starting...
2025-08-07 13:44:02 - router - INFO - Routes configuration reloaded successfully
2025-08-07 13:44:02 - router - INFO - Active routes: {'resume': 'resumes', 'cv': 'resumes', 'receipt': 'receipts', 'invoice': 'invoices', 'bill': 'bills'}
2025-08-07 13:44:02 - router - INFO - Default folder: others, Needs action folder: needs_action
2025-08-07 13:44:02 - router - INFO - Routing configuration loaded:
2025-08-07 13:44:02 - router - INFO -   - Document routes: {'resume': 'resumes', 'cv': 'resumes', 'receipt': 'receipts', 'invoice': 'invoices', 'bill': 'bills'}
2025-08-07 13:44:02 - router - INFO -   - Default folder: others
2025-08-07 13:44:02 - router - INFO -   - Needs action folder: needs_action
2025-08-07 13:44:02 - router - INFO -   - Confidence threshold: 0.7
2025-08-07 13:44:02 - router - INFO -   - Allowed folders: {'receipts', 'invoices', 'needs_action', 'others', 'bills', 'resumes'}
2025-08-07 13:44:02 - router - INFO - Database connection established
2025-08-07 13:44:02 - router - INFO - Successfully connected to Kafka. Listening on topic 'doc.classified'...
2025-08-07 13:45:57 - router - INFO - Router agent starting...
2025-08-07 13:45:57 - router - INFO - Routes configuration reloaded successfully
2025-08-07 13:45:57 - router - INFO - Active routes: {'resume': 'resumes', 'cv': 'resumes', 'receipt': 'receipts', 'invoice': 'invoices', 'bill': 'bills'}
2025-08-07 13:45:57 - router - INFO - Default folder: others, Needs action folder: needs_action
2025-08-07 13:45:57 - router - INFO - Routing configuration loaded:
2025-08-07 13:45:57 - router - INFO -   - Document routes: {'resume': 'resumes', 'cv': 'resumes', 'receipt': 'receipts', 'invoice': 'invoices', 'bill': 'bills'}
2025-08-07 13:45:57 - router - INFO -   - Default folder: others
2025-08-07 13:45:57 - router - INFO -   - Needs action folder: needs_action
2025-08-07 13:45:57 - router - INFO -   - Confidence threshold: 0.7
2025-08-07 13:45:57 - router - INFO -   - Allowed folders: {'bills', 'receipts', 'resumes', 'others', 'needs_action', 'invoices'}
2025-08-07 13:45:57 - router - INFO - Database connection established
2025-08-07 13:45:57 - router - INFO - Successfully connected to Kafka. Listening on topic 'doc.classified'...
2025-08-07 13:46:31 - router - INFO - Received new message from Kafka: doc_id 'c6c2f66e-26c3-4d28-8253-956bf2de67de'
2025-08-07 13:46:31 - router - INFO - Created/ensured folder exists: D:\Langs\Team_Docs\Local working prototype\Document-Ingestion-and-Classification\backend\router\routed_documents\others
2025-08-07 13:46:31 - router - INFO - File copied successfully to: D:\Langs\Team_Docs\Local working prototype\Document-Ingestion-and-Classification\backend\router\routed_documents\others\Format - Student Project - 2025.docx
2025-08-07 13:46:31 - router - INFO - Doc 'c6c2f66e-26c3-4d28-8253-956bf2de67de' routed to 'others'. Reason: High confidence (0.70) but 'business proposal' not in defined routes - routed to 'others'.
2025-08-07 13:46:31 - router - INFO - Received new message from Kafka: doc_id 'b65567ef-00a2-4bcf-9406-24db3964ff70'
2025-08-07 13:46:31 - router - INFO - Created/ensured folder exists: D:\Langs\Team_Docs\Local working prototype\Document-Ingestion-and-Classification\backend\router\routed_documents\others
2025-08-07 13:46:31 - router - INFO - File copied successfully to: D:\Langs\Team_Docs\Local working prototype\Document-Ingestion-and-Classification\backend\router\routed_documents\others\Format - Student Project - 2025.docx
2025-08-07 13:46:31 - router - INFO - Doc 'b65567ef-00a2-4bcf-9406-24db3964ff70' routed to 'others'. Reason: High confidence (0.70) but 'business proposal' not in defined routes - routed to 'others'.
2025-08-07 13:46:31 - router - INFO - Received new message from Kafka: doc_id 'fbe6abb1-9bd9-49e6-b135-287ba4805d7b'
2025-08-07 13:46:31 - router - INFO - Created/ensured folder exists: D:\Langs\Team_Docs\Local working prototype\Document-Ingestion-and-Classification\backend\router\routed_documents\others
2025-08-07 13:46:31 - router - INFO - File copied successfully to: D:\Langs\Team_Docs\Local working prototype\Document-Ingestion-and-Classification\backend\router\routed_documents\others\RIT GIFT Guidelines.docx
2025-08-07 13:46:31 - router - INFO - Doc 'fbe6abb1-9bd9-49e6-b135-287ba4805d7b' routed to 'others'. Reason: High confidence (0.70) but 'business proposal' not in defined routes - routed to 'others'.
2025-08-07 13:46:32 - router - INFO - Received new message from Kafka: doc_id '56063dcc-3e04-4c9e-bfd0-962ed2ea99ad'
2025-08-07 13:46:32 - router - INFO - Created/ensured folder exists: D:\Langs\Team_Docs\Local working prototype\Document-Ingestion-and-Classification\backend\router\routed_documents\others
2025-08-07 13:46:32 - router - INFO - File copied successfully to: D:\Langs\Team_Docs\Local working prototype\Document-Ingestion-and-Classification\backend\router\routed_documents\others\RIT GIFT Guidelines.docx
2025-08-07 13:46:32 - router - INFO - Doc '56063dcc-3e04-4c9e-bfd0-962ed2ea99ad' routed to 'others'. Reason: High confidence (0.70) but 'business proposal' not in defined routes - routed to 'others'.
2025-08-07 13:51:25 - router - INFO - Received new message from Kafka: doc_id '9a13e9b1-1b41-4527-a96b-b1717131f8be'
2025-08-07 13:51:26 - router - INFO - Created/ensured folder exists: D:\Langs\Team_Docs\Local working prototype\Document-Ingestion-and-Classification\backend\router\routed_documents\others
2025-08-07 13:51:26 - router - INFO - File copied successfully to: D:\Langs\Team_Docs\Local working prototype\Document-Ingestion-and-Classification\backend\router\routed_documents\others\Document Ingestion & Classification.pdf
2025-08-07 13:51:26 - router - INFO - Doc '9a13e9b1-1b41-4527-a96b-b1717131f8be' routed to 'others'. Reason: High confidence (0.70) but 'technical' not in defined routes - routed to 'others'.
2025-08-07 13:51:26 - router - INFO - Received new message from Kafka: doc_id 'a7706ebd-fb15-4de6-8039-123c733ebb6d'
2025-08-07 13:51:26 - router - INFO - Created/ensured folder exists: D:\Langs\Team_Docs\Local working prototype\Document-Ingestion-and-Classification\backend\router\routed_documents\others
2025-08-07 13:51:26 - router - INFO - File copied successfully to: D:\Langs\Team_Docs\Local working prototype\Document-Ingestion-and-Classification\backend\router\routed_documents\others\Document Ingestion & Classification.pdf
2025-08-07 13:51:26 - router - INFO - Doc 'a7706ebd-fb15-4de6-8039-123c733ebb6d' routed to 'others'. Reason: High confidence (0.70) but 'technical' not in defined routes - routed to 'others'.
2025-08-07 13:53:19 - router - INFO - Received new message from Kafka: doc_id 'e6b79f8a-f428-4fe0-9fc5-e5b7a088fbc4'
2025-08-07 13:53:19 - router - INFO - Created/ensured folder exists: D:\Langs\Team_Docs\Local working prototype\Document-Ingestion-and-Classification\backend\router\routed_documents\others
2025-08-07 13:53:19 - router - INFO - File copied successfully to: D:\Langs\Team_Docs\Local working prototype\Document-Ingestion-and-Classification\backend\router\routed_documents\others\Results.pdf
2025-08-07 13:53:19 - router - INFO - Doc 'e6b79f8a-f428-4fe0-9fc5-e5b7a088fbc4' routed to 'others'. Reason: High confidence (0.76) but 'marksheet' not in defined routes - routed to 'others'.
2025-08-07 13:53:20 - router - INFO - Received new message from Kafka: doc_id '8d3e2009-f237-4793-98d3-775245a71427'
2025-08-07 13:53:20 - router - INFO - Created/ensured folder exists: D:\Langs\Team_Docs\Local working prototype\Document-Ingestion-and-Classification\backend\router\routed_documents\others
2025-08-07 13:53:20 - router - INFO - File copied successfully to: D:\Langs\Team_Docs\Local working prototype\Document-Ingestion-and-Classification\backend\router\routed_documents\others\Results.pdf
2025-08-07 13:53:20 - router - INFO - Doc '8d3e2009-f237-4793-98d3-775245a71427' routed to 'others'. Reason: High confidence (0.76) but 'marksheet' not in defined routes - routed to 'others'.
2025-08-07 13:53:20 - router - INFO - Received new message from Kafka: doc_id '6ef5f6d0-1773-4227-9550-78bd9b109c3f'
2025-08-07 13:53:20 - router - INFO - Created/ensured folder exists: D:\Langs\Team_Docs\Local working prototype\Document-Ingestion-and-Classification\backend\router\routed_documents\invoices
2025-08-07 13:53:20 - router - INFO - File copied successfully to: D:\Langs\Team_Docs\Local working prototype\Document-Ingestion-and-Classification\backend\router\routed_documents\invoices\sample-invoice.pdf
2025-08-07 13:53:20 - router - INFO - Doc '6ef5f6d0-1773-4227-9550-78bd9b109c3f' routed to 'invoices'. Reason: High confidence (0.70) - routed to 'invoices' (mapped from 'invoice').
2025-08-07 13:53:21 - router - INFO - Received new message from Kafka: doc_id '41ea6afc-db73-4219-a498-b5e8b04ebe84'
2025-08-07 13:53:21 - router - INFO - Created/ensured folder exists: D:\Langs\Team_Docs\Local working prototype\Document-Ingestion-and-Classification\backend\router\routed_documents\invoices
2025-08-07 13:53:21 - router - INFO - File copied successfully to: D:\Langs\Team_Docs\Local working prototype\Document-Ingestion-and-Classification\backend\router\routed_documents\invoices\sample-invoice.pdf
2025-08-07 13:53:21 - router - INFO - Doc '41ea6afc-db73-4219-a498-b5e8b04ebe84' routed to 'invoices'. Reason: High confidence (0.70) - routed to 'invoices' (mapped from 'invoice').
2025-08-07 14:04:05 - router - INFO - Router agent starting...
2025-08-07 14:04:05 - router - INFO - Routes configuration reloaded successfully
2025-08-07 14:04:05 - router - INFO - Active routes: {'resume': 'resumes', 'cv': 'resumes', 'receipt': 'receipts', 'invoice': 'invoices', 'bill': 'bills'}
2025-08-07 14:04:05 - router - INFO - Default folder: others, Needs action folder: needs_action
2025-08-07 14:04:05 - router - INFO - Routing configuration loaded:
2025-08-07 14:04:05 - router - INFO -   - Document routes: {'resume': 'resumes', 'cv': 'resumes', 'receipt': 'receipts', 'invoice': 'invoices', 'bill': 'bills'}
2025-08-07 14:04:05 - router - INFO -   - Default folder: others
2025-08-07 14:04:05 - router - INFO -   - Needs action folder: needs_action
2025-08-07 14:04:05 - router - INFO -   - Confidence threshold: 0.7
2025-08-07 14:04:05 - router - INFO -   - Allowed folders: {'invoices', 'bills', 'resumes', 'needs_action', 'receipts', 'others'}
2025-08-07 14:04:05 - router - INFO - Database connection established
2025-08-07 14:04:05 - router - INFO - Successfully connected to Kafka. Listening on topic 'doc.classified'...
2025-08-07 14:04:16 - router - INFO - Received new message from Kafka: doc_id 'bbda3fdb-9303-4918-b933-7ac9700b00cd'
2025-08-07 14:04:16 - router - INFO - Created/ensured folder exists: D:\Langs\Team_Docs\Local working prototype\Document-Ingestion-and-Classification\backend\router\routed_documents\invoices
2025-08-07 14:04:16 - router - INFO - File copied successfully to: D:\Langs\Team_Docs\Local working prototype\Document-Ingestion-and-Classification\backend\router\routed_documents\invoices\sample-invoice.pdf
2025-08-07 14:04:16 - router - INFO - Doc 'bbda3fdb-9303-4918-b933-7ac9700b00cd' routed to 'invoices'. Reason: High confidence (0.70) - routed to 'invoices' (mapped from 'invoice').
2025-08-07 14:07:36 - router - INFO - Received new message from Kafka: doc_id '60613efe-68eb-40c8-a931-e17d1162c9fc'
2025-08-07 14:07:37 - router - INFO - Created/ensured folder exists: D:\Langs\Team_Docs\Local working prototype\Document-Ingestion-and-Classification\backend\router\routed_documents\others
2025-08-07 14:07:37 - router - INFO - File copied successfully to: D:\Langs\Team_Docs\Local working prototype\Document-Ingestion-and-Classification\backend\router\routed_documents\others\nationaltravels.co.in_booking-confirm.html_pnr_number5828329cms_status0emailkumar010370gmail.com.pdf
2025-08-07 14:07:37 - router - INFO - Doc '60613efe-68eb-40c8-a931-e17d1162c9fc' routed to 'others'. Reason: High confidence (0.70) but 'train ticket' not in defined routes - routed to 'others'.
2025-08-07 14:07:38 - router - INFO - Received new message from Kafka: doc_id 'c4fd0bec-8be4-4c09-b859-9dd2298cefe9'
2025-08-07 14:07:38 - router - INFO - Created/ensured folder exists: D:\Langs\Team_Docs\Local working prototype\Document-Ingestion-and-Classification\backend\router\routed_documents\others
2025-08-07 14:07:38 - router - INFO - File copied successfully to: D:\Langs\Team_Docs\Local working prototype\Document-Ingestion-and-Classification\backend\router\routed_documents\others\nationaltravels.co.in_booking-confirm.html_pnr_number5828329cms_status0emailkumar010370gmail.com.pdf
2025-08-07 14:07:38 - router - INFO - Doc 'c4fd0bec-8be4-4c09-b859-9dd2298cefe9' routed to 'others'. Reason: High confidence (0.70) but 'train ticket' not in defined routes - routed to 'others'.
2025-08-07 14:08:01 - router - INFO - Received new message from Kafka: doc_id '0a850824-b903-4930-a378-e6c81cb145a9'
2025-08-07 14:08:01 - router - INFO - Created/ensured folder exists: D:\Langs\Team_Docs\Local working prototype\Document-Ingestion-and-Classification\backend\router\routed_documents\others
2025-08-07 14:08:01 - router - INFO - File copied successfully to: D:\Langs\Team_Docs\Local working prototype\Document-Ingestion-and-Classification\backend\router\routed_documents\others\CRUDOperationsinMongoDB_Badge20250620-27-jt9xd8.pdf
2025-08-07 14:08:01 - router - INFO - Doc '0a850824-b903-4930-a378-e6c81cb145a9' routed to 'others'. Reason: High confidence (0.70) but 'prescription' not in defined routes - routed to 'others'.
2025-08-07 14:08:02 - router - INFO - Received new message from Kafka: doc_id '26da02fc-fd4a-4f9b-8de4-22da185feae5'
2025-08-07 14:08:02 - router - INFO - Created/ensured folder exists: D:\Langs\Team_Docs\Local working prototype\Document-Ingestion-and-Classification\backend\router\routed_documents\others
2025-08-07 14:08:02 - router - INFO - File copied successfully to: D:\Langs\Team_Docs\Local working prototype\Document-Ingestion-and-Classification\backend\router\routed_documents\others\BuildingAI-PoweredSearchwithMongoDBVectorSearch_Badge20250620-27-bqobga.pdf
2025-08-07 14:08:02 - router - INFO - Doc '26da02fc-fd4a-4f9b-8de4-22da185feae5' routed to 'others'. Reason: High confidence (0.70) but 'brochure' not in defined routes - routed to 'others'.
2025-08-07 14:08:04 - router - INFO - Received new message from Kafka: doc_id '44dbe501-665a-4784-9ed2-4750bd756758'
2025-08-07 14:08:04 - router - INFO - Created/ensured folder exists: D:\Langs\Team_Docs\Local working prototype\Document-Ingestion-and-Classification\backend\router\routed_documents\others
2025-08-07 14:08:04 - router - INFO - File copied successfully to: D:\Langs\Team_Docs\Local working prototype\Document-Ingestion-and-Classification\backend\router\routed_documents\others\FromRelationalModelSQLtoMongoDBsDocumentModel_Badge20250620-26-c3iwpo.pdf
2025-08-07 14:08:04 - router - INFO - Doc '44dbe501-665a-4784-9ed2-4750bd756758' routed to 'others'. Reason: High confidence (0.70) but 'technical' not in defined routes - routed to 'others'.
2025-08-07 14:08:12 - router - INFO - Received new message from Kafka: doc_id 'fda1e8ce-64cb-4f48-ac31-2e7463b08f8a'
2025-08-07 14:08:12 - router - INFO - Created/ensured folder exists: D:\Langs\Team_Docs\Local working prototype\Document-Ingestion-and-Classification\backend\router\routed_documents\resumes
2025-08-07 14:08:12 - router - INFO - File copied successfully to: D:\Langs\Team_Docs\Local working prototype\Document-Ingestion-and-Classification\backend\router\routed_documents\resumes\GODWIN_JUDAH_J_RESUME_-_GODWIN_JUDAH_J.pdf
2025-08-07 14:08:12 - router - INFO - Doc 'fda1e8ce-64cb-4f48-ac31-2e7463b08f8a' routed to 'resumes'. Reason: High confidence (0.70) - routed to 'resumes' (mapped from 'resume').
2025-08-07 14:08:15 - router - INFO - Received new message from Kafka: doc_id '277de8df-2410-460e-9257-b898cab789d8'
2025-08-07 14:08:15 - router - INFO - Created/ensured folder exists: D:\Langs\Team_Docs\Local working prototype\Document-Ingestion-and-Classification\backend\router\routed_documents\others
2025-08-07 14:08:15 - router - INFO - File copied successfully to: D:\Langs\Team_Docs\Local working prototype\Document-Ingestion-and-Classification\backend\router\routed_documents\others\Intel_AI_Reference_Kits.pdf
2025-08-07 14:08:15 - router - INFO - Doc '277de8df-2410-460e-9257-b898cab789d8' routed to 'others'. Reason: High confidence (0.70) but 'business pitch deck' not in defined routes - routed to 'others'.
2025-08-07 14:08:16 - router - INFO - Received new message from Kafka: doc_id '91d344e4-db22-4e10-a542-e0c76917c72a'
2025-08-07 14:08:16 - router - INFO - Created/ensured folder exists: D:\Langs\Team_Docs\Local working prototype\Document-Ingestion-and-Classification\backend\router\routed_documents\others
2025-08-07 14:08:16 - router - INFO - File copied successfully to: D:\Langs\Team_Docs\Local working prototype\Document-Ingestion-and-Classification\backend\router\routed_documents\others\CRUDOperationsinMongoDB_Badge20250620-27-jt9xd8.pdf
2025-08-07 14:08:16 - router - INFO - Doc '91d344e4-db22-4e10-a542-e0c76917c72a' routed to 'others'. Reason: High confidence (0.70) but 'prescription' not in defined routes - routed to 'others'.
2025-08-07 14:08:16 - router - INFO - Received new message from Kafka: doc_id 'a91cf99c-3962-4874-aa02-ee2d9db6d915'
2025-08-07 14:08:16 - router - INFO - Created/ensured folder exists: D:\Langs\Team_Docs\Local working prototype\Document-Ingestion-and-Classification\backend\router\routed_documents\others
2025-08-07 14:08:16 - router - INFO - File copied successfully to: D:\Langs\Team_Docs\Local working prototype\Document-Ingestion-and-Classification\backend\router\routed_documents\others\JAYA_SHREE_RESUME_3_-_JAYA_SHREE_P.pdf
2025-08-07 14:08:16 - router - INFO - Doc 'a91cf99c-3962-4874-aa02-ee2d9db6d915' routed to 'others'. Reason: High confidence (0.70) but 'advertisement' not in defined routes - routed to 'others'.
2025-08-07 14:08:17 - router - INFO - Received new message from Kafka: doc_id '82197557-06fd-4fc4-9ad9-e0546be347c6'
2025-08-07 14:08:17 - router - INFO - Created/ensured folder exists: D:\Langs\Team_Docs\Local working prototype\Document-Ingestion-and-Classification\backend\router\routed_documents\resumes
2025-08-07 14:08:17 - router - INFO - File copied successfully to: D:\Langs\Team_Docs\Local working prototype\Document-Ingestion-and-Classification\backend\router\routed_documents\resumes\JAYASHREE-resume_-_JAYASHREE_R.pdf
2025-08-07 14:08:17 - router - INFO - Doc '82197557-06fd-4fc4-9ad9-e0546be347c6' routed to 'resumes'. Reason: High confidence (0.70) - routed to 'resumes' (mapped from 'resume').
2025-08-07 14:08:22 - router - INFO - Received new message from Kafka: doc_id '4f826c09-18c0-4225-9b5a-8844ed1e6188'
2025-08-07 14:08:22 - router - INFO - Created/ensured folder exists: D:\Langs\Team_Docs\Local working prototype\Document-Ingestion-and-Classification\backend\router\routed_documents\others
2025-08-07 14:08:22 - router - INFO - File copied successfully to: D:\Langs\Team_Docs\Local working prototype\Document-Ingestion-and-Classification\backend\router\routed_documents\others\MongoDBAdvancedSchemaDesignPatternsandAntipatternsSkillBadge_Badge20250620-25-quwb1l.pdf
2025-08-07 14:08:22 - router - INFO - Doc '4f826c09-18c0-4225-9b5a-8844ed1e6188' routed to 'others'. Reason: High confidence (0.70) but 'brochure' not in defined routes - routed to 'others'.
2025-08-07 14:08:22 - router - INFO - Received new message from Kafka: doc_id 'ce1e8c2e-e95c-4194-b7d2-75a2fc561684'
2025-08-07 14:08:23 - router - INFO - Created/ensured folder exists: D:\Langs\Team_Docs\Local working prototype\Document-Ingestion-and-Classification\backend\router\routed_documents\others
2025-08-07 14:08:23 - router - INFO - File copied successfully to: D:\Langs\Team_Docs\Local working prototype\Document-Ingestion-and-Classification\backend\router\routed_documents\others\MongoDBBasicsforStudents_Badge20250620-29-jwwbtq.pdf
2025-08-07 14:08:23 - router - INFO - Doc 'ce1e8c2e-e95c-4194-b7d2-75a2fc561684' routed to 'others'. Reason: High confidence (0.70) but 'prescription' not in defined routes - routed to 'others'.
2025-08-07 14:08:23 - router - INFO - Received new message from Kafka: doc_id 'b0ad687c-c26a-40c2-b6b1-58c561c71cca'
2025-08-07 14:08:23 - router - INFO - Created/ensured folder exists: D:\Langs\Team_Docs\Local working prototype\Document-Ingestion-and-Classification\backend\router\routed_documents\others
2025-08-07 14:08:23 - router - INFO - File copied successfully to: D:\Langs\Team_Docs\Local working prototype\Document-Ingestion-and-Classification\backend\router\routed_documents\others\MongoDBAggregationFundamentals_Badge20250620-27-bg2ih1.pdf
2025-08-07 14:08:23 - router - INFO - Doc 'b0ad687c-c26a-40c2-b6b1-58c561c71cca' routed to 'others'. Reason: High confidence (0.70) but 'prescription' not in defined routes - routed to 'others'.
2025-08-07 14:08:24 - router - INFO - Received new message from Kafka: doc_id '2ec43a3f-65e0-4416-a5dc-39473b407d02'
2025-08-07 14:08:24 - router - INFO - Created/ensured folder exists: D:\Langs\Team_Docs\Local working prototype\Document-Ingestion-and-Classification\backend\router\routed_documents\others
2025-08-07 14:08:24 - router - INFO - File copied successfully to: D:\Langs\Team_Docs\Local working prototype\Document-Ingestion-and-Classification\backend\router\routed_documents\others\MongoDBQueryOptimizationTechniques_Badge20250620-25-uqulmn.pdf
2025-08-07 14:08:24 - router - INFO - Doc '2ec43a3f-65e0-4416-a5dc-39473b407d02' routed to 'others'. Reason: High confidence (0.70) but 'prescription' not in defined routes - routed to 'others'.
2025-08-07 14:08:24 - router - INFO - Received new message from Kafka: doc_id 'fa348c8d-8225-4f1c-9c96-2204698431b0'
2025-08-07 14:08:24 - router - INFO - Created/ensured folder exists: D:\Langs\Team_Docs\Local working prototype\Document-Ingestion-and-Classification\backend\router\routed_documents\others
2025-08-07 14:08:24 - router - INFO - File copied successfully to: D:\Langs\Team_Docs\Local working prototype\Document-Ingestion-and-Classification\backend\router\routed_documents\others\MongoDBSchemaDesignOptimizationSkillBadge_Badge20250620-24-g7xmz9.pdf
2025-08-07 14:08:24 - router - INFO - Doc 'fa348c8d-8225-4f1c-9c96-2204698431b0' routed to 'others'. Reason: High confidence (0.70) but 'prescription' not in defined routes - routed to 'others'.
2025-08-07 14:08:25 - router - INFO - Received new message from Kafka: doc_id '22bca3c3-c5af-409a-9b0d-3019453bc2f0'
2025-08-07 14:08:25 - router - INFO - Created/ensured folder exists: D:\Langs\Team_Docs\Local working prototype\Document-Ingestion-and-Classification\backend\router\routed_documents\others
2025-08-07 14:08:25 - router - INFO - File copied successfully to: D:\Langs\Team_Docs\Local working prototype\Document-Ingestion-and-Classification\backend\router\routed_documents\others\MongoDBSchemaDesignPatternsandAntipatternsSkillBadge_Badge20250620-27-v47272.pdf
2025-08-07 14:08:25 - router - INFO - Doc '22bca3c3-c5af-409a-9b0d-3019453bc2f0' routed to 'others'. Reason: High confidence (0.70) but 'brochure' not in defined routes - routed to 'others'.
2025-08-07 14:08:25 - router - INFO - Received new message from Kafka: doc_id '2c64806c-0958-4c70-b26d-a705051c5b06'
2025-08-07 14:08:25 - router - INFO - Created/ensured folder exists: D:\Langs\Team_Docs\Local working prototype\Document-Ingestion-and-Classification\backend\router\routed_documents\others
2025-08-07 14:08:25 - router - INFO - File copied successfully to: D:\Langs\Team_Docs\Local working prototype\Document-Ingestion-and-Classification\backend\router\routed_documents\others\BuildingRAGAppsUsingMongoDB_Badge20250620-27-1b51p5.pdf
2025-08-07 14:08:25 - router - INFO - Doc '2c64806c-0958-4c70-b26d-a705051c5b06' routed to 'others'. Reason: High confidence (0.70) but 'prescription' not in defined routes - routed to 'others'.
2025-08-07 14:08:32 - router - INFO - Received new message from Kafka: doc_id 'b8d09643-6611-4b1e-978c-a7cecce9f7fa'
2025-08-07 14:08:32 - router - INFO - Created/ensured folder exists: D:\Langs\Team_Docs\Local working prototype\Document-Ingestion-and-Classification\backend\router\routed_documents\resumes
2025-08-07 14:08:32 - router - INFO - File copied successfully to: D:\Langs\Team_Docs\Local working prototype\Document-Ingestion-and-Classification\backend\router\routed_documents\resumes\Naveen_-_Resume.pdf
2025-08-07 14:08:32 - router - INFO - Doc 'b8d09643-6611-4b1e-978c-a7cecce9f7fa' routed to 'resumes'. Reason: High confidence (0.70) - routed to 'resumes' (mapped from 'resume').
2025-08-07 14:08:33 - router - INFO - Received new message from Kafka: doc_id '205794a9-8276-4360-accc-8e735df15b8b'
2025-08-07 14:08:33 - router - INFO - Created/ensured folder exists: D:\Langs\Team_Docs\Local working prototype\Document-Ingestion-and-Classification\backend\router\routed_documents\resumes
2025-08-07 14:08:33 - router - INFO - File copied successfully to: D:\Langs\Team_Docs\Local working prototype\Document-Ingestion-and-Classification\backend\router\routed_documents\resumes\Muni_Charmi_-_MUNI_CHARMI_T.pdf
2025-08-07 14:08:33 - router - INFO - Doc '205794a9-8276-4360-accc-8e735df15b8b' routed to 'resumes'. Reason: High confidence (0.70) - routed to 'resumes' (mapped from 'resume').
2025-08-07 14:08:34 - router - INFO - Received new message from Kafka: doc_id '8713ff2d-fed7-4154-a4a7-f1fb4f0d3b3e'
2025-08-07 14:08:34 - router - INFO - Created/ensured folder exists: D:\Langs\Team_Docs\Local working prototype\Document-Ingestion-and-Classification\backend\router\routed_documents\resumes
2025-08-07 14:08:34 - router - INFO - File copied successfully to: D:\Langs\Team_Docs\Local working prototype\Document-Ingestion-and-Classification\backend\router\routed_documents\resumes\Naveen_Resume.pdf
2025-08-07 14:08:34 - router - INFO - Doc '8713ff2d-fed7-4154-a4a7-f1fb4f0d3b3e' routed to 'resumes'. Reason: High confidence (0.70) - routed to 'resumes' (mapped from 'resume').
2025-08-07 14:08:35 - router - INFO - Received new message from Kafka: doc_id 'b83b32fc-294d-47db-9146-4d75ecb881da'
2025-08-07 14:08:35 - router - INFO - Created/ensured folder exists: D:\Langs\Team_Docs\Local working prototype\Document-Ingestion-and-Classification\backend\router\routed_documents\resumes
2025-08-07 14:08:35 - router - INFO - File copied successfully to: D:\Langs\Team_Docs\Local working prototype\Document-Ingestion-and-Classification\backend\router\routed_documents\resumes\PRABHU_SUNDAR_Resume_-_PRABHU_SUNDAR_D_1.pdf
2025-08-07 14:08:35 - router - INFO - Doc 'b83b32fc-294d-47db-9146-4d75ecb881da' routed to 'resumes'. Reason: High confidence (0.70) - routed to 'resumes' (mapped from 'resume').
2025-08-07 14:08:36 - router - INFO - Received new message from Kafka: doc_id 'e7e63fc6-7c7a-47f5-85bb-c449e252a0ca'
2025-08-07 14:08:37 - router - INFO - Created/ensured folder exists: D:\Langs\Team_Docs\Local working prototype\Document-Ingestion-and-Classification\backend\router\routed_documents\resumes
2025-08-07 14:08:37 - router - INFO - File copied successfully to: D:\Langs\Team_Docs\Local working prototype\Document-Ingestion-and-Classification\backend\router\routed_documents\resumes\Resume_NEW_Jun_2025_-_KANNAN_C_J.pdf
2025-08-07 14:08:37 - router - INFO - Doc 'e7e63fc6-7c7a-47f5-85bb-c449e252a0ca' routed to 'resumes'. Reason: High confidence (0.70) - routed to 'resumes' (mapped from 'resume').
2025-08-07 14:08:38 - router - INFO - Received new message from Kafka: doc_id '63cffbad-38c5-4ac4-9b3a-4440596a17a2'
2025-08-07 14:08:38 - router - INFO - Created/ensured folder exists: D:\Langs\Team_Docs\Local working prototype\Document-Ingestion-and-Classification\backend\router\routed_documents\others
2025-08-07 14:08:38 - router - INFO - File copied successfully to: D:\Langs\Team_Docs\Local working prototype\Document-Ingestion-and-Classification\backend\router\routed_documents\others\BuildingAI-PoweredSearchwithMongoDBVectorSearch_Badge20250620-27-bqobga.pdf
2025-08-07 14:08:38 - router - INFO - Doc '63cffbad-38c5-4ac4-9b3a-4440596a17a2' routed to 'others'. Reason: High confidence (0.70) but 'brochure' not in defined routes - routed to 'others'.
2025-08-07 14:08:43 - router - INFO - Received new message from Kafka: doc_id 'db9b0e1d-892b-4c76-a91c-c40d78799b3f'
2025-08-07 14:08:43 - router - INFO - Created/ensured folder exists: D:\Langs\Team_Docs\Local working prototype\Document-Ingestion-and-Classification\backend\router\routed_documents\resumes
2025-08-07 14:08:43 - router - INFO - File copied successfully to: D:\Langs\Team_Docs\Local working prototype\Document-Ingestion-and-Classification\backend\router\routed_documents\resumes\sadha_cv_-_SADHA_SHREE_R.pdf
2025-08-07 14:08:43 - router - INFO - Doc 'db9b0e1d-892b-4c76-a91c-c40d78799b3f' routed to 'resumes'. Reason: High confidence (0.70) - routed to 'resumes' (mapped from 'resume').
2025-08-07 14:08:44 - router - INFO - Received new message from Kafka: doc_id '5c055253-8afa-405d-a713-752b1b59a1c0'
2025-08-07 14:08:44 - router - INFO - Created/ensured folder exists: D:\Langs\Team_Docs\Local working prototype\Document-Ingestion-and-Classification\backend\router\routed_documents\resumes
2025-08-07 14:08:44 - router - INFO - File copied successfully to: D:\Langs\Team_Docs\Local working prototype\Document-Ingestion-and-Classification\backend\router\routed_documents\resumes\SAHANA_R_-_RESUME_-_SAHANA_R.pdf
2025-08-07 14:08:44 - router - INFO - Doc '5c055253-8afa-405d-a713-752b1b59a1c0' routed to 'resumes'. Reason: High confidence (0.70) - routed to 'resumes' (mapped from 'resume').
2025-08-07 14:08:45 - router - INFO - Received new message from Kafka: doc_id '6c0cfc64-f99e-44e2-8ff0-992a7aae1130'
2025-08-07 14:08:45 - router - INFO - Created/ensured folder exists: D:\Langs\Team_Docs\Local working prototype\Document-Ingestion-and-Classification\backend\router\routed_documents\others
2025-08-07 14:08:45 - router - INFO - File copied successfully to: D:\Langs\Team_Docs\Local working prototype\Document-Ingestion-and-Classification\backend\router\routed_documents\others\SecuringMongoDBAtlasAuthenticationAuthorization_Badge20250620-24-80voyh.pdf
2025-08-07 14:08:45 - router - INFO - Doc '6c0cfc64-f99e-44e2-8ff0-992a7aae1130' routed to 'others'. Reason: High confidence (0.70) but 'prescription' not in defined routes - routed to 'others'.
2025-08-07 14:08:47 - router - INFO - Received new message from Kafka: doc_id '00756b93-f599-427f-9dbc-f2845db3eaec'
2025-08-07 14:08:47 - router - INFO - Created/ensured folder exists: D:\Langs\Team_Docs\Local working prototype\Document-Ingestion-and-Classification\backend\router\routed_documents\others
2025-08-07 14:08:47 - router - INFO - File copied successfully to: D:\Langs\Team_Docs\Local working prototype\Document-Ingestion-and-Classification\backend\router\routed_documents\others\SecuringMongoDBSelf-ManagedAuthenticationAuthorization_Badge20250620-29-nv0d3x.pdf
2025-08-07 14:08:47 - router - INFO - Doc '00756b93-f599-427f-9dbc-f2845db3eaec' routed to 'others'. Reason: High confidence (0.70) but 'prescription' not in defined routes - routed to 'others'.
2025-08-07 14:08:47 - router - INFO - Received new message from Kafka: doc_id 'b6eb5d4f-0d47-4710-8ad4-29cfc775cbf4'
2025-08-07 14:08:48 - router - INFO - Created/ensured folder exists: D:\Langs\Team_Docs\Local working prototype\Document-Ingestion-and-Classification\backend\router\routed_documents\others
2025-08-07 14:08:48 - router - INFO - File copied successfully to: D:\Langs\Team_Docs\Local working prototype\Document-Ingestion-and-Classification\backend\router\routed_documents\others\FromRelationalModelSQLtoMongoDBsDocumentModel_Badge20250620-26-c3iwpo.pdf
2025-08-07 14:08:48 - router - INFO - Doc 'b6eb5d4f-0d47-4710-8ad4-29cfc775cbf4' routed to 'others'. Reason: High confidence (0.70) but 'technical' not in defined routes - routed to 'others'.
2025-08-07 14:09:00 - router - INFO - Received new message from Kafka: doc_id '0c701d6f-e30d-4d00-98f7-af7b8b52feae'
2025-08-07 14:09:00 - router - INFO - Created/ensured folder exists: D:\Langs\Team_Docs\Local working prototype\Document-Ingestion-and-Classification\backend\router\routed_documents\resumes
2025-08-07 14:09:01 - router - INFO - File copied successfully to: D:\Langs\Team_Docs\Local working prototype\Document-Ingestion-and-Classification\backend\router\routed_documents\resumes\GODWIN_JUDAH_J_RESUME_-_GODWIN_JUDAH_J.pdf
2025-08-07 14:09:01 - router - INFO - Doc '0c701d6f-e30d-4d00-98f7-af7b8b52feae' routed to 'resumes'. Reason: High confidence (0.70) - routed to 'resumes' (mapped from 'resume').
2025-08-07 14:09:13 - router - INFO - Received new message from Kafka: doc_id '11bd529b-3128-4fc1-9d94-7af24f409cd6'
2025-08-07 14:09:13 - router - INFO - Created/ensured folder exists: D:\Langs\Team_Docs\Local working prototype\Document-Ingestion-and-Classification\backend\router\routed_documents\others
2025-08-07 14:09:13 - router - INFO - File copied successfully to: D:\Langs\Team_Docs\Local working prototype\Document-Ingestion-and-Classification\backend\router\routed_documents\others\Intel_AI_Reference_Kits.pdf
2025-08-07 14:09:13 - router - INFO - Doc '11bd529b-3128-4fc1-9d94-7af24f409cd6' routed to 'others'. Reason: High confidence (0.70) but 'business pitch deck' not in defined routes - routed to 'others'.
2025-08-07 14:09:19 - router - INFO - Received new message from Kafka: doc_id 'e6c13cad-22c5-42df-bf89-12392370fbc8'
2025-08-07 14:09:19 - router - INFO - Created/ensured folder exists: D:\Langs\Team_Docs\Local working prototype\Document-Ingestion-and-Classification\backend\router\routed_documents\others
2025-08-07 14:09:19 - router - INFO - File copied successfully to: D:\Langs\Team_Docs\Local working prototype\Document-Ingestion-and-Classification\backend\router\routed_documents\others\JAYA_SHREE_RESUME_3_-_JAYA_SHREE_P.pdf
2025-08-07 14:09:19 - router - INFO - Doc 'e6c13cad-22c5-42df-bf89-12392370fbc8' routed to 'others'. Reason: High confidence (0.70) but 'advertisement' not in defined routes - routed to 'others'.
2025-08-07 14:09:31 - router - INFO - Received new message from Kafka: doc_id 'fe057a17-79ef-4863-b4a8-30208d1a615f'
2025-08-07 14:09:31 - router - INFO - Created/ensured folder exists: D:\Langs\Team_Docs\Local working prototype\Document-Ingestion-and-Classification\backend\router\routed_documents\resumes
2025-08-07 14:09:31 - router - INFO - File copied successfully to: D:\Langs\Team_Docs\Local working prototype\Document-Ingestion-and-Classification\backend\router\routed_documents\resumes\JAYASHREE-resume_-_JAYASHREE_R.pdf
2025-08-07 14:09:31 - router - INFO - Doc 'fe057a17-79ef-4863-b4a8-30208d1a615f' routed to 'resumes'. Reason: High confidence (0.70) - routed to 'resumes' (mapped from 'resume').
2025-08-07 14:09:41 - router - INFO - Received new message from Kafka: doc_id '0dd78fb0-790c-4f74-83a9-ede1dc29563e'
2025-08-07 14:09:41 - router - INFO - Created/ensured folder exists: D:\Langs\Team_Docs\Local working prototype\Document-Ingestion-and-Classification\backend\router\routed_documents\others
2025-08-07 14:09:41 - router - INFO - File copied successfully to: D:\Langs\Team_Docs\Local working prototype\Document-Ingestion-and-Classification\backend\router\routed_documents\others\MongoDBAdvancedSchemaDesignPatternsandAntipatternsSkillBadge_Badge20250620-25-quwb1l.pdf
2025-08-07 14:09:41 - router - INFO - Doc '0dd78fb0-790c-4f74-83a9-ede1dc29563e' routed to 'others'. Reason: High confidence (0.70) but 'brochure' not in defined routes - routed to 'others'.
2025-08-07 14:09:51 - router - INFO - Received new message from Kafka: doc_id 'ed6cbc18-d161-42ed-816a-0d0a4b0fd9b5'
2025-08-07 14:09:51 - router - INFO - Created/ensured folder exists: D:\Langs\Team_Docs\Local working prototype\Document-Ingestion-and-Classification\backend\router\routed_documents\others
2025-08-07 14:09:51 - router - INFO - File copied successfully to: D:\Langs\Team_Docs\Local working prototype\Document-Ingestion-and-Classification\backend\router\routed_documents\others\MongoDBAggregationFundamentals_Badge20250620-27-bg2ih1.pdf
2025-08-07 14:09:51 - router - INFO - Doc 'ed6cbc18-d161-42ed-816a-0d0a4b0fd9b5' routed to 'others'. Reason: High confidence (0.70) but 'prescription' not in defined routes - routed to 'others'.
2025-08-07 14:10:00 - router - INFO - Received new message from Kafka: doc_id 'b945a8de-b869-455c-998d-fc631b30d936'
2025-08-07 14:10:00 - router - INFO - Created/ensured folder exists: D:\Langs\Team_Docs\Local working prototype\Document-Ingestion-and-Classification\backend\router\routed_documents\others
2025-08-07 14:10:00 - router - INFO - File copied successfully to: D:\Langs\Team_Docs\Local working prototype\Document-Ingestion-and-Classification\backend\router\routed_documents\others\MongoDBBasicsforStudents_Badge20250620-29-jwwbtq.pdf
2025-08-07 14:10:00 - router - INFO - Doc 'b945a8de-b869-455c-998d-fc631b30d936' routed to 'others'. Reason: High confidence (0.70) but 'prescription' not in defined routes - routed to 'others'.
2025-08-07 14:10:01 - router - INFO - Received new message from Kafka: doc_id 'e63a9979-4149-45a6-8218-4839b9b509a9'
2025-08-07 14:10:01 - router - INFO - Created/ensured folder exists: D:\Langs\Team_Docs\Local working prototype\Document-Ingestion-and-Classification\backend\router\routed_documents\others
2025-08-07 14:10:01 - router - INFO - File copied successfully to: D:\Langs\Team_Docs\Local working prototype\Document-Ingestion-and-Classification\backend\router\routed_documents\others\MongoDBQueryOptimizationTechniques_Badge20250620-25-uqulmn.pdf
2025-08-07 14:10:01 - router - INFO - Doc 'e63a9979-4149-45a6-8218-4839b9b509a9' routed to 'others'. Reason: High confidence (0.70) but 'prescription' not in defined routes - routed to 'others'.
2025-08-07 14:10:01 - router - INFO - Received new message from Kafka: doc_id '28285505-03c2-419a-9e1b-862f05c2a72b'
2025-08-07 14:10:02 - router - INFO - Created/ensured folder exists: D:\Langs\Team_Docs\Local working prototype\Document-Ingestion-and-Classification\backend\router\routed_documents\others
2025-08-07 14:10:02 - router - INFO - File copied successfully to: D:\Langs\Team_Docs\Local working prototype\Document-Ingestion-and-Classification\backend\router\routed_documents\others\MongoDBSchemaDesignOptimizationSkillBadge_Badge20250620-24-g7xmz9.pdf
2025-08-07 14:10:02 - router - INFO - Doc '28285505-03c2-419a-9e1b-862f05c2a72b' routed to 'others'. Reason: High confidence (0.70) but 'prescription' not in defined routes - routed to 'others'.
2025-08-07 14:10:02 - router - INFO - Received new message from Kafka: doc_id 'e3520318-fb11-44b0-9766-5053d487cac1'
2025-08-07 14:10:03 - router - INFO - Created/ensured folder exists: D:\Langs\Team_Docs\Local working prototype\Document-Ingestion-and-Classification\backend\router\routed_documents\others
2025-08-07 14:10:03 - router - INFO - File copied successfully to: D:\Langs\Team_Docs\Local working prototype\Document-Ingestion-and-Classification\backend\router\routed_documents\others\MongoDBSchemaDesignPatternsandAntipatternsSkillBadge_Badge20250620-27-v47272.pdf
2025-08-07 14:10:03 - router - INFO - Doc 'e3520318-fb11-44b0-9766-5053d487cac1' routed to 'others'. Reason: High confidence (0.70) but 'brochure' not in defined routes - routed to 'others'.
2025-08-07 14:10:03 - router - INFO - Received new message from Kafka: doc_id '7df2321b-4830-47ed-b0be-2ac96d632d9a'
2025-08-07 14:10:03 - router - INFO - Created/ensured folder exists: D:\Langs\Team_Docs\Local working prototype\Document-Ingestion-and-Classification\backend\router\routed_documents\resumes
2025-08-07 14:10:03 - router - INFO - File copied successfully to: D:\Langs\Team_Docs\Local working prototype\Document-Ingestion-and-Classification\backend\router\routed_documents\resumes\Muni_Charmi_-_MUNI_CHARMI_T.pdf
2025-08-07 14:10:03 - router - INFO - Doc '7df2321b-4830-47ed-b0be-2ac96d632d9a' routed to 'resumes'. Reason: High confidence (0.70) - routed to 'resumes' (mapped from 'resume').
2025-08-07 14:10:04 - router - INFO - Received new message from Kafka: doc_id 'f6ae8c3d-2ca2-4976-bade-485e46a41fc3'
2025-08-07 14:10:04 - router - INFO - Created/ensured folder exists: D:\Langs\Team_Docs\Local working prototype\Document-Ingestion-and-Classification\backend\router\routed_documents\resumes
2025-08-07 14:10:04 - router - INFO - File copied successfully to: D:\Langs\Team_Docs\Local working prototype\Document-Ingestion-and-Classification\backend\router\routed_documents\resumes\Naveen_-_Resume.pdf
2025-08-07 14:10:04 - router - INFO - Doc 'f6ae8c3d-2ca2-4976-bade-485e46a41fc3' routed to 'resumes'. Reason: High confidence (0.70) - routed to 'resumes' (mapped from 'resume').
2025-08-07 14:10:06 - router - INFO - Received new message from Kafka: doc_id '3b62ad9b-329a-4754-bca4-4ed1e9004e9b'
2025-08-07 14:10:06 - router - INFO - Created/ensured folder exists: D:\Langs\Team_Docs\Local working prototype\Document-Ingestion-and-Classification\backend\router\routed_documents\resumes
2025-08-07 14:10:06 - router - INFO - File copied successfully to: D:\Langs\Team_Docs\Local working prototype\Document-Ingestion-and-Classification\backend\router\routed_documents\resumes\Naveen_Resume.pdf
2025-08-07 14:10:06 - router - INFO - Doc '3b62ad9b-329a-4754-bca4-4ed1e9004e9b' routed to 'resumes'. Reason: High confidence (0.70) - routed to 'resumes' (mapped from 'resume').
2025-08-07 14:10:07 - router - INFO - Received new message from Kafka: doc_id '2cc149fd-3ea0-4b34-b775-51e818b02fce'
2025-08-07 14:10:07 - router - INFO - Created/ensured folder exists: D:\Langs\Team_Docs\Local working prototype\Document-Ingestion-and-Classification\backend\router\routed_documents\resumes
2025-08-07 14:10:07 - router - INFO - File copied successfully to: D:\Langs\Team_Docs\Local working prototype\Document-Ingestion-and-Classification\backend\router\routed_documents\resumes\PRABHU_SUNDAR_Resume_-_PRABHU_SUNDAR_D_1.pdf
2025-08-07 14:10:07 - router - INFO - Doc '2cc149fd-3ea0-4b34-b775-51e818b02fce' routed to 'resumes'. Reason: High confidence (0.70) - routed to 'resumes' (mapped from 'resume').
2025-08-07 14:10:08 - router - INFO - Received new message from Kafka: doc_id '7bcdf775-23aa-41bf-aa38-9e7fa9cd96e8'
2025-08-07 14:10:08 - router - INFO - Created/ensured folder exists: D:\Langs\Team_Docs\Local working prototype\Document-Ingestion-and-Classification\backend\router\routed_documents\resumes
2025-08-07 14:10:08 - router - INFO - File copied successfully to: D:\Langs\Team_Docs\Local working prototype\Document-Ingestion-and-Classification\backend\router\routed_documents\resumes\Resume_NEW_Jun_2025_-_KANNAN_C_J.pdf
2025-08-07 14:10:08 - router - INFO - Doc '7bcdf775-23aa-41bf-aa38-9e7fa9cd96e8' routed to 'resumes'. Reason: High confidence (0.70) - routed to 'resumes' (mapped from 'resume').
2025-08-07 14:10:09 - router - INFO - Received new message from Kafka: doc_id '16a0cd91-5834-4255-bcf2-95744ac7a30b'
2025-08-07 14:10:09 - router - INFO - Created/ensured folder exists: D:\Langs\Team_Docs\Local working prototype\Document-Ingestion-and-Classification\backend\router\routed_documents\resumes
2025-08-07 14:10:09 - router - INFO - File copied successfully to: D:\Langs\Team_Docs\Local working prototype\Document-Ingestion-and-Classification\backend\router\routed_documents\resumes\sadha_cv_-_SADHA_SHREE_R.pdf
2025-08-07 14:10:09 - router - INFO - Doc '16a0cd91-5834-4255-bcf2-95744ac7a30b' routed to 'resumes'. Reason: High confidence (0.70) - routed to 'resumes' (mapped from 'resume').
2025-08-07 14:10:10 - router - INFO - Received new message from Kafka: doc_id '115173ae-68a4-48db-8d4b-b8d2c1d35ad4'
2025-08-07 14:10:10 - router - INFO - Created/ensured folder exists: D:\Langs\Team_Docs\Local working prototype\Document-Ingestion-and-Classification\backend\router\routed_documents\resumes
2025-08-07 14:10:10 - router - INFO - File copied successfully to: D:\Langs\Team_Docs\Local working prototype\Document-Ingestion-and-Classification\backend\router\routed_documents\resumes\SAHANA_R_-_RESUME_-_SAHANA_R.pdf
2025-08-07 14:10:10 - router - INFO - Doc '115173ae-68a4-48db-8d4b-b8d2c1d35ad4' routed to 'resumes'. Reason: High confidence (0.70) - routed to 'resumes' (mapped from 'resume').
2025-08-07 14:10:11 - router - INFO - Received new message from Kafka: doc_id '5589f9d8-8287-4377-a7f8-00fcdfd45d08'
2025-08-07 14:10:11 - router - INFO - Created/ensured folder exists: D:\Langs\Team_Docs\Local working prototype\Document-Ingestion-and-Classification\backend\router\routed_documents\others
2025-08-07 14:10:11 - router - INFO - File copied successfully to: D:\Langs\Team_Docs\Local working prototype\Document-Ingestion-and-Classification\backend\router\routed_documents\others\SecuringMongoDBAtlasAuthenticationAuthorization_Badge20250620-24-80voyh.pdf
2025-08-07 14:10:11 - router - INFO - Doc '5589f9d8-8287-4377-a7f8-00fcdfd45d08' routed to 'others'. Reason: High confidence (0.70) but 'prescription' not in defined routes - routed to 'others'.
2025-08-07 14:10:11 - router - INFO - Received new message from Kafka: doc_id '6fc99eaa-d1c6-4b12-b56e-dbe9df95391c'
2025-08-07 14:10:11 - router - INFO - Created/ensured folder exists: D:\Langs\Team_Docs\Local working prototype\Document-Ingestion-and-Classification\backend\router\routed_documents\others
2025-08-07 14:10:11 - router - INFO - File copied successfully to: D:\Langs\Team_Docs\Local working prototype\Document-Ingestion-and-Classification\backend\router\routed_documents\others\SecuringMongoDBSelf-ManagedAuthenticationAuthorization_Badge20250620-29-nv0d3x.pdf
2025-08-07 14:10:11 - router - INFO - Doc '6fc99eaa-d1c6-4b12-b56e-dbe9df95391c' routed to 'others'. Reason: High confidence (0.70) but 'prescription' not in defined routes - routed to 'others'.
2025-08-07 14:16:06 - router - INFO - Router agent starting...
2025-08-07 14:16:06 - router - INFO - Routes configuration reloaded successfully
2025-08-07 14:16:06 - router - INFO - Active routes: {'resume': 'resumes', 'cv': 'resumes', 'receipt': 'receipts', 'invoice': 'invoices', 'bill': 'bills'}
2025-08-07 14:16:06 - router - INFO - Default folder: others, Needs action folder: needs_action
2025-08-07 14:16:06 - router - INFO - Routing configuration loaded:
2025-08-07 14:16:06 - router - INFO -   - Document routes: {'resume': 'resumes', 'cv': 'resumes', 'receipt': 'receipts', 'invoice': 'invoices', 'bill': 'bills'}
2025-08-07 14:16:06 - router - INFO -   - Default folder: others
2025-08-07 14:16:06 - router - INFO -   - Needs action folder: needs_action
2025-08-07 14:16:06 - router - INFO -   - Confidence threshold: 0.7
2025-08-07 14:16:06 - router - INFO -   - Allowed folders: {'needs_action', 'invoices', 'receipts', 'resumes', 'bills', 'others'}
2025-08-07 14:16:07 - router - INFO - Database connection established
2025-08-07 14:16:07 - router - INFO - Successfully connected to Kafka. Listening on topic 'doc.classified'...
2025-08-07 14:17:09 - router - INFO - Router agent starting...
2025-08-07 14:17:09 - router - INFO - Routes configuration reloaded successfully
2025-08-07 14:17:09 - router - INFO - Active routes: {'resume': 'resumes', 'cv': 'resumes', 'receipt': 'receipts', 'invoice': 'invoices', 'bill': 'bills'}
2025-08-07 14:17:09 - router - INFO - Default folder: others, Needs action folder: needs_action
2025-08-07 14:17:09 - router - INFO - Routing configuration loaded:
2025-08-07 14:17:09 - router - INFO -   - Document routes: {'resume': 'resumes', 'cv': 'resumes', 'receipt': 'receipts', 'invoice': 'invoices', 'bill': 'bills'}
2025-08-07 14:17:09 - router - INFO -   - Default folder: others
2025-08-07 14:17:09 - router - INFO -   - Needs action folder: needs_action
2025-08-07 14:17:09 - router - INFO -   - Confidence threshold: 0.7
2025-08-07 14:17:09 - router - INFO -   - Allowed folders: {'invoices', 'receipts', 'resumes', 'needs_action', 'others', 'bills'}
2025-08-07 14:17:09 - router - INFO - Database connection established
2025-08-07 14:17:09 - router - INFO - Successfully connected to Kafka. Listening on topic 'doc.classified'...
2025-08-07 14:17:34 - router - INFO - Received new message from Kafka: doc_id '8b45371c-8206-4f89-a390-43cdf3779c7f'
2025-08-07 14:17:34 - router - INFO - Created/ensured folder exists: D:\Langs\Team_Docs\Local working prototype\Document-Ingestion-and-Classification\backend\router\routed_documents\resumes
2025-08-07 14:17:34 - router - INFO - File copied successfully to: D:\Langs\Team_Docs\Local working prototype\Document-Ingestion-and-Classification\backend\router\routed_documents\resumes\GODWIN_JUDAH_J_RESUME_-_GODWIN_JUDAH_J.pdf
2025-08-07 14:17:34 - router - INFO - Doc '8b45371c-8206-4f89-a390-43cdf3779c7f' routed to 'resumes'. Reason: High confidence (0.70) - routed to 'resumes' (mapped from 'resume').
2025-08-07 14:18:59 - router - INFO - Received new message from Kafka: doc_id 'ad3636cb-e7db-417f-9e80-3d9731f1788f'
2025-08-07 14:18:59 - router - INFO - Created/ensured folder exists: D:\Langs\Team_Docs\Local working prototype\Document-Ingestion-and-Classification\backend\router\routed_documents\others
2025-08-07 14:18:59 - router - INFO - File copied successfully to: D:\Langs\Team_Docs\Local working prototype\Document-Ingestion-and-Classification\backend\router\routed_documents\others\test.txt
2025-08-07 14:18:59 - router - INFO - Doc 'ad3636cb-e7db-417f-9e80-3d9731f1788f' routed to 'others'. Reason: High confidence (0.70) but 'lab report' not in defined routes - routed to 'others'.
2025-08-07 14:18:59 - router - INFO - Received new message from Kafka: doc_id 'efa84482-abb7-440e-9521-650981b9e621'
2025-08-07 14:18:59 - router - INFO - Created/ensured folder exists: D:\Langs\Team_Docs\Local working prototype\Document-Ingestion-and-Classification\backend\router\routed_documents\others
2025-08-07 14:18:59 - router - INFO - File copied successfully to: D:\Langs\Team_Docs\Local working prototype\Document-Ingestion-and-Classification\backend\router\routed_documents\others\test.txt
2025-08-07 14:18:59 - router - INFO - Doc 'efa84482-abb7-440e-9521-650981b9e621' routed to 'others'. Reason: High confidence (0.70) but 'lab report' not in defined routes - routed to 'others'.
2025-08-07 14:23:52 - router - INFO - Received new message from Kafka: doc_id '525db141-bad0-4422-8b69-8e121c353cfb'
2025-08-07 14:23:53 - router - INFO - Created/ensured folder exists: D:\Langs\Team_Docs\Local working prototype\Document-Ingestion-and-Classification\backend\router\routed_documents\others
2025-08-07 14:23:53 - router - INFO - File copied successfully to: D:\Langs\Team_Docs\Local working prototype\Document-Ingestion-and-Classification\backend\router\routed_documents\others\nationaltravels.co.in_booking-confirm.html_pnr_number5828329cms_status0emailkumar010370gmail.com.pdf
2025-08-07 14:23:53 - router - INFO - Doc '525db141-bad0-4422-8b69-8e121c353cfb' routed to 'others'. Reason: High confidence (0.70) but 'train ticket' not in defined routes - routed to 'others'.
2025-08-07 14:31:56 - router - INFO - Received new message from Kafka: doc_id 'bf0a765e-db3e-4ff0-9708-f2d3eb38f965'
2025-08-07 14:31:56 - router - INFO - Created/ensured folder exists: D:\Langs\Team_Docs\Local working prototype\Document-Ingestion-and-Classification\backend\router\routed_documents\invoices
2025-08-07 14:31:56 - router - INFO - File copied successfully to: D:\Langs\Team_Docs\Local working prototype\Document-Ingestion-and-Classification\backend\router\routed_documents\invoices\sample-invoice.pdf
2025-08-07 14:31:56 - router - INFO - Doc 'bf0a765e-db3e-4ff0-9708-f2d3eb38f965' routed to 'invoices'. Reason: High confidence (0.70) - routed to 'invoices' (mapped from 'invoice').
2025-08-07 14:41:56 - router - INFO - Received new message from Kafka: doc_id 'bc540516-bedf-4681-91af-f1a0df188f4e'
2025-08-07 14:41:56 - router - INFO - Created/ensured folder exists: D:\Langs\Team_Docs\Local working prototype\Document-Ingestion-and-Classification\backend\router\routed_documents\resumes
2025-08-07 14:41:56 - router - INFO - File copied successfully to: D:\Langs\Team_Docs\Local working prototype\Document-Ingestion-and-Classification\backend\router\routed_documents\resumes\MUGUNTHAN_S.pdf
2025-08-07 14:41:56 - router - INFO - Doc 'bc540516-bedf-4681-91af-f1a0df188f4e' routed to 'resumes'. Reason: High confidence (0.70) - routed to 'resumes' (mapped from 'resume').
2025-08-07 14:41:56 - router - INFO - Received new message from Kafka: doc_id '48d16bd4-1dee-4352-8fb0-960e325e915f'
2025-08-07 14:41:56 - router - INFO - Created/ensured folder exists: D:\Langs\Team_Docs\Local working prototype\Document-Ingestion-and-Classification\backend\router\routed_documents\resumes
2025-08-07 14:41:56 - router - INFO - File copied successfully to: D:\Langs\Team_Docs\Local working prototype\Document-Ingestion-and-Classification\backend\router\routed_documents\resumes\MUGUNTHAN_S.pdf
2025-08-07 14:41:56 - router - INFO - Doc '48d16bd4-1dee-4352-8fb0-960e325e915f' routed to 'resumes'. Reason: High confidence (0.70) - routed to 'resumes' (mapped from 'resume').
2025-08-07 15:00:15 - router - INFO - Router agent starting...
2025-08-07 15:00:15 - router - INFO - Routes configuration reloaded successfully
2025-08-07 15:00:15 - router - INFO - Active routes: {'resume': 'resumes', 'cv': 'resumes', 'receipt': 'receipts', 'invoice': 'invoices', 'bill': 'bills'}
2025-08-07 15:00:15 - router - INFO - Default folder: others, Needs action folder: needs_action
2025-08-07 15:00:15 - router - INFO - Routing configuration loaded:
2025-08-07 15:00:15 - router - INFO -   - Document routes: {'resume': 'resumes', 'cv': 'resumes', 'receipt': 'receipts', 'invoice': 'invoices', 'bill': 'bills'}
2025-08-07 15:00:15 - router - INFO -   - Default folder: others
2025-08-07 15:00:15 - router - INFO -   - Needs action folder: needs_action
2025-08-07 15:00:15 - router - INFO -   - Confidence threshold: 0.7
2025-08-07 15:00:15 - router - INFO -   - Allowed folders: {'receipts', 'invoices', 'needs_action', 'bills', 'resumes', 'others'}
2025-08-07 15:00:15 - router - INFO - Database connection established
2025-08-07 15:00:15 - router - INFO - Successfully connected to Kafka. Listening on topic 'doc.classified'...
2025-08-07 15:12:44 - router - INFO - Router agent starting...
2025-08-07 15:12:44 - router - INFO - Routes configuration reloaded successfully
2025-08-07 15:12:44 - router - INFO - Active routes: {'resume': 'resumes', 'cv': 'resumes', 'receipt': 'receipts', 'invoice': 'invoices', 'bill': 'bills'}
2025-08-07 15:12:44 - router - INFO - Default folder: others, Needs action folder: needs_action
2025-08-07 15:12:44 - router - INFO - Routing configuration loaded:
2025-08-07 15:12:44 - router - INFO -   - Document routes: {'resume': 'resumes', 'cv': 'resumes', 'receipt': 'receipts', 'invoice': 'invoices', 'bill': 'bills'}
2025-08-07 15:12:44 - router - INFO -   - Default folder: others
2025-08-07 15:12:44 - router - INFO -   - Needs action folder: needs_action
2025-08-07 15:12:44 - router - INFO -   - Confidence threshold: 0.7
2025-08-07 15:12:44 - router - INFO -   - Allowed folders: {'resumes', 'receipts', 'invoices', 'needs_action', 'others', 'bills'}
2025-08-07 15:12:44 - router - INFO - Database connection established
2025-08-07 15:12:44 - router - INFO - Successfully connected to Kafka. Listening on topic 'doc.classified'...
2025-08-07 15:13:49 - router - INFO - Received new message from Kafka: doc_id '43201bee-6357-48bc-ab86-a13ae60bb3b8'
2025-08-07 15:13:49 - router - INFO - Created/ensured folder exists: D:\Langs\Team_Docs\Local working prototype\Document-Ingestion-and-Classification\Backend\router\routed_documents\others
2025-08-07 15:13:49 - router - INFO - File copied successfully to: D:\Langs\Team_Docs\Local working prototype\Document-Ingestion-and-Classification\Backend\router\routed_documents\others\test_doc.txt
2025-08-07 15:13:49 - router - INFO - Doc '43201bee-6357-48bc-ab86-a13ae60bb3b8' routed to 'others'. Reason: High confidence (0.70) but 'technical' not in defined routes - routed to 'others'.
2025-08-07 15:13:50 - router - INFO - Received new message from Kafka: doc_id 'd8cd3189-01d5-46e4-ba2b-c7185aa8ec1f'
2025-08-07 15:13:50 - router - INFO - Created/ensured folder exists: D:\Langs\Team_Docs\Local working prototype\Document-Ingestion-and-Classification\Backend\router\routed_documents\others
2025-08-07 15:13:50 - router - INFO - File copied successfully to: D:\Langs\Team_Docs\Local working prototype\Document-Ingestion-and-Classification\Backend\router\routed_documents\others\test_doc.txt
2025-08-07 15:13:50 - router - INFO - Doc 'd8cd3189-01d5-46e4-ba2b-c7185aa8ec1f' routed to 'others'. Reason: High confidence (0.70) but 'technical' not in defined routes - routed to 'others'.
2025-08-07 15:13:50 - router - INFO - Received new message from Kafka: doc_id 'd63813a0-fa97-4421-bfe8-b2769f7476eb'
2025-08-07 15:13:51 - router - INFO - Created/ensured folder exists: D:\Langs\Team_Docs\Local working prototype\Document-Ingestion-and-Classification\Backend\router\routed_documents\others
2025-08-07 15:13:51 - router - INFO - File copied successfully to: D:\Langs\Team_Docs\Local working prototype\Document-Ingestion-and-Classification\Backend\router\routed_documents\others\test_doc.txt
2025-08-07 15:13:51 - router - INFO - Doc 'd63813a0-fa97-4421-bfe8-b2769f7476eb' routed to 'others'. Reason: High confidence (0.70) but 'technical' not in defined routes - routed to 'others'.
2025-08-07 15:14:57 - router - INFO - Router agent starting...
2025-08-07 15:14:57 - router - INFO - Routes configuration reloaded successfully
2025-08-07 15:14:57 - router - INFO - Active routes: {'resume': 'resumes', 'cv': 'resumes', 'receipt': 'receipts', 'invoice': 'invoices', 'bill': 'bills'}
2025-08-07 15:14:57 - router - INFO - Default folder: others, Needs action folder: needs_action
2025-08-07 15:14:57 - router - INFO - Routing configuration loaded:
2025-08-07 15:14:57 - router - INFO -   - Document routes: {'resume': 'resumes', 'cv': 'resumes', 'receipt': 'receipts', 'invoice': 'invoices', 'bill': 'bills'}
2025-08-07 15:14:57 - router - INFO -   - Default folder: others
2025-08-07 15:14:57 - router - INFO -   - Needs action folder: needs_action
2025-08-07 15:14:57 - router - INFO -   - Confidence threshold: 0.7
2025-08-07 15:14:57 - router - INFO -   - Allowed folders: {'others', 'bills', 'receipts', 'invoices', 'needs_action', 'resumes'}
2025-08-07 15:14:57 - router - INFO - Database connection established
2025-08-07 15:14:57 - router - INFO - Successfully connected to Kafka. Listening on topic 'doc.classified'...
2025-08-07 15:18:25 - router - INFO - Received new message from Kafka: doc_id '825083de-55c9-4f5f-a041-abf7374c484d'
2025-08-07 15:18:26 - router - INFO - Created/ensured folder exists: D:\Langs\Team_Docs\Local working prototype\Document-Ingestion-and-Classification\Backend\router\routed_documents\others
2025-08-07 15:18:26 - router - INFO - File copied successfully to: D:\Langs\Team_Docs\Local working prototype\Document-Ingestion-and-Classification\Backend\router\routed_documents\others\test_doc.txt
2025-08-07 15:18:26 - router - INFO - Doc '825083de-55c9-4f5f-a041-abf7374c484d' routed to 'others'. Reason: High confidence (0.70) but 'technical' not in defined routes - routed to 'others'.
2025-08-07 18:30:50 - router - INFO - Router agent starting...
2025-08-07 18:30:50 - router - INFO - Routes configuration reloaded successfully
2025-08-07 18:30:50 - router - INFO - Active routes: {'resume': 'resumes', 'cv': 'resumes', 'receipt': 'receipts', 'invoice': 'invoices', 'bill': 'bills'}
2025-08-07 18:30:50 - router - INFO - Default folder: others, Needs action folder: needs_action
2025-08-07 18:30:50 - router - INFO - Routing configuration loaded:
2025-08-07 18:30:50 - router - INFO -   - Document routes: {'resume': 'resumes', 'cv': 'resumes', 'receipt': 'receipts', 'invoice': 'invoices', 'bill': 'bills'}
2025-08-07 18:30:50 - router - INFO -   - Default folder: others
2025-08-07 18:30:50 - router - INFO -   - Needs action folder: needs_action
2025-08-07 18:30:50 - router - INFO -   - Confidence threshold: 0.7
2025-08-07 18:30:50 - router - INFO -   - Allowed folders: {'receipts', 'needs_action', 'resumes', 'others', 'invoices', 'bills'}
2025-08-07 18:30:50 - router - INFO - Database connection established
2025-08-07 18:30:50 - router - INFO - Successfully connected to Kafka. Listening on topic 'doc.classified'...
2025-08-07 18:31:01 - router - INFO - Received new message from Kafka: doc_id '42862a7b-683d-409c-8fed-dd4b4394b926'
2025-08-07 18:31:01 - router - INFO - Created/ensured folder exists: D:\Langs\Team_Docs\Local working prototype\Document-Ingestion-and-Classification\Backend\router\routed_documents\others
2025-08-07 18:31:01 - router - INFO - File copied successfully to: D:\Langs\Team_Docs\Local working prototype\Document-Ingestion-and-Classification\Backend\router\routed_documents\others\test_doc.txt
2025-08-07 18:31:01 - router - INFO - Doc '42862a7b-683d-409c-8fed-dd4b4394b926' routed to 'others'. Reason: High confidence (0.70) but 'technical' not in defined routes - routed to 'others'.
2025-08-07 18:32:03 - router - INFO - Router agent starting...
2025-08-07 18:32:03 - router - INFO - Routes configuration reloaded successfully
2025-08-07 18:32:03 - router - INFO - Active routes: {'resume': 'resumes', 'cv': 'resumes', 'receipt': 'receipts', 'invoice': 'invoices', 'bill': 'bills'}
2025-08-07 18:32:03 - router - INFO - Default folder: others, Needs action folder: needs_action
2025-08-07 18:32:03 - router - INFO - Routing configuration loaded:
2025-08-07 18:32:03 - router - INFO -   - Document routes: {'resume': 'resumes', 'cv': 'resumes', 'receipt': 'receipts', 'invoice': 'invoices', 'bill': 'bills'}
2025-08-07 18:32:03 - router - INFO -   - Default folder: others
2025-08-07 18:32:03 - router - INFO -   - Needs action folder: needs_action
2025-08-07 18:32:03 - router - INFO -   - Confidence threshold: 0.7
2025-08-07 18:32:03 - router - INFO -   - Allowed folders: {'receipts', 'invoices', 'others', 'bills', 'resumes', 'needs_action'}
2025-08-07 18:32:03 - router - INFO - Database connection established
2025-08-07 18:32:03 - router - INFO - Successfully connected to Kafka. Listening on topic 'doc.classified'...
2025-08-07 18:32:15 - router - INFO - Received new message from Kafka: doc_id '057eea32-6540-4262-87fe-70af8c48e08a'
2025-08-07 18:32:15 - router - INFO - Created/ensured folder exists: D:\Langs\Team_Docs\Local working prototype\Document-Ingestion-and-Classification\Backend\router\routed_documents\others
2025-08-07 18:32:15 - router - INFO - File copied successfully to: D:\Langs\Team_Docs\Local working prototype\Document-Ingestion-and-Classification\Backend\router\routed_documents\others\test_doc.txt
2025-08-07 18:32:15 - router - INFO - Doc '057eea32-6540-4262-87fe-70af8c48e08a' routed to 'others'. Reason: High confidence (0.70) but 'technical' not in defined routes - routed to 'others'.
2025-08-07 18:33:19 - router - INFO - Router agent starting...
2025-08-07 18:33:19 - router - INFO - Routes configuration reloaded successfully
2025-08-07 18:33:19 - router - INFO - Active routes: {'resume': 'resumes', 'cv': 'resumes', 'receipt': 'receipts', 'invoice': 'invoices', 'bill': 'bills'}
2025-08-07 18:33:19 - router - INFO - Default folder: others, Needs action folder: needs_action
2025-08-07 18:33:19 - router - INFO - Routing configuration loaded:
2025-08-07 18:33:19 - router - INFO -   - Document routes: {'resume': 'resumes', 'cv': 'resumes', 'receipt': 'receipts', 'invoice': 'invoices', 'bill': 'bills'}
2025-08-07 18:33:19 - router - INFO -   - Default folder: others
2025-08-07 18:33:19 - router - INFO -   - Needs action folder: needs_action
2025-08-07 18:33:19 - router - INFO -   - Confidence threshold: 0.7
2025-08-07 18:33:19 - router - INFO -   - Allowed folders: {'invoices', 'resumes', 'needs_action', 'receipts', 'bills', 'others'}
2025-08-07 18:33:19 - router - INFO - Database connection established
2025-08-07 18:33:19 - router - INFO - Successfully connected to Kafka. Listening on topic 'doc.classified'...
2025-08-07 18:33:42 - router - INFO - Received new message from Kafka: doc_id 'cf1f3493-ed5c-4198-9e89-c54ac30a9cd5'
2025-08-07 18:33:42 - router - INFO - Created/ensured folder exists: D:\Langs\Team_Docs\Local working prototype\Document-Ingestion-and-Classification\Backend\router\routed_documents\others
2025-08-07 18:33:42 - router - INFO - File copied successfully to: D:\Langs\Team_Docs\Local working prototype\Document-Ingestion-and-Classification\Backend\router\routed_documents\others\test_doc.txt
2025-08-07 18:33:42 - router - INFO - Doc 'cf1f3493-ed5c-4198-9e89-c54ac30a9cd5' routed to 'others'. Reason: High confidence (0.70) but 'technical' not in defined routes - routed to 'others'.
2025-08-07 18:35:09 - router - INFO - Router agent starting...
2025-08-07 18:35:09 - router - INFO - Routes configuration reloaded successfully
2025-08-07 18:35:09 - router - INFO - Active routes: {'resume': 'resumes', 'cv': 'resumes', 'receipt': 'receipts', 'invoice': 'invoices', 'bill': 'bills'}
2025-08-07 18:35:09 - router - INFO - Default folder: others, Needs action folder: needs_action
2025-08-07 18:35:09 - router - INFO - Routing configuration loaded:
2025-08-07 18:35:09 - router - INFO -   - Document routes: {'resume': 'resumes', 'cv': 'resumes', 'receipt': 'receipts', 'invoice': 'invoices', 'bill': 'bills'}
2025-08-07 18:35:09 - router - INFO -   - Default folder: others
2025-08-07 18:35:09 - router - INFO -   - Needs action folder: needs_action
2025-08-07 18:35:09 - router - INFO -   - Confidence threshold: 0.7
2025-08-07 18:35:09 - router - INFO -   - Allowed folders: {'invoices', 'bills', 'needs_action', 'others', 'resumes', 'receipts'}
2025-08-07 18:35:09 - router - INFO - Database connection established
2025-08-07 18:35:10 - router - INFO - Successfully connected to Kafka. Listening on topic 'doc.classified'...
2025-08-07 18:35:22 - router - INFO - Received new message from Kafka: doc_id '86d8b009-902d-4f6e-a007-270615e17866'
2025-08-07 18:35:22 - router - INFO - Created/ensured folder exists: D:\Langs\Team_Docs\Local working prototype\Document-Ingestion-and-Classification\Backend\router\routed_documents\others
2025-08-07 18:35:22 - router - INFO - File copied successfully to: D:\Langs\Team_Docs\Local working prototype\Document-Ingestion-and-Classification\Backend\router\routed_documents\others\test_doc.txt
2025-08-07 18:35:22 - router - INFO - Doc '86d8b009-902d-4f6e-a007-270615e17866' routed to 'others'. Reason: High confidence (0.70) but 'technical' not in defined routes - routed to 'others'.
2025-08-07 18:36:08 - router - INFO - Router agent starting...
2025-08-07 18:36:08 - router - INFO - Routes configuration reloaded successfully
2025-08-07 18:36:08 - router - INFO - Active routes: {'resume': 'resumes', 'cv': 'resumes', 'receipt': 'receipts', 'invoice': 'invoices', 'bill': 'bills'}
2025-08-07 18:36:08 - router - INFO - Default folder: others, Needs action folder: needs_action
2025-08-07 18:36:08 - router - INFO - Routing configuration loaded:
2025-08-07 18:36:08 - router - INFO -   - Document routes: {'resume': 'resumes', 'cv': 'resumes', 'receipt': 'receipts', 'invoice': 'invoices', 'bill': 'bills'}
2025-08-07 18:36:08 - router - INFO -   - Default folder: others
2025-08-07 18:36:08 - router - INFO -   - Needs action folder: needs_action
2025-08-07 18:36:08 - router - INFO -   - Confidence threshold: 0.7
2025-08-07 18:36:08 - router - INFO -   - Allowed folders: {'resumes', 'invoices', 'bills', 'needs_action', 'receipts', 'others'}
2025-08-07 18:36:08 - router - INFO - Database connection established
2025-08-07 18:36:08 - router - INFO - Successfully connected to Kafka. Listening on topic 'doc.classified'...
2025-08-07 18:37:43 - router - INFO - Received new message from Kafka: doc_id 'cb34e186-4ef1-408b-bdbe-bd90ebc2e094'
2025-08-07 18:37:43 - router - INFO - Created/ensured folder exists: D:\Langs\Team_Docs\Local working prototype\Document-Ingestion-and-Classification\Backend\router\routed_documents\others
2025-08-07 18:37:43 - router - INFO - File copied successfully to: D:\Langs\Team_Docs\Local working prototype\Document-Ingestion-and-Classification\Backend\router\routed_documents\others\test_doc.txt
2025-08-07 18:37:43 - router - INFO - Doc 'cb34e186-4ef1-408b-bdbe-bd90ebc2e094' routed to 'others'. Reason: High confidence (0.70) but 'technical' not in defined routes - routed to 'others'.
2025-08-07 18:38:33 - router - INFO - Router agent starting...
2025-08-07 18:38:33 - router - INFO - Routes configuration reloaded successfully
2025-08-07 18:38:33 - router - INFO - Active routes: {'resume': 'resumes', 'cv': 'resumes', 'receipt': 'receipts', 'invoice': 'invoices', 'bill': 'bills'}
2025-08-07 18:38:33 - router - INFO - Default folder: others, Needs action folder: needs_action
2025-08-07 18:38:33 - router - INFO - Routing configuration loaded:
2025-08-07 18:38:33 - router - INFO -   - Document routes: {'resume': 'resumes', 'cv': 'resumes', 'receipt': 'receipts', 'invoice': 'invoices', 'bill': 'bills'}
2025-08-07 18:38:33 - router - INFO -   - Default folder: others
2025-08-07 18:38:33 - router - INFO -   - Needs action folder: needs_action
2025-08-07 18:38:33 - router - INFO -   - Confidence threshold: 0.7
2025-08-07 18:38:33 - router - INFO -   - Allowed folders: {'resumes', 'bills', 'needs_action', 'invoices', 'others', 'receipts'}
2025-08-07 18:38:33 - router - INFO - Database connection established
2025-08-07 18:38:33 - router - INFO - Successfully connected to Kafka. Listening on topic 'doc.classified'...
2025-08-07 18:38:55 - router - INFO - Received new message from Kafka: doc_id '7535dc64-d72b-4ea8-81fd-9896b3a99f8e'
2025-08-07 18:38:55 - router - INFO - Created/ensured folder exists: D:\Langs\Team_Docs\Local working prototype\Document-Ingestion-and-Classification\Backend\router\routed_documents\others
2025-08-07 18:38:55 - router - INFO - File copied successfully to: D:\Langs\Team_Docs\Local working prototype\Document-Ingestion-and-Classification\Backend\router\routed_documents\others\test_doc.txt
2025-08-07 18:38:55 - router - INFO - Doc '7535dc64-d72b-4ea8-81fd-9896b3a99f8e' routed to 'others'. Reason: High confidence (0.70) but 'technical' not in defined routes - routed to 'others'.
2025-08-07 18:41:38 - router - INFO - Router agent starting...
2025-08-07 18:41:38 - router - INFO - Routes configuration reloaded successfully
2025-08-07 18:41:38 - router - INFO - Active routes: {'resume': 'resumes', 'cv': 'resumes', 'receipt': 'receipts', 'invoice': 'invoices', 'bill': 'bills'}
2025-08-07 18:41:38 - router - INFO - Default folder: others, Needs action folder: needs_action
2025-08-07 18:41:38 - router - INFO - Routing configuration loaded:
2025-08-07 18:41:38 - router - INFO -   - Document routes: {'resume': 'resumes', 'cv': 'resumes', 'receipt': 'receipts', 'invoice': 'invoices', 'bill': 'bills'}
2025-08-07 18:41:38 - router - INFO -   - Default folder: others
2025-08-07 18:41:38 - router - INFO -   - Needs action folder: needs_action
2025-08-07 18:41:38 - router - INFO -   - Confidence threshold: 0.7
2025-08-07 18:41:38 - router - INFO -   - Allowed folders: {'resumes', 'bills', 'invoices', 'needs_action', 'others', 'receipts'}
2025-08-07 18:41:38 - router - INFO - Database connection established
2025-08-07 18:41:38 - router - INFO - Successfully connected to Kafka. Listening on topic 'doc.classified'...
2025-08-07 18:42:01 - router - INFO - Received new message from Kafka: doc_id '4adc7c52-8f58-4802-8205-b86fa2f5978c'
2025-08-07 18:42:01 - router - INFO - Created/ensured folder exists: D:\Langs\Team_Docs\Local working prototype\Document-Ingestion-and-Classification\Backend\router\routed_documents\others
2025-08-07 18:42:01 - router - INFO - File copied successfully to: D:\Langs\Team_Docs\Local working prototype\Document-Ingestion-and-Classification\Backend\router\routed_documents\others\test_doc.txt
2025-08-07 18:42:01 - router - INFO - Doc '4adc7c52-8f58-4802-8205-b86fa2f5978c' routed to 'others'. Reason: High confidence (0.70) but 'technical' not in defined routes - routed to 'others'.
2025-08-07 18:48:31 - router - INFO - Router agent starting...
2025-08-07 18:48:31 - router - INFO - Routes configuration reloaded successfully
2025-08-07 18:48:31 - router - INFO - Active routes: {'resume': 'resumes', 'cv': 'resumes', 'receipt': 'receipts', 'invoice': 'invoices', 'bill': 'bills'}
2025-08-07 18:48:31 - router - INFO - Default folder: others, Needs action folder: needs_action
2025-08-07 18:48:31 - router - INFO - Routing configuration loaded:
2025-08-07 18:48:31 - router - INFO -   - Document routes: {'resume': 'resumes', 'cv': 'resumes', 'receipt': 'receipts', 'invoice': 'invoices', 'bill': 'bills'}
2025-08-07 18:48:31 - router - INFO -   - Default folder: others
2025-08-07 18:48:31 - router - INFO -   - Needs action folder: needs_action
2025-08-07 18:48:31 - router - INFO -   - Confidence threshold: 0.7
2025-08-07 18:48:31 - router - INFO -   - Allowed folders: {'invoices', 'needs_action', 'others', 'receipts', 'bills', 'resumes'}
2025-08-07 18:48:31 - router - INFO - Database connection established
2025-08-07 18:48:31 - router - INFO - Successfully connected to Kafka. Listening on topic 'doc.classified'...
2025-08-07 18:48:49 - router - INFO - Received new message from Kafka: doc_id 'b07324b4-8593-4ba3-95d0-28d63d2cfdf5'
2025-08-07 18:48:49 - router - INFO - Created/ensured folder exists: D:\Langs\Team_Docs\Local working prototype\Document-Ingestion-and-Classification\Backend\router\routed_documents\others
2025-08-07 18:48:49 - router - INFO - File copied successfully to: D:\Langs\Team_Docs\Local working prototype\Document-Ingestion-and-Classification\Backend\router\routed_documents\others\test_doc.txt
2025-08-07 18:48:49 - router - INFO - Doc 'b07324b4-8593-4ba3-95d0-28d63d2cfdf5' routed to 'others'. Reason: High confidence (0.70) but 'technical' not in defined routes - routed to 'others'.
2025-08-07 18:51:14 - router - INFO - Received new message from Kafka: doc_id '5debaa05-0b62-4df6-865a-48e7cf3a823c'
2025-08-07 18:51:14 - router - INFO - Created/ensured folder exists: D:\Langs\Team_Docs\Local working prototype\Document-Ingestion-and-Classification\Backend\router\routed_documents\resumes
2025-08-07 18:51:14 - router - INFO - File copied successfully to: D:\Langs\Team_Docs\Local working prototype\Document-Ingestion-and-Classification\Backend\router\routed_documents\resumes\MUGUNTHAN_S.pdf
2025-08-07 18:51:14 - router - INFO - Doc '5debaa05-0b62-4df6-865a-48e7cf3a823c' routed to 'resumes'. Reason: High confidence (0.70) - routed to 'resumes' (mapped from 'resume').
2025-08-08 09:52:35 - router - INFO - Router agent starting...
2025-08-08 09:52:35 - router - INFO - Routes configuration reloaded successfully
2025-08-08 09:52:35 - router - INFO - Active routes: {'resume': 'resumes', 'cv': 'resumes', 'receipt': 'receipts', 'invoice': 'invoices', 'bill': 'bills'}
2025-08-08 09:52:35 - router - INFO - Default folder: others, Needs action folder: needs_action
2025-08-08 09:52:35 - router - INFO - Routing configuration loaded:
2025-08-08 09:52:35 - router - INFO -   - Document routes: {'resume': 'resumes', 'cv': 'resumes', 'receipt': 'receipts', 'invoice': 'invoices', 'bill': 'bills'}
2025-08-08 09:52:35 - router - INFO -   - Default folder: others
2025-08-08 09:52:35 - router - INFO -   - Needs action folder: needs_action
2025-08-08 09:52:35 - router - INFO -   - Confidence threshold: 0.7
2025-08-08 09:52:35 - router - INFO -   - Allowed folders: {'needs_action', 'bills', 'resumes', 'invoices', 'others', 'receipts'}
2025-08-08 09:52:35 - router - INFO - Database connection established
2025-08-08 09:52:35 - router - INFO - Successfully connected to Kafka. Listening on topic 'doc.classified'...
2025-08-08 10:07:39 - router - INFO - Received new message from Kafka: doc_id '1d16d476-9dd8-446e-a2f3-5f249cf2add6'
2025-08-08 10:07:39 - router - INFO - Created/ensured folder exists: D:\Langs\Team_Docs\Local working prototype\Document-Ingestion-and-Classification\Backend\router\routed_documents\others
2025-08-08 10:07:39 - router - INFO - File copied successfully to: D:\Langs\Team_Docs\Local working prototype\Document-Ingestion-and-Classification\Backend\router\routed_documents\others\NEW_RESUME1.pdf
2025-08-08 10:07:39 - router - INFO - Doc '1d16d476-9dd8-446e-a2f3-5f249cf2add6' routed to 'others'. Reason: High confidence (0.70) but 'marksheet' not in defined routes - routed to 'others'.
2025-08-08 10:07:40 - router - INFO - Received new message from Kafka: doc_id 'db897f31-6102-4215-8e37-38aa458db5d2'
2025-08-08 10:07:40 - router - INFO - Created/ensured folder exists: D:\Langs\Team_Docs\Local working prototype\Document-Ingestion-and-Classification\Backend\router\routed_documents\others
2025-08-08 10:07:40 - router - INFO - File copied successfully to: D:\Langs\Team_Docs\Local working prototype\Document-Ingestion-and-Classification\Backend\router\routed_documents\others\NEW_RESUME1.pdf
2025-08-08 10:07:40 - router - INFO - Doc 'db897f31-6102-4215-8e37-38aa458db5d2' routed to 'others'. Reason: High confidence (0.70) but 'marksheet' not in defined routes - routed to 'others'.
2025-08-08 10:27:55 - router - INFO - Router agent starting...
2025-08-08 10:27:55 - router - INFO - Routes configuration reloaded successfully
2025-08-08 10:27:55 - router - INFO - Active routes: {'resume': 'resumes', 'cv': 'resumes', 'receipt': 'receipts', 'invoice': 'invoices', 'bill': 'bills'}
2025-08-08 10:27:55 - router - INFO - Default folder: others, Needs action folder: needs_action
2025-08-08 10:27:55 - router - INFO - Routing configuration loaded:
2025-08-08 10:27:55 - router - INFO -   - Document routes: {'resume': 'resumes', 'cv': 'resumes', 'receipt': 'receipts', 'invoice': 'invoices', 'bill': 'bills'}
2025-08-08 10:27:55 - router - INFO -   - Default folder: others
2025-08-08 10:27:55 - router - INFO -   - Needs action folder: needs_action
2025-08-08 10:27:55 - router - INFO -   - Confidence threshold: 0.7
2025-08-08 10:27:55 - router - INFO -   - Allowed folders: {'others', 'invoices', 'receipts', 'needs_action', 'bills', 'resumes'}
2025-08-08 10:27:55 - router - INFO - Database connection established
2025-08-08 10:27:55 - router - INFO - Successfully connected to Kafka. Listening on topic 'doc.classified'...
2025-08-08 10:45:03 - router - INFO - Router agent starting...
2025-08-08 10:45:03 - router - INFO - Routes configuration reloaded successfully
2025-08-08 10:45:03 - router - INFO - Active routes: {'resume': 'resumes', 'cv': 'resumes', 'receipt': 'receipts', 'invoice': 'invoices', 'bill': 'bills'}
2025-08-08 10:45:03 - router - INFO - Default folder: others, Needs action folder: needs_action
2025-08-08 10:45:03 - router - INFO - Routing configuration loaded:
2025-08-08 10:45:03 - router - INFO -   - Document routes: {'resume': 'resumes', 'cv': 'resumes', 'receipt': 'receipts', 'invoice': 'invoices', 'bill': 'bills'}
2025-08-08 10:45:03 - router - INFO -   - Default folder: others
2025-08-08 10:45:03 - router - INFO -   - Needs action folder: needs_action
2025-08-08 10:45:03 - router - INFO -   - Confidence threshold: 0.7
2025-08-08 10:45:03 - router - INFO -   - Allowed folders: {'receipts', 'bills', 'needs_action', 'others', 'resumes', 'invoices'}
2025-08-08 10:45:03 - router - INFO - Database connection established
2025-08-08 10:45:03 - router - INFO - Successfully connected to Kafka. Listening on topic 'doc.classified'...
2025-08-08 11:02:03 - router - INFO - Router agent starting...
2025-08-08 11:02:03 - router - INFO - Routes configuration reloaded successfully
2025-08-08 11:02:03 - router - INFO - Active routes: {'resume': 'resumes', 'cv': 'resumes', 'receipt': 'receipts', 'invoice': 'invoices', 'bill': 'bills'}
2025-08-08 11:02:03 - router - INFO - Default folder: others, Needs action folder: needs_action
2025-08-08 11:02:03 - router - INFO - Routing configuration loaded:
2025-08-08 11:02:03 - router - INFO -   - Document routes: {'resume': 'resumes', 'cv': 'resumes', 'receipt': 'receipts', 'invoice': 'invoices', 'bill': 'bills'}
2025-08-08 11:02:03 - router - INFO -   - Default folder: others
2025-08-08 11:02:03 - router - INFO -   - Needs action folder: needs_action
2025-08-08 11:02:03 - router - INFO -   - Confidence threshold: 0.7
2025-08-08 11:02:03 - router - INFO -   - Allowed folders: {'resumes', 'needs_action', 'others', 'invoices', 'receipts', 'bills'}
2025-08-08 11:02:03 - router - INFO - Database connection established
2025-08-08 11:02:03 - router - INFO - Successfully connected to Kafka. Listening on topic 'doc.classified'...
2025-08-08 11:05:46 - router - INFO - Received new message from Kafka: doc_id '1f2157a0-ed73-4ad6-b076-e76fe46b18a9'
2025-08-08 11:05:46 - router - INFO - Created/ensured folder exists: D:\Langs\Team_Docs\Local working prototype\Document-Ingestion-and-Classification\Backend\router\routed_documents\resumes
2025-08-08 11:05:46 - router - INFO - File copied successfully to: D:\Langs\Team_Docs\Local working prototype\Document-Ingestion-and-Classification\Backend\router\routed_documents\resumes\test_document.txt
2025-08-08 11:05:46 - router - INFO - Doc '1f2157a0-ed73-4ad6-b076-e76fe46b18a9' routed to 'resumes'. Reason: High confidence (0.70) - routed to 'resumes' (mapped from 'resume').
2025-08-08 11:27:14 - router - INFO - Router agent starting...
2025-08-08 11:27:14 - router - INFO - Routes configuration reloaded successfully
2025-08-08 11:27:14 - router - INFO - Active routes: {'resume': 'resumes', 'cv': 'resumes', 'receipt': 'receipts', 'invoice': 'invoices', 'bill': 'bills'}
2025-08-08 11:27:14 - router - INFO - Default folder: others, Needs action folder: needs_action
2025-08-08 11:27:14 - router - INFO - Routing configuration loaded:
2025-08-08 11:27:14 - router - INFO -   - Document routes: {'resume': 'resumes', 'cv': 'resumes', 'receipt': 'receipts', 'invoice': 'invoices', 'bill': 'bills'}
2025-08-08 11:27:14 - router - INFO -   - Default folder: others
2025-08-08 11:27:14 - router - INFO -   - Needs action folder: needs_action
2025-08-08 11:27:14 - router - INFO -   - Confidence threshold: 0.7
2025-08-08 11:27:14 - router - INFO -   - Allowed folders: {'bills', 'others', 'needs_action', 'invoices', 'receipts', 'resumes'}
2025-08-08 11:27:15 - router - INFO - Database connection established
2025-08-08 11:27:15 - router - INFO - Successfully connected to Kafka. Listening on topic 'doc.classified'...
2025-08-08 11:44:19 - router - INFO - Router agent starting...
2025-08-08 11:44:19 - router - INFO - Routes configuration reloaded successfully
2025-08-08 11:44:19 - router - INFO - Active routes: {'resume': 'resumes', 'cv': 'resumes', 'receipt': 'receipts', 'invoice': 'invoices', 'bill': 'bills'}
2025-08-08 11:44:19 - router - INFO - Default folder: others, Needs action folder: needs_action
2025-08-08 11:44:19 - router - INFO - Routing configuration loaded:
2025-08-08 11:44:19 - router - INFO -   - Document routes: {'resume': 'resumes', 'cv': 'resumes', 'receipt': 'receipts', 'invoice': 'invoices', 'bill': 'bills'}
2025-08-08 11:44:19 - router - INFO -   - Default folder: others
2025-08-08 11:44:19 - router - INFO -   - Needs action folder: needs_action
2025-08-08 11:44:19 - router - INFO -   - Confidence threshold: 0.7
2025-08-08 11:44:19 - router - INFO -   - Allowed folders: {'invoices', 'others', 'bills', 'needs_action', 'receipts', 'resumes'}
2025-08-08 11:44:19 - router - INFO - Database connection established
2025-08-08 11:44:19 - router - INFO - Successfully connected to Kafka. Listening on topic 'doc.classified'...
2025-08-08 11:47:43 - router - INFO - Router agent starting...
2025-08-08 11:47:43 - router - INFO - Routes configuration reloaded successfully
2025-08-08 11:47:43 - router - INFO - Active routes: {'resume': 'resumes', 'cv': 'resumes', 'receipt': 'receipts', 'invoice': 'invoices', 'bill': 'bills'}
2025-08-08 11:47:43 - router - INFO - Default folder: others, Needs action folder: needs_action
2025-08-08 11:47:43 - router - INFO - Routing configuration loaded:
2025-08-08 11:47:43 - router - INFO -   - Document routes: {'resume': 'resumes', 'cv': 'resumes', 'receipt': 'receipts', 'invoice': 'invoices', 'bill': 'bills'}
2025-08-08 11:47:43 - router - INFO -   - Default folder: others
2025-08-08 11:47:43 - router - INFO -   - Needs action folder: needs_action
2025-08-08 11:47:43 - router - INFO -   - Confidence threshold: 0.7
2025-08-08 11:47:43 - router - INFO -   - Allowed folders: {'needs_action', 'bills', 'invoices', 'others', 'resumes', 'receipts'}
2025-08-08 11:47:43 - router - INFO - Database connection established
2025-08-08 11:47:44 - router - INFO - Successfully connected to Kafka. Listening on topic 'doc.classified'...
2025-08-08 11:48:58 - router - INFO - Received new message from Kafka: doc_id 'b2625dbb-c82b-4f44-a660-3fab4399c68e'
2025-08-08 11:48:58 - router - INFO - Created/ensured folder exists: D:\Langs\Team_Docs\Local working prototype\Document-Ingestion-and-Classification\backend\router\routed_documents\others
2025-08-08 11:48:59 - router - INFO - File copied successfully to: D:\Langs\Team_Docs\Local working prototype\Document-Ingestion-and-Classification\backend\router\routed_documents\others\Results.pdf
2025-08-08 11:48:59 - router - INFO - Doc 'b2625dbb-c82b-4f44-a660-3fab4399c68e' routed to 'others'. Reason: High confidence (0.76) but 'marksheet' not in defined routes - routed to 'others'.
2025-08-08 11:49:56 - router - INFO - Received new message from Kafka: doc_id '031220ac-955b-4d3e-b3b2-9ad968552154'
2025-08-08 11:49:56 - router - INFO - Created/ensured folder exists: D:\Langs\Team_Docs\Local working prototype\Document-Ingestion-and-Classification\backend\router\routed_documents\resumes
2025-08-08 11:49:56 - router - INFO - File copied successfully to: D:\Langs\Team_Docs\Local working prototype\Document-Ingestion-and-Classification\backend\router\routed_documents\resumes\MUGUNTHAN_S.pdf
2025-08-08 11:49:56 - router - INFO - Doc '031220ac-955b-4d3e-b3b2-9ad968552154' routed to 'resumes'. Reason: High confidence (0.70) - routed to 'resumes' (mapped from 'resume').
2025-08-08 11:49:57 - router - INFO - Received new message from Kafka: doc_id 'c78c7d39-674b-496c-a03b-de5082f7fa88'
2025-08-08 11:49:57 - router - INFO - Created/ensured folder exists: D:\Langs\Team_Docs\Local working prototype\Document-Ingestion-and-Classification\backend\router\routed_documents\resumes
2025-08-08 11:49:57 - router - INFO - File copied successfully to: D:\Langs\Team_Docs\Local working prototype\Document-Ingestion-and-Classification\backend\router\routed_documents\resumes\MUGUNTHAN_S.pdf
2025-08-08 11:49:57 - router - INFO - Doc 'c78c7d39-674b-496c-a03b-de5082f7fa88' routed to 'resumes'. Reason: High confidence (0.70) - routed to 'resumes' (mapped from 'resume').
2025-08-08 11:57:55 - router - INFO - Router agent starting...
2025-08-08 11:57:55 - router - INFO - Routes configuration reloaded successfully
2025-08-08 11:57:55 - router - INFO - Active routes: {'resume': 'resumes', 'cv': 'resumes', 'receipt': 'receipts', 'invoice': 'invoices', 'bill': 'bills'}
2025-08-08 11:57:55 - router - INFO - Default folder: others, Needs action folder: needs_action
2025-08-08 11:57:55 - router - INFO - Routing configuration loaded:
2025-08-08 11:57:55 - router - INFO -   - Document routes: {'resume': 'resumes', 'cv': 'resumes', 'receipt': 'receipts', 'invoice': 'invoices', 'bill': 'bills'}
2025-08-08 11:57:55 - router - INFO -   - Default folder: others
2025-08-08 11:57:55 - router - INFO -   - Needs action folder: needs_action
2025-08-08 11:57:55 - router - INFO -   - Confidence threshold: 0.7
2025-08-08 11:57:55 - router - INFO -   - Allowed folders: {'receipts', 'others', 'invoices', 'needs_action', 'bills', 'resumes'}
2025-08-08 11:57:56 - router - INFO - Database connection established
2025-08-08 11:57:56 - router - INFO - Successfully connected to Kafka. Listening on topic 'doc.classified'...
2025-08-08 12:03:52 - router - INFO - Received new message from Kafka: doc_id 'ab5c8f18-19b7-4d1b-8b1d-c760706c9c02'
2025-08-08 12:03:52 - router - INFO - Created/ensured folder exists: D:\Langs\Team_Docs\Local working prototype\Document-Ingestion-and-Classification\Backend\router\routed_documents\others
2025-08-08 12:03:52 - router - INFO - File copied successfully to: D:\Langs\Team_Docs\Local working prototype\Document-Ingestion-and-Classification\Backend\router\routed_documents\others\reclassify_test.txt
2025-08-08 12:03:52 - router - INFO - Doc 'ab5c8f18-19b7-4d1b-8b1d-c760706c9c02' routed to 'others'. Reason: High confidence (0.70) but 'technical' not in defined routes - routed to 'others'.
2025-08-08 12:23:53 - router - INFO - Received new message from Kafka: doc_id '05355129-9596-4403-9e0e-d0ec62db6d1a'
2025-08-08 12:23:53 - router - INFO - Created/ensured folder exists: D:\Langs\Team_Docs\Local working prototype\Document-Ingestion-and-Classification\Backend\router\routed_documents\others
2025-08-08 12:23:53 - router - INFO - File copied successfully to: D:\Langs\Team_Docs\Local working prototype\Document-Ingestion-and-Classification\Backend\router\routed_documents\others\nationaltravels.co.in_booking-confirm.html_pnr_number5828329cms_status0emailkumar010370gmail.com.pdf
2025-08-08 12:23:53 - router - INFO - Doc '05355129-9596-4403-9e0e-d0ec62db6d1a' routed to 'others'. Reason: High confidence (0.70) but 'train ticket' not in defined routes - routed to 'others'.
2025-08-08 12:23:54 - router - INFO - Received new message from Kafka: doc_id 'c13760d7-9715-45c8-9bd7-05846e70e9d2'
2025-08-08 12:23:54 - router - INFO - Created/ensured folder exists: D:\Langs\Team_Docs\Local working prototype\Document-Ingestion-and-Classification\Backend\router\routed_documents\invoices
2025-08-08 12:23:54 - router - INFO - File copied successfully to: D:\Langs\Team_Docs\Local working prototype\Document-Ingestion-and-Classification\Backend\router\routed_documents\invoices\sample-invoice.pdf
2025-08-08 12:23:54 - router - INFO - Doc 'c13760d7-9715-45c8-9bd7-05846e70e9d2' routed to 'invoices'. Reason: High confidence (0.70) - routed to 'invoices' (mapped from 'invoice').
2025-08-08 12:25:28 - router - INFO - Received new message from Kafka: doc_id 'e3f25ca1-334a-48c1-bcc9-d9d649944232'
2025-08-08 12:25:29 - router - INFO - Created/ensured folder exists: D:\Langs\Team_Docs\Local working prototype\Document-Ingestion-and-Classification\Backend\router\routed_documents\others
2025-08-08 12:25:29 - router - INFO - File copied successfully to: D:\Langs\Team_Docs\Local working prototype\Document-Ingestion-and-Classification\Backend\router\routed_documents\others\CRUDOperationsinMongoDB_Badge20250620-27-jt9xd8.pdf
2025-08-08 12:25:29 - router - INFO - Doc 'e3f25ca1-334a-48c1-bcc9-d9d649944232' routed to 'others'. Reason: High confidence (0.70) but 'prescription' not in defined routes - routed to 'others'.
2025-08-08 12:25:29 - router - INFO - Received new message from Kafka: doc_id '7b5be3ea-a8a7-4fbc-bd44-094469dc8bc9'
2025-08-08 12:25:30 - router - INFO - Created/ensured folder exists: D:\Langs\Team_Docs\Local working prototype\Document-Ingestion-and-Classification\Backend\router\routed_documents\others
2025-08-08 12:25:30 - router - INFO - File copied successfully to: D:\Langs\Team_Docs\Local working prototype\Document-Ingestion-and-Classification\Backend\router\routed_documents\others\BuildingRAGAppsUsingMongoDB_Badge20250620-27-1b51p5.pdf
2025-08-08 12:25:30 - router - INFO - Doc '7b5be3ea-a8a7-4fbc-bd44-094469dc8bc9' routed to 'others'. Reason: High confidence (0.70) but 'prescription' not in defined routes - routed to 'others'.
2025-08-08 12:25:30 - router - INFO - Received new message from Kafka: doc_id '4bf812f1-c6b5-43f2-a639-916076efc798'
2025-08-08 12:25:30 - router - INFO - Created/ensured folder exists: D:\Langs\Team_Docs\Local working prototype\Document-Ingestion-and-Classification\Backend\router\routed_documents\others
2025-08-08 12:25:30 - router - INFO - File copied successfully to: D:\Langs\Team_Docs\Local working prototype\Document-Ingestion-and-Classification\Backend\router\routed_documents\others\BuildingAI-PoweredSearchwithMongoDBVectorSearch_Badge20250620-27-bqobga.pdf
2025-08-08 12:25:30 - router - INFO - Doc '4bf812f1-c6b5-43f2-a639-916076efc798' routed to 'others'. Reason: High confidence (0.70) but 'brochure' not in defined routes - routed to 'others'.
2025-08-08 12:25:31 - router - INFO - Received new message from Kafka: doc_id 'a69d3c54-11e4-4554-bbb5-8d3c91e2011b'
2025-08-08 12:25:31 - router - INFO - Created/ensured folder exists: D:\Langs\Team_Docs\Local working prototype\Document-Ingestion-and-Classification\Backend\router\routed_documents\others
2025-08-08 12:25:31 - router - INFO - File copied successfully to: D:\Langs\Team_Docs\Local working prototype\Document-Ingestion-and-Classification\Backend\router\routed_documents\others\FromRelationalModelSQLtoMongoDBsDocumentModel_Badge20250620-26-c3iwpo.pdf
2025-08-08 12:25:31 - router - INFO - Doc 'a69d3c54-11e4-4554-bbb5-8d3c91e2011b' routed to 'others'. Reason: High confidence (0.70) but 'technical' not in defined routes - routed to 'others'.
2025-08-08 12:25:33 - router - INFO - Received new message from Kafka: doc_id '8ad58e61-52e5-4f35-b555-17dd5923b30a'
2025-08-08 12:25:33 - router - INFO - Created/ensured folder exists: D:\Langs\Team_Docs\Local working prototype\Document-Ingestion-and-Classification\Backend\router\routed_documents\resumes
2025-08-08 12:25:33 - router - INFO - File copied successfully to: D:\Langs\Team_Docs\Local working prototype\Document-Ingestion-and-Classification\Backend\router\routed_documents\resumes\GODWIN_JUDAH_J_RESUME_-_GODWIN_JUDAH_J.pdf
2025-08-08 12:25:33 - router - INFO - Doc '8ad58e61-52e5-4f35-b555-17dd5923b30a' routed to 'resumes'. Reason: High confidence (0.70) - routed to 'resumes' (mapped from 'resume').
2025-08-08 12:25:39 - router - INFO - Received new message from Kafka: doc_id '17f7c1f8-a90f-40af-ae85-822b4ebbac4d'
2025-08-08 12:25:39 - router - INFO - Created/ensured folder exists: D:\Langs\Team_Docs\Local working prototype\Document-Ingestion-and-Classification\Backend\router\routed_documents\others
2025-08-08 12:25:39 - router - INFO - File copied successfully to: D:\Langs\Team_Docs\Local working prototype\Document-Ingestion-and-Classification\Backend\router\routed_documents\others\Intel_AI_Reference_Kits.pdf
2025-08-08 12:25:39 - router - INFO - Doc '17f7c1f8-a90f-40af-ae85-822b4ebbac4d' routed to 'others'. Reason: High confidence (0.70) but 'business pitch deck' not in defined routes - routed to 'others'.
2025-08-08 12:25:40 - router - INFO - Received new message from Kafka: doc_id '43860923-890e-4f6e-b718-5eb92581984c'
2025-08-08 12:25:40 - router - INFO - Created/ensured folder exists: D:\Langs\Team_Docs\Local working prototype\Document-Ingestion-and-Classification\Backend\router\routed_documents\others
2025-08-08 12:25:40 - router - INFO - File copied successfully to: D:\Langs\Team_Docs\Local working prototype\Document-Ingestion-and-Classification\Backend\router\routed_documents\others\JAYA_SHREE_RESUME_3_-_JAYA_SHREE_P.pdf
2025-08-08 12:25:40 - router - INFO - Doc '43860923-890e-4f6e-b718-5eb92581984c' routed to 'others'. Reason: High confidence (0.70) but 'advertisement' not in defined routes - routed to 'others'.
2025-08-08 12:25:41 - router - INFO - Received new message from Kafka: doc_id 'b2a3dd36-e1ff-41f3-93a6-91b654c72550'
2025-08-08 12:25:41 - router - INFO - Created/ensured folder exists: D:\Langs\Team_Docs\Local working prototype\Document-Ingestion-and-Classification\Backend\router\routed_documents\resumes
2025-08-08 12:25:41 - router - INFO - File copied successfully to: D:\Langs\Team_Docs\Local working prototype\Document-Ingestion-and-Classification\Backend\router\routed_documents\resumes\JAYASHREE-resume_-_JAYASHREE_R.pdf
2025-08-08 12:25:41 - router - INFO - Doc 'b2a3dd36-e1ff-41f3-93a6-91b654c72550' routed to 'resumes'. Reason: High confidence (0.70) - routed to 'resumes' (mapped from 'resume').
2025-08-08 12:25:41 - router - INFO - Received new message from Kafka: doc_id 'da28e28c-dd1b-405f-b69a-c33c42f5f06d'
2025-08-08 12:25:41 - router - INFO - Created/ensured folder exists: D:\Langs\Team_Docs\Local working prototype\Document-Ingestion-and-Classification\Backend\router\routed_documents\others
2025-08-08 12:25:41 - router - INFO - File copied successfully to: D:\Langs\Team_Docs\Local working prototype\Document-Ingestion-and-Classification\Backend\router\routed_documents\others\MongoDBAdvancedSchemaDesignPatternsandAntipatternsSkillBadge_Badge20250620-25-quwb1l.pdf
2025-08-08 12:25:41 - router - INFO - Doc 'da28e28c-dd1b-405f-b69a-c33c42f5f06d' routed to 'others'. Reason: High confidence (0.70) but 'brochure' not in defined routes - routed to 'others'.
2025-08-08 12:25:42 - router - INFO - Received new message from Kafka: doc_id '71184a4d-ae83-46d8-866b-39ed37909eb1'
2025-08-08 12:25:42 - router - INFO - Created/ensured folder exists: D:\Langs\Team_Docs\Local working prototype\Document-Ingestion-and-Classification\Backend\router\routed_documents\others
2025-08-08 12:25:42 - router - INFO - File copied successfully to: D:\Langs\Team_Docs\Local working prototype\Document-Ingestion-and-Classification\Backend\router\routed_documents\others\MongoDBAggregationFundamentals_Badge20250620-27-bg2ih1.pdf
2025-08-08 12:25:42 - router - INFO - Doc '71184a4d-ae83-46d8-866b-39ed37909eb1' routed to 'others'. Reason: High confidence (0.70) but 'prescription' not in defined routes - routed to 'others'.
2025-08-08 12:25:42 - router - INFO - Received new message from Kafka: doc_id '67c5b855-4972-48ce-8789-101d503299a3'
2025-08-08 12:25:42 - router - INFO - Created/ensured folder exists: D:\Langs\Team_Docs\Local working prototype\Document-Ingestion-and-Classification\Backend\router\routed_documents\others
2025-08-08 12:25:42 - router - INFO - File copied successfully to: D:\Langs\Team_Docs\Local working prototype\Document-Ingestion-and-Classification\Backend\router\routed_documents\others\MongoDBBasicsforStudents_Badge20250620-29-jwwbtq.pdf
2025-08-08 12:25:42 - router - INFO - Doc '67c5b855-4972-48ce-8789-101d503299a3' routed to 'others'. Reason: High confidence (0.70) but 'prescription' not in defined routes - routed to 'others'.
2025-08-08 12:25:43 - router - INFO - Received new message from Kafka: doc_id '0553f2e5-2092-468b-9aa7-6d50b13bd13b'
2025-08-08 12:25:43 - router - INFO - Created/ensured folder exists: D:\Langs\Team_Docs\Local working prototype\Document-Ingestion-and-Classification\Backend\router\routed_documents\others
2025-08-08 12:25:43 - router - INFO - File copied successfully to: D:\Langs\Team_Docs\Local working prototype\Document-Ingestion-and-Classification\Backend\router\routed_documents\others\MongoDBQueryOptimizationTechniques_Badge20250620-25-uqulmn.pdf
2025-08-08 12:25:43 - router - INFO - Doc '0553f2e5-2092-468b-9aa7-6d50b13bd13b' routed to 'others'. Reason: High confidence (0.70) but 'prescription' not in defined routes - routed to 'others'.
2025-08-08 12:25:44 - router - INFO - Received new message from Kafka: doc_id 'd5c10023-aba7-40a3-8e5f-99e792bd37d1'
2025-08-08 12:25:44 - router - INFO - Created/ensured folder exists: D:\Langs\Team_Docs\Local working prototype\Document-Ingestion-and-Classification\Backend\router\routed_documents\others
2025-08-08 12:25:44 - router - INFO - File copied successfully to: D:\Langs\Team_Docs\Local working prototype\Document-Ingestion-and-Classification\Backend\router\routed_documents\others\MongoDBSchemaDesignOptimizationSkillBadge_Badge20250620-24-g7xmz9.pdf
2025-08-08 12:25:44 - router - INFO - Doc 'd5c10023-aba7-40a3-8e5f-99e792bd37d1' routed to 'others'. Reason: High confidence (0.70) but 'prescription' not in defined routes - routed to 'others'.
2025-08-08 12:25:44 - router - INFO - Received new message from Kafka: doc_id '7b58588c-855b-4f07-9793-57d5ee653d75'
2025-08-08 12:25:45 - router - INFO - Created/ensured folder exists: D:\Langs\Team_Docs\Local working prototype\Document-Ingestion-and-Classification\Backend\router\routed_documents\others
2025-08-08 12:25:45 - router - INFO - File copied successfully to: D:\Langs\Team_Docs\Local working prototype\Document-Ingestion-and-Classification\Backend\router\routed_documents\others\MongoDBSchemaDesignPatternsandAntipatternsSkillBadge_Badge20250620-27-v47272.pdf
2025-08-08 12:25:45 - router - INFO - Doc '7b58588c-855b-4f07-9793-57d5ee653d75' routed to 'others'. Reason: High confidence (0.70) but 'brochure' not in defined routes - routed to 'others'.
2025-08-08 12:25:46 - router - INFO - Received new message from Kafka: doc_id '2d815132-8816-48a2-a5a9-88e11781bab8'
2025-08-08 12:25:46 - router - INFO - Created/ensured folder exists: D:\Langs\Team_Docs\Local working prototype\Document-Ingestion-and-Classification\Backend\router\routed_documents\resumes
2025-08-08 12:25:46 - router - INFO - File copied successfully to: D:\Langs\Team_Docs\Local working prototype\Document-Ingestion-and-Classification\Backend\router\routed_documents\resumes\Muni_Charmi_-_MUNI_CHARMI_T.pdf
2025-08-08 12:25:46 - router - INFO - Doc '2d815132-8816-48a2-a5a9-88e11781bab8' routed to 'resumes'. Reason: High confidence (0.70) - routed to 'resumes' (mapped from 'resume').
2025-08-08 12:25:46 - router - INFO - Received new message from Kafka: doc_id '53288d2d-e7eb-4ef8-b3b0-72177740cf14'
2025-08-08 12:25:47 - router - INFO - Created/ensured folder exists: D:\Langs\Team_Docs\Local working prototype\Document-Ingestion-and-Classification\Backend\router\routed_documents\resumes
2025-08-08 12:25:47 - router - INFO - File copied successfully to: D:\Langs\Team_Docs\Local working prototype\Document-Ingestion-and-Classification\Backend\router\routed_documents\resumes\Naveen_-_Resume.pdf
2025-08-08 12:25:47 - router - INFO - Doc '53288d2d-e7eb-4ef8-b3b0-72177740cf14' routed to 'resumes'. Reason: High confidence (0.70) - routed to 'resumes' (mapped from 'resume').
2025-08-08 12:25:48 - router - INFO - Received new message from Kafka: doc_id '44e1fad0-5272-47e0-85a2-6000d41287a1'
2025-08-08 12:25:48 - router - INFO - Created/ensured folder exists: D:\Langs\Team_Docs\Local working prototype\Document-Ingestion-and-Classification\Backend\router\routed_documents\resumes
2025-08-08 12:25:48 - router - INFO - File copied successfully to: D:\Langs\Team_Docs\Local working prototype\Document-Ingestion-and-Classification\Backend\router\routed_documents\resumes\Naveen_Resume.pdf
2025-08-08 12:25:48 - router - INFO - Doc '44e1fad0-5272-47e0-85a2-6000d41287a1' routed to 'resumes'. Reason: High confidence (0.70) - routed to 'resumes' (mapped from 'resume').
2025-08-08 12:25:49 - router - INFO - Received new message from Kafka: doc_id '56ee91ff-a41f-438b-bc5f-347fd0adcee5'
2025-08-08 12:25:49 - router - INFO - Created/ensured folder exists: D:\Langs\Team_Docs\Local working prototype\Document-Ingestion-and-Classification\Backend\router\routed_documents\resumes
2025-08-08 12:25:49 - router - INFO - File copied successfully to: D:\Langs\Team_Docs\Local working prototype\Document-Ingestion-and-Classification\Backend\router\routed_documents\resumes\PRABHU_SUNDAR_Resume_-_PRABHU_SUNDAR_D_1.pdf
2025-08-08 12:25:49 - router - INFO - Doc '56ee91ff-a41f-438b-bc5f-347fd0adcee5' routed to 'resumes'. Reason: High confidence (0.70) - routed to 'resumes' (mapped from 'resume').
2025-08-08 12:25:50 - router - INFO - Received new message from Kafka: doc_id 'fc331f03-3d01-45e3-b5cf-f269d6d52a1e'
2025-08-08 12:25:50 - router - INFO - Created/ensured folder exists: D:\Langs\Team_Docs\Local working prototype\Document-Ingestion-and-Classification\Backend\router\routed_documents\resumes
2025-08-08 12:25:50 - router - INFO - File copied successfully to: D:\Langs\Team_Docs\Local working prototype\Document-Ingestion-and-Classification\Backend\router\routed_documents\resumes\Resume_NEW_Jun_2025_-_KANNAN_C_J.pdf
2025-08-08 12:25:50 - router - INFO - Doc 'fc331f03-3d01-45e3-b5cf-f269d6d52a1e' routed to 'resumes'. Reason: High confidence (0.70) - routed to 'resumes' (mapped from 'resume').
2025-08-08 12:25:51 - router - INFO - Received new message from Kafka: doc_id 'da2fd9e9-405c-4f95-806e-6b7e8767eda5'
2025-08-08 12:25:51 - router - INFO - Created/ensured folder exists: D:\Langs\Team_Docs\Local working prototype\Document-Ingestion-and-Classification\Backend\router\routed_documents\resumes
2025-08-08 12:25:51 - router - INFO - File copied successfully to: D:\Langs\Team_Docs\Local working prototype\Document-Ingestion-and-Classification\Backend\router\routed_documents\resumes\sadha_cv_-_SADHA_SHREE_R.pdf
2025-08-08 12:25:51 - router - INFO - Doc 'da2fd9e9-405c-4f95-806e-6b7e8767eda5' routed to 'resumes'. Reason: High confidence (0.70) - routed to 'resumes' (mapped from 'resume').
2025-08-08 12:25:52 - router - INFO - Received new message from Kafka: doc_id '4c1294ca-7788-4345-9d6a-2ebcb3bcaec3'
2025-08-08 12:25:52 - router - INFO - Created/ensured folder exists: D:\Langs\Team_Docs\Local working prototype\Document-Ingestion-and-Classification\Backend\router\routed_documents\resumes
2025-08-08 12:25:52 - router - INFO - File copied successfully to: D:\Langs\Team_Docs\Local working prototype\Document-Ingestion-and-Classification\Backend\router\routed_documents\resumes\SAHANA_R_-_RESUME_-_SAHANA_R.pdf
2025-08-08 12:25:52 - router - INFO - Doc '4c1294ca-7788-4345-9d6a-2ebcb3bcaec3' routed to 'resumes'. Reason: High confidence (0.70) - routed to 'resumes' (mapped from 'resume').
2025-08-08 12:25:53 - router - INFO - Received new message from Kafka: doc_id 'c200e695-ae28-4eaa-b954-80e3b0a4dfa5'
2025-08-08 12:25:53 - router - INFO - Created/ensured folder exists: D:\Langs\Team_Docs\Local working prototype\Document-Ingestion-and-Classification\Backend\router\routed_documents\others
2025-08-08 12:25:53 - router - INFO - File copied successfully to: D:\Langs\Team_Docs\Local working prototype\Document-Ingestion-and-Classification\Backend\router\routed_documents\others\SecuringMongoDBAtlasAuthenticationAuthorization_Badge20250620-24-80voyh.pdf
2025-08-08 12:25:53 - router - INFO - Doc 'c200e695-ae28-4eaa-b954-80e3b0a4dfa5' routed to 'others'. Reason: High confidence (0.70) but 'prescription' not in defined routes - routed to 'others'.
2025-08-08 12:25:53 - router - INFO - Received new message from Kafka: doc_id '3e65d0a3-bc96-433c-ac9b-45d9e7c5df31'
2025-08-08 12:25:53 - router - INFO - Created/ensured folder exists: D:\Langs\Team_Docs\Local working prototype\Document-Ingestion-and-Classification\Backend\router\routed_documents\others
2025-08-08 12:25:53 - router - INFO - File copied successfully to: D:\Langs\Team_Docs\Local working prototype\Document-Ingestion-and-Classification\Backend\router\routed_documents\others\SecuringMongoDBSelf-ManagedAuthenticationAuthorization_Badge20250620-29-nv0d3x.pdf
2025-08-08 12:25:53 - router - INFO - Doc '3e65d0a3-bc96-433c-ac9b-45d9e7c5df31' routed to 'others'. Reason: High confidence (0.70) but 'prescription' not in defined routes - routed to 'others'.
2025-08-08 12:38:27 - router - INFO - Router agent starting...
2025-08-08 12:38:27 - router - INFO - Routes configuration reloaded successfully
2025-08-08 12:38:27 - router - INFO - Active routes: {'resume': 'resumes', 'cv': 'resumes', 'receipt': 'receipts', 'invoice': 'invoices', 'bill': 'bills'}
2025-08-08 12:38:27 - router - INFO - Default folder: others, Needs action folder: needs_action
2025-08-08 12:38:27 - router - INFO - Routing configuration loaded:
2025-08-08 12:38:27 - router - INFO -   - Document routes: {'resume': 'resumes', 'cv': 'resumes', 'receipt': 'receipts', 'invoice': 'invoices', 'bill': 'bills'}
2025-08-08 12:38:27 - router - INFO -   - Default folder: others
2025-08-08 12:38:27 - router - INFO -   - Needs action folder: needs_action
2025-08-08 12:38:27 - router - INFO -   - Confidence threshold: 0.7
2025-08-08 12:38:27 - router - INFO -   - Allowed folders: {'resumes', 'bills', 'others', 'invoices', 'needs_action', 'receipts'}
2025-08-08 12:38:27 - router - INFO - Database connection established
2025-08-08 12:38:27 - router - INFO - Successfully connected to Kafka. Listening on topic 'doc.classified'...
2025-08-08 12:41:45 - router - INFO - Router agent starting...
2025-08-08 12:41:45 - router - INFO - Routes configuration reloaded successfully
2025-08-08 12:41:45 - router - INFO - Active routes: {'resume': 'resumes', 'cv': 'resumes', 'receipt': 'receipts', 'invoice': 'invoices', 'bill': 'bills'}
2025-08-08 12:41:45 - router - INFO - Default folder: others, Needs action folder: needs_action
2025-08-08 12:41:45 - router - INFO - Routing configuration loaded:
2025-08-08 12:41:45 - router - INFO -   - Document routes: {'resume': 'resumes', 'cv': 'resumes', 'receipt': 'receipts', 'invoice': 'invoices', 'bill': 'bills'}
2025-08-08 12:41:45 - router - INFO -   - Default folder: others
2025-08-08 12:41:45 - router - INFO -   - Needs action folder: needs_action
2025-08-08 12:41:45 - router - INFO -   - Confidence threshold: 0.7
2025-08-08 12:41:45 - router - INFO -   - Allowed folders: {'bills', 'resumes', 'invoices', 'receipts', 'others', 'needs_action'}
2025-08-08 12:41:45 - router - INFO - Database connection established
2025-08-08 12:41:45 - router - INFO - Successfully connected to Kafka. Listening on topic 'doc.classified'...
2025-08-08 12:53:36 - router - INFO - Router agent starting...
2025-08-08 12:53:36 - router - INFO - Routes configuration reloaded successfully
2025-08-08 12:53:36 - router - INFO - Active routes: {'resume': 'resumes', 'cv': 'resumes', 'receipt': 'receipts', 'invoice': 'invoices', 'bill': 'bills'}
2025-08-08 12:53:36 - router - INFO - Default folder: others, Needs action folder: needs_action
2025-08-08 12:53:36 - router - INFO - Routing configuration loaded:
2025-08-08 12:53:36 - router - INFO -   - Document routes: {'resume': 'resumes', 'cv': 'resumes', 'receipt': 'receipts', 'invoice': 'invoices', 'bill': 'bills'}
2025-08-08 12:53:36 - router - INFO -   - Default folder: others
2025-08-08 12:53:36 - router - INFO -   - Needs action folder: needs_action
2025-08-08 12:53:36 - router - INFO -   - Confidence threshold: 0.7
2025-08-08 12:53:36 - router - INFO -   - Allowed folders: {'others', 'resumes', 'receipts', 'needs_action', 'bills', 'invoices'}
2025-08-08 12:53:36 - router - INFO - Database connection established
2025-08-08 12:53:36 - router - INFO - Successfully connected to Kafka. Listening on topic 'doc.classified'...
2025-08-08 12:56:24 - router - INFO - Router agent starting...
2025-08-08 12:56:24 - router - INFO - Routes configuration reloaded successfully
2025-08-08 12:56:24 - router - INFO - Active routes: {'resume': 'resumes', 'cv': 'resumes', 'receipt': 'receipts', 'invoice': 'invoices', 'bill': 'bills'}
2025-08-08 12:56:24 - router - INFO - Default folder: others, Needs action folder: needs_action
2025-08-08 12:56:24 - router - INFO - Routing configuration loaded:
2025-08-08 12:56:24 - router - INFO -   - Document routes: {'resume': 'resumes', 'cv': 'resumes', 'receipt': 'receipts', 'invoice': 'invoices', 'bill': 'bills'}
2025-08-08 12:56:24 - router - INFO -   - Default folder: others
2025-08-08 12:56:24 - router - INFO -   - Needs action folder: needs_action
2025-08-08 12:56:24 - router - INFO -   - Confidence threshold: 0.7
2025-08-08 12:56:24 - router - INFO -   - Allowed folders: {'invoices', 'others', 'bills', 'needs_action', 'resumes', 'receipts'}
2025-08-08 12:56:24 - router - INFO - Database connection established
2025-08-08 12:56:24 - router - INFO - Successfully connected to Kafka. Listening on topic 'doc.classified'...
2025-08-08 13:56:32 - router - INFO - Router agent starting...
2025-08-08 13:56:32 - router - INFO - Routes configuration reloaded successfully
2025-08-08 13:56:32 - router - INFO - Active routes: {'resume': 'resumes', 'cv': 'resumes', 'receipt': 'receipts', 'invoice': 'invoices', 'bill': 'bills'}
2025-08-08 13:56:32 - router - INFO - Default folder: others, Needs action folder: needs_action
2025-08-08 13:56:32 - router - INFO - Routing configuration loaded:
2025-08-08 13:56:32 - router - INFO -   - Document routes: {'resume': 'resumes', 'cv': 'resumes', 'receipt': 'receipts', 'invoice': 'invoices', 'bill': 'bills'}
2025-08-08 13:56:32 - router - INFO -   - Default folder: others
2025-08-08 13:56:32 - router - INFO -   - Needs action folder: needs_action
2025-08-08 13:56:32 - router - INFO -   - Confidence threshold: 0.7
2025-08-08 13:56:32 - router - INFO -   - Allowed folders: {'receipts', 'invoices', 'others', 'resumes', 'needs_action', 'bills'}
2025-08-08 13:56:32 - router - INFO - Database connection established
2025-08-08 13:56:32 - router - INFO - Successfully connected to Kafka. Listening on topic 'doc.classified'...
2025-08-08 14:21:52 - router - INFO - Router agent starting...
2025-08-08 14:21:52 - router - INFO - Routes configuration reloaded successfully
2025-08-08 14:21:52 - router - INFO - Active routes: {'resume': 'resumes', 'cv': 'resumes', 'receipt': 'receipts', 'invoice': 'invoices', 'bill': 'bills'}
2025-08-08 14:21:52 - router - INFO - Default folder: others, Needs action folder: needs_action
2025-08-08 14:21:52 - router - INFO - Routing configuration loaded:
2025-08-08 14:21:52 - router - INFO -   - Document routes: {'resume': 'resumes', 'cv': 'resumes', 'receipt': 'receipts', 'invoice': 'invoices', 'bill': 'bills'}
2025-08-08 14:21:52 - router - INFO -   - Default folder: others
2025-08-08 14:21:52 - router - INFO -   - Needs action folder: needs_action
2025-08-08 14:21:52 - router - INFO -   - Confidence threshold: 0.7
2025-08-08 14:21:52 - router - INFO -   - Allowed folders: {'others', 'bills', 'resumes', 'receipts', 'needs_action', 'invoices'}
2025-08-08 14:21:53 - router - INFO - Database connection established
2025-08-08 14:21:53 - router - INFO - Successfully connected to Kafka. Listening on topic 'doc.classified'...
2025-08-08 15:18:09 - router - INFO - Router agent starting...
2025-08-08 15:18:09 - router - INFO - Routes configuration reloaded successfully
2025-08-08 15:18:09 - router - INFO - Active routes: {'resume': 'resumes', 'cv': 'resumes', 'receipt': 'receipts', 'invoice': 'invoices', 'bill': 'bills'}
2025-08-08 15:18:09 - router - INFO - Default folder: others, Needs action folder: needs_action
2025-08-08 15:18:09 - router - INFO - Routing configuration loaded:
2025-08-08 15:18:09 - router - INFO -   - Document routes: {'resume': 'resumes', 'cv': 'resumes', 'receipt': 'receipts', 'invoice': 'invoices', 'bill': 'bills'}
2025-08-08 15:18:09 - router - INFO -   - Default folder: others
2025-08-08 15:18:09 - router - INFO -   - Needs action folder: needs_action
2025-08-08 15:18:09 - router - INFO -   - Confidence threshold: 0.7
2025-08-08 15:18:09 - router - INFO -   - Allowed folders: {'receipts', 'resumes', 'invoices', 'needs_action', 'bills', 'others'}
2025-08-08 15:18:10 - router - INFO - Database connection established
2025-08-08 15:18:10 - router - INFO - Successfully connected to Kafka. Listening on topic 'doc.classified'...
2025-08-08 15:38:49 - router - INFO - Router agent starting...
2025-08-08 15:38:49 - router - INFO - Routes configuration reloaded successfully
2025-08-08 15:38:49 - router - INFO - Active routes: {'resume': 'resumes', 'cv': 'resumes', 'receipt': 'receipts', 'invoice': 'invoices', 'bill': 'bills'}
2025-08-08 15:38:49 - router - INFO - Default folder: others, Needs action folder: needs_action
2025-08-08 15:38:49 - router - INFO - Routing configuration loaded:
2025-08-08 15:38:49 - router - INFO -   - Document routes: {'resume': 'resumes', 'cv': 'resumes', 'receipt': 'receipts', 'invoice': 'invoices', 'bill': 'bills'}
2025-08-08 15:38:49 - router - INFO -   - Default folder: others
2025-08-08 15:38:49 - router - INFO -   - Needs action folder: needs_action
2025-08-08 15:38:49 - router - INFO -   - Confidence threshold: 0.7
2025-08-08 15:38:49 - router - INFO -   - Allowed folders: {'needs_action', 'resumes', 'receipts', 'bills', 'invoices', 'others'}
2025-08-08 15:38:49 - router - INFO - Database connection established
2025-08-08 15:38:49 - router - INFO - Successfully connected to Kafka. Listening on topic 'doc.classified'...
2025-08-08 15:42:17 - router - INFO - Router agent starting...
2025-08-08 15:42:17 - router - INFO - Routes configuration reloaded successfully
2025-08-08 15:42:17 - router - INFO - Active routes: {'resume': 'resumes', 'cv': 'resumes', 'receipt': 'receipts', 'invoice': 'invoices', 'bill': 'bills'}
2025-08-08 15:42:17 - router - INFO - Default folder: others, Needs action folder: needs_action
2025-08-08 15:42:17 - router - INFO - Routing configuration loaded:
2025-08-08 15:42:17 - router - INFO -   - Document routes: {'resume': 'resumes', 'cv': 'resumes', 'receipt': 'receipts', 'invoice': 'invoices', 'bill': 'bills'}
2025-08-08 15:42:17 - router - INFO -   - Default folder: others
2025-08-08 15:42:17 - router - INFO -   - Needs action folder: needs_action
2025-08-08 15:42:17 - router - INFO -   - Confidence threshold: 0.7
2025-08-08 15:42:17 - router - INFO -   - Allowed folders: {'others', 'needs_action', 'bills', 'invoices', 'receipts', 'resumes'}
2025-08-08 15:42:17 - router - INFO - Database connection established
2025-08-08 15:42:17 - router - INFO - Successfully connected to Kafka. Listening on topic 'doc.classified'...
2025-08-08 15:51:28 - router - INFO - Router agent starting...
2025-08-08 15:51:28 - router - INFO - Routes configuration reloaded successfully
2025-08-08 15:51:28 - router - INFO - Active routes: {'resume': 'resumes', 'cv': 'resumes', 'receipt': 'receipts', 'invoice': 'invoices', 'bill': 'bills'}
2025-08-08 15:51:28 - router - INFO - Default folder: others, Needs action folder: needs_action
2025-08-08 15:51:28 - router - INFO - Routing configuration loaded:
2025-08-08 15:51:28 - router - INFO -   - Document routes: {'resume': 'resumes', 'cv': 'resumes', 'receipt': 'receipts', 'invoice': 'invoices', 'bill': 'bills'}
2025-08-08 15:51:28 - router - INFO -   - Default folder: others
2025-08-08 15:51:28 - router - INFO -   - Needs action folder: needs_action
2025-08-08 15:51:28 - router - INFO -   - Confidence threshold: 0.7
2025-08-08 15:51:28 - router - INFO -   - Allowed folders: {'resumes', 'receipts', 'bills', 'invoices', 'needs_action', 'others'}
2025-08-08 15:51:28 - router - INFO - Database connection established
2025-08-08 15:51:28 - router - INFO - Successfully connected to Kafka. Listening on topic 'doc.classified'...
2025-08-08 16:04:27 - router - INFO - Router agent starting...
2025-08-08 16:04:27 - router - INFO - Routes configuration reloaded successfully
2025-08-08 16:04:27 - router - INFO - Active routes: {'resume': 'resumes', 'cv': 'resumes', 'receipt': 'receipts', 'invoice': 'invoices', 'bill': 'bills'}
2025-08-08 16:04:27 - router - INFO - Default folder: others, Needs action folder: needs_action
2025-08-08 16:04:27 - router - INFO - Routing configuration loaded:
2025-08-08 16:04:27 - router - INFO -   - Document routes: {'resume': 'resumes', 'cv': 'resumes', 'receipt': 'receipts', 'invoice': 'invoices', 'bill': 'bills'}
2025-08-08 16:04:27 - router - INFO -   - Default folder: others
2025-08-08 16:04:27 - router - INFO -   - Needs action folder: needs_action
2025-08-08 16:04:27 - router - INFO -   - Confidence threshold: 0.7
2025-08-08 16:04:27 - router - INFO -   - Allowed folders: {'bills', 'others', 'receipts', 'needs_action', 'invoices', 'resumes'}
2025-08-08 16:04:27 - router - INFO - Database connection established
2025-08-08 16:04:27 - router - INFO - Successfully connected to Kafka. Listening on topic 'doc.classified'...
2025-08-08 16:08:24 - router - INFO - Router agent starting...
2025-08-08 16:08:24 - router - INFO - Routes configuration reloaded successfully
2025-08-08 16:08:24 - router - INFO - Active routes: {'resume': 'resumes', 'cv': 'resumes', 'receipt': 'receipts', 'invoice': 'invoices', 'bill': 'bills'}
2025-08-08 16:08:24 - router - INFO - Default folder: others, Needs action folder: needs_action
2025-08-08 16:08:24 - router - INFO - Routing configuration loaded:
2025-08-08 16:08:24 - router - INFO -   - Document routes: {'resume': 'resumes', 'cv': 'resumes', 'receipt': 'receipts', 'invoice': 'invoices', 'bill': 'bills'}
2025-08-08 16:08:24 - router - INFO -   - Default folder: others
2025-08-08 16:08:24 - router - INFO -   - Needs action folder: needs_action
2025-08-08 16:08:24 - router - INFO -   - Confidence threshold: 0.7
2025-08-08 16:08:24 - router - INFO -   - Allowed folders: {'needs_action', 'receipts', 'invoices', 'others', 'bills', 'resumes'}
2025-08-08 16:08:24 - router - INFO - Database connection established
2025-08-08 16:08:24 - router - INFO - Successfully connected to Kafka. Listening on topic 'doc.classified'...
2025-08-08 16:09:39 - router - INFO - Router agent starting...
2025-08-08 16:09:39 - router - INFO - Routes configuration reloaded successfully
2025-08-08 16:09:39 - router - INFO - Active routes: {'resume': 'resumes', 'cv': 'resumes', 'receipt': 'receipts', 'invoice': 'invoices', 'bill': 'bills'}
2025-08-08 16:09:39 - router - INFO - Default folder: others, Needs action folder: needs_action
2025-08-08 16:09:39 - router - INFO - Routing configuration loaded:
2025-08-08 16:09:39 - router - INFO -   - Document routes: {'resume': 'resumes', 'cv': 'resumes', 'receipt': 'receipts', 'invoice': 'invoices', 'bill': 'bills'}
2025-08-08 16:09:39 - router - INFO -   - Default folder: others
2025-08-08 16:09:39 - router - INFO -   - Needs action folder: needs_action
2025-08-08 16:09:39 - router - INFO -   - Confidence threshold: 0.7
2025-08-08 16:09:39 - router - INFO -   - Allowed folders: {'invoices', 'others', 'bills', 'needs_action', 'resumes', 'receipts'}
2025-08-08 16:09:40 - router - INFO - Database connection established
2025-08-08 16:09:40 - router - INFO - Successfully connected to Kafka. Listening on topic 'doc.classified'...
2025-08-08 16:29:29 - router - INFO - Router agent starting...
2025-08-08 16:29:29 - router - INFO - Routes configuration reloaded successfully
2025-08-08 16:29:29 - router - INFO - Active routes: {'resume': 'resumes', 'cv': 'resumes', 'receipt': 'receipts', 'invoice': 'invoices', 'bill': 'bills'}
2025-08-08 16:29:29 - router - INFO - Default folder: others, Needs action folder: needs_action
2025-08-08 16:29:29 - router - INFO - Routing configuration loaded:
2025-08-08 16:29:29 - router - INFO -   - Document routes: {'resume': 'resumes', 'cv': 'resumes', 'receipt': 'receipts', 'invoice': 'invoices', 'bill': 'bills'}
2025-08-08 16:29:29 - router - INFO -   - Default folder: others
2025-08-08 16:29:29 - router - INFO -   - Needs action folder: needs_action
2025-08-08 16:29:29 - router - INFO -   - Confidence threshold: 0.7
2025-08-08 16:29:29 - router - INFO -   - Allowed folders: {'needs_action', 'resumes', 'bills', 'others', 'invoices', 'receipts'}
2025-08-08 16:29:29 - router - INFO - Database connection established
2025-08-08 16:29:29 - router - INFO - Successfully connected to Kafka. Listening on topic 'doc.classified'...
2025-08-08 16:32:24 - router - INFO - Received new message from Kafka: doc_id '8daeeebb-daff-4950-9a99-96b0e69755dd'
2025-08-08 16:32:24 - router - INFO - Created/ensured folder exists: D:\Langs\Team_Docs\Local working prototype\Document-Ingestion-and-Classification\Backend\router\routed_documents\others
2025-08-08 16:32:24 - router - INFO - File copied successfully to: D:\Langs\Team_Docs\Local working prototype\Document-Ingestion-and-Classification\Backend\router\routed_documents\others\Document Ingestion & Classification.pdf
2025-08-08 16:32:24 - router - INFO - Doc '8daeeebb-daff-4950-9a99-96b0e69755dd' routed to 'others'. Reason: High confidence (0.70) but 'technical' not in defined routes - routed to 'others'.
2025-08-08 16:34:31 - router - INFO - Received new message from Kafka: doc_id '626800a4-dc5b-4737-8148-a311ff852818'
2025-08-08 16:34:31 - router - INFO - Created/ensured folder exists: D:\Langs\Team_Docs\Local working prototype\Document-Ingestion-and-Classification\Backend\router\routed_documents\others
2025-08-08 16:34:31 - router - INFO - File copied successfully to: D:\Langs\Team_Docs\Local working prototype\Document-Ingestion-and-Classification\Backend\router\routed_documents\others\EUREKA.pdf
2025-08-08 16:34:31 - router - INFO - Doc '626800a4-dc5b-4737-8148-a311ff852818' routed to 'others'. Reason: High confidence (0.70) but 'resignation letter' not in defined routes - routed to 'others'.
2025-08-08 16:34:31 - router - INFO - Received new message from Kafka: doc_id '4830d78c-a0e4-4a30-b439-9470ad6eb0fb'
2025-08-08 16:34:32 - router - INFO - Created/ensured folder exists: D:\Langs\Team_Docs\Local working prototype\Document-Ingestion-and-Classification\Backend\router\routed_documents\others
2025-08-08 16:34:32 - router - INFO - File copied successfully to: D:\Langs\Team_Docs\Local working prototype\Document-Ingestion-and-Classification\Backend\router\routed_documents\others\EUREKA.pdf
2025-08-08 16:34:32 - router - INFO - Doc '4830d78c-a0e4-4a30-b439-9470ad6eb0fb' routed to 'others'. Reason: High confidence (0.70) but 'resignation letter' not in defined routes - routed to 'others'.
2025-08-08 16:38:53 - router - INFO - Router agent starting...
2025-08-08 16:38:53 - router - INFO - Routes configuration reloaded successfully
2025-08-08 16:38:53 - router - INFO - Active routes: {'resume': 'resumes', 'cv': 'resumes', 'receipt': 'receipts', 'invoice': 'invoices', 'bill': 'bills'}
2025-08-08 16:38:53 - router - INFO - Default folder: others, Needs action folder: needs_action
2025-08-08 16:38:53 - router - INFO - Routing configuration loaded:
2025-08-08 16:38:53 - router - INFO -   - Document routes: {'resume': 'resumes', 'cv': 'resumes', 'receipt': 'receipts', 'invoice': 'invoices', 'bill': 'bills'}
2025-08-08 16:38:53 - router - INFO -   - Default folder: others
2025-08-08 16:38:53 - router - INFO -   - Needs action folder: needs_action
2025-08-08 16:38:53 - router - INFO -   - Confidence threshold: 0.7
2025-08-08 16:38:53 - router - INFO -   - Allowed folders: {'others', 'resumes', 'needs_action', 'invoices', 'bills', 'receipts'}
2025-08-08 16:38:53 - router - INFO - Database connection established
2025-08-08 16:38:53 - router - INFO - Successfully connected to Kafka. Listening on topic 'doc.classified'...
2025-08-08 17:01:35 - router - INFO - Router agent starting...
2025-08-08 17:01:35 - router - INFO - Routes configuration reloaded successfully
2025-08-08 17:01:35 - router - INFO - Active routes: {'resume': 'resumes', 'cv': 'resumes', 'receipt': 'receipts', 'invoice': 'invoices', 'bill': 'bills'}
2025-08-08 17:01:35 - router - INFO - Default folder: others, Needs action folder: needs_action
2025-08-08 17:01:35 - router - INFO - Routing configuration loaded:
2025-08-08 17:01:35 - router - INFO -   - Document routes: {'resume': 'resumes', 'cv': 'resumes', 'receipt': 'receipts', 'invoice': 'invoices', 'bill': 'bills'}
2025-08-08 17:01:35 - router - INFO -   - Default folder: others
2025-08-08 17:01:35 - router - INFO -   - Needs action folder: needs_action
2025-08-08 17:01:35 - router - INFO -   - Confidence threshold: 0.7
2025-08-08 17:01:35 - router - INFO -   - Allowed folders: {'receipts', 'resumes', 'bills', 'invoices', 'needs_action', 'others'}
2025-08-08 17:01:35 - router - INFO - Database connection established
2025-08-08 17:01:35 - router - INFO - Successfully connected to Kafka. Listening on topic 'doc.classified'...
2025-08-08 17:16:31 - router - INFO - Router agent starting...
2025-08-08 17:16:31 - router - INFO - Routes configuration reloaded successfully
2025-08-08 17:16:31 - router - INFO - Active routes: {'resume': 'resumes', 'cv': 'resumes', 'receipt': 'receipts', 'invoice': 'invoices', 'bill': 'bills'}
2025-08-08 17:16:31 - router - INFO - Default folder: others, Needs action folder: needs_action
2025-08-08 17:16:31 - router - INFO - Routing configuration loaded:
2025-08-08 17:16:31 - router - INFO -   - Document routes: {'resume': 'resumes', 'cv': 'resumes', 'receipt': 'receipts', 'invoice': 'invoices', 'bill': 'bills'}
2025-08-08 17:16:31 - router - INFO -   - Default folder: others
2025-08-08 17:16:31 - router - INFO -   - Needs action folder: needs_action
2025-08-08 17:16:31 - router - INFO -   - Confidence threshold: 0.7
2025-08-08 17:16:31 - router - INFO -   - Allowed folders: {'invoices', 'bills', 'receipts', 'others', 'needs_action', 'resumes'}
2025-08-08 17:16:31 - router - INFO - Database connection established
2025-08-08 17:16:31 - router - INFO - Successfully connected to Kafka. Listening on topic 'doc.classified'...
2025-08-08 17:28:23 - router - INFO - Router agent starting...
2025-08-08 17:28:23 - router - INFO - Routes configuration reloaded successfully
2025-08-08 17:28:23 - router - INFO - Active routes: {'resume': 'resumes', 'cv': 'resumes', 'receipt': 'receipts', 'invoice': 'invoices', 'bill': 'bills'}
2025-08-08 17:28:23 - router - INFO - Default folder: others, Needs action folder: needs_action
2025-08-08 17:28:23 - router - INFO - Routing configuration loaded:
2025-08-08 17:28:23 - router - INFO -   - Document routes: {'resume': 'resumes', 'cv': 'resumes', 'receipt': 'receipts', 'invoice': 'invoices', 'bill': 'bills'}
2025-08-08 17:28:23 - router - INFO -   - Default folder: others
2025-08-08 17:28:23 - router - INFO -   - Needs action folder: needs_action
2025-08-08 17:28:23 - router - INFO -   - Confidence threshold: 0.7
2025-08-08 17:28:23 - router - INFO -   - Allowed folders: {'receipts', 'needs_action', 'invoices', 'bills', 'resumes', 'others'}
2025-08-08 17:28:23 - router - INFO - Database connection established
2025-08-08 17:28:25 - router - ERROR - Could not connect to Kafka. Please ensure Kafka is running.
Traceback (most recent call last):
  File "D:\Langs\Team_Docs\Local working prototype\Document-Ingestion-and-Classification\Backend\router\router.py", line 228, in <module>
    consumer = KafkaConsumer(
               ^^^^^^^^^^^^^^
  File "D:\Langs\Team_Docs\Local working prototype\Document-Ingestion-and-Classification\Backend\venv\Lib\site-packages\kafka\consumer\group.py", line 387, in __init__
    self._client = self.config['kafka_client'](metrics=self._metrics, **self.config)
                   ^^^^^^^^^^^^^^^^^^^^^^^^^^^^^^^^^^^^^^^^^^^^^^^^^^^^^^^^^^^^^^^^^
  File "D:\Langs\Team_Docs\Local working prototype\Document-Ingestion-and-Classification\Backend\venv\Lib\site-packages\kafka\client_async.py", line 262, in __init__
    self.config['api_version'] = self.check_version()
                                 ^^^^^^^^^^^^^^^^^^^^
  File "D:\Langs\Team_Docs\Local working prototype\Document-Ingestion-and-Classification\Backend\venv\Lib\site-packages\kafka\client_async.py", line 1074, in check_version
    raise Errors.NoBrokersAvailable()
kafka.errors.NoBrokersAvailable: NoBrokersAvailable
2025-08-08 17:30:06 - router - INFO - Router agent starting...
2025-08-08 17:30:06 - router - INFO - Routes configuration reloaded successfully
2025-08-08 17:30:06 - router - INFO - Active routes: {'resume': 'resumes', 'cv': 'resumes', 'receipt': 'receipts', 'invoice': 'invoices', 'bill': 'bills'}
2025-08-08 17:30:06 - router - INFO - Default folder: others, Needs action folder: needs_action
2025-08-08 17:30:06 - router - INFO - Routing configuration loaded:
2025-08-08 17:30:06 - router - INFO -   - Document routes: {'resume': 'resumes', 'cv': 'resumes', 'receipt': 'receipts', 'invoice': 'invoices', 'bill': 'bills'}
2025-08-08 17:30:06 - router - INFO -   - Default folder: others
2025-08-08 17:30:06 - router - INFO -   - Needs action folder: needs_action
2025-08-08 17:30:06 - router - INFO -   - Confidence threshold: 0.7
2025-08-08 17:30:06 - router - INFO -   - Allowed folders: {'needs_action', 'invoices', 'bills', 'receipts', 'others', 'resumes'}
2025-08-08 17:30:07 - router - INFO - Database connection established
2025-08-08 17:30:09 - router - ERROR - Could not connect to Kafka. Please ensure Kafka is running.
Traceback (most recent call last):
  File "D:\Langs\Team_Docs\Local working prototype\Document-Ingestion-and-Classification\Backend\router\router.py", line 228, in <module>
    consumer = KafkaConsumer(
               ^^^^^^^^^^^^^^
  File "D:\Langs\Team_Docs\Local working prototype\Document-Ingestion-and-Classification\Backend\venv\Lib\site-packages\kafka\consumer\group.py", line 387, in __init__
    self._client = self.config['kafka_client'](metrics=self._metrics, **self.config)
                   ^^^^^^^^^^^^^^^^^^^^^^^^^^^^^^^^^^^^^^^^^^^^^^^^^^^^^^^^^^^^^^^^^
  File "D:\Langs\Team_Docs\Local working prototype\Document-Ingestion-and-Classification\Backend\venv\Lib\site-packages\kafka\client_async.py", line 262, in __init__
    self.config['api_version'] = self.check_version()
                                 ^^^^^^^^^^^^^^^^^^^^
  File "D:\Langs\Team_Docs\Local working prototype\Document-Ingestion-and-Classification\Backend\venv\Lib\site-packages\kafka\client_async.py", line 1074, in check_version
    raise Errors.NoBrokersAvailable()
kafka.errors.NoBrokersAvailable: NoBrokersAvailable
2025-08-08 17:46:06 - router - INFO - Router agent starting...
2025-08-08 17:46:06 - router - INFO - Routes configuration reloaded successfully
2025-08-08 17:46:06 - router - INFO - Active routes: {'resume': 'resumes', 'cv': 'resumes', 'receipt': 'receipts', 'invoice': 'invoices', 'bill': 'bills'}
2025-08-08 17:46:06 - router - INFO - Default folder: others, Needs action folder: needs_action
2025-08-08 17:46:06 - router - INFO - Routing configuration loaded:
2025-08-08 17:46:06 - router - INFO -   - Document routes: {'resume': 'resumes', 'cv': 'resumes', 'receipt': 'receipts', 'invoice': 'invoices', 'bill': 'bills'}
2025-08-08 17:46:06 - router - INFO -   - Default folder: others
2025-08-08 17:46:06 - router - INFO -   - Needs action folder: needs_action
2025-08-08 17:46:06 - router - INFO -   - Confidence threshold: 0.7
2025-08-08 17:46:06 - router - INFO -   - Allowed folders: {'invoices', 'others', 'needs_action', 'receipts', 'bills', 'resumes'}
2025-08-08 17:46:06 - router - INFO - Database connection established
2025-08-08 17:46:06 - router - INFO - Successfully connected to Kafka. Listening on topic 'doc.classified'...
2025-08-08 17:47:07 - router - INFO - Router agent starting...
2025-08-08 17:47:07 - router - INFO - Routes configuration reloaded successfully
2025-08-08 17:47:07 - router - INFO - Active routes: {'resume': 'resumes', 'cv': 'resumes', 'receipt': 'receipts', 'invoice': 'invoices', 'bill': 'bills'}
2025-08-08 17:47:07 - router - INFO - Default folder: others, Needs action folder: needs_action
2025-08-08 17:47:07 - router - INFO - Routing configuration loaded:
2025-08-08 17:47:07 - router - INFO -   - Document routes: {'resume': 'resumes', 'cv': 'resumes', 'receipt': 'receipts', 'invoice': 'invoices', 'bill': 'bills'}
2025-08-08 17:47:07 - router - INFO -   - Default folder: others
2025-08-08 17:47:07 - router - INFO -   - Needs action folder: needs_action
2025-08-08 17:47:07 - router - INFO -   - Confidence threshold: 0.7
2025-08-08 17:47:07 - router - INFO -   - Allowed folders: {'invoices', 'receipts', 'resumes', 'needs_action', 'bills', 'others'}
2025-08-08 17:47:07 - router - INFO - Database connection established
2025-08-08 17:47:07 - router - INFO - Successfully connected to Kafka. Listening on topic 'doc.classified'...
2025-08-08 17:47:40 - router - INFO - Router agent starting...
2025-08-08 17:47:40 - router - INFO - Routes configuration reloaded successfully
2025-08-08 17:47:40 - router - INFO - Active routes: {'resume': 'resumes', 'cv': 'resumes', 'receipt': 'receipts', 'invoice': 'invoices', 'bill': 'bills'}
2025-08-08 17:47:40 - router - INFO - Default folder: others, Needs action folder: needs_action
2025-08-08 17:47:40 - router - INFO - Routing configuration loaded:
2025-08-08 17:47:40 - router - INFO -   - Document routes: {'resume': 'resumes', 'cv': 'resumes', 'receipt': 'receipts', 'invoice': 'invoices', 'bill': 'bills'}
2025-08-08 17:47:40 - router - INFO -   - Default folder: others
2025-08-08 17:47:40 - router - INFO -   - Needs action folder: needs_action
2025-08-08 17:47:40 - router - INFO -   - Confidence threshold: 0.7
2025-08-08 17:47:40 - router - INFO -   - Allowed folders: {'invoices', 'needs_action', 'resumes', 'others', 'receipts', 'bills'}
2025-08-08 17:47:40 - router - INFO - Database connection established
2025-08-08 17:47:40 - router - INFO - Successfully connected to Kafka. Listening on topic 'doc.classified'...
2025-08-08 17:47:57 - router - INFO - Router agent starting...
2025-08-08 17:47:57 - router - INFO - Routes configuration reloaded successfully
2025-08-08 17:47:57 - router - INFO - Active routes: {'resume': 'resumes', 'cv': 'resumes', 'receipt': 'receipts', 'invoice': 'invoices', 'bill': 'bills'}
2025-08-08 17:47:57 - router - INFO - Default folder: others, Needs action folder: needs_action
2025-08-08 17:47:57 - router - INFO - Routing configuration loaded:
2025-08-08 17:47:57 - router - INFO -   - Document routes: {'resume': 'resumes', 'cv': 'resumes', 'receipt': 'receipts', 'invoice': 'invoices', 'bill': 'bills'}
2025-08-08 17:47:57 - router - INFO -   - Default folder: others
2025-08-08 17:47:57 - router - INFO -   - Needs action folder: needs_action
2025-08-08 17:47:57 - router - INFO -   - Confidence threshold: 0.7
2025-08-08 17:47:57 - router - INFO -   - Allowed folders: {'invoices', 'others', 'receipts', 'needs_action', 'bills', 'resumes'}
2025-08-08 17:47:57 - router - INFO - Database connection established
2025-08-08 17:47:57 - router - INFO - Successfully connected to Kafka. Listening on topic 'doc.classified'...
2025-08-08 17:49:12 - router - INFO - Received new message from Kafka: doc_id 'a9562412-1943-4ea6-9a26-3af794d6f41f'
2025-08-08 17:49:12 - router - INFO - Created/ensured folder exists: D:\Langs\Team_Docs\Local working prototype\Document-Ingestion-and-Classification\Backend\router\routed_documents\resumes
2025-08-08 17:49:12 - router - INFO - File copied successfully to: D:\Langs\Team_Docs\Local working prototype\Document-Ingestion-and-Classification\Backend\router\routed_documents\resumes\GODWIN_JUDAH_J_RESUME_-_GODWIN_JUDAH_J.pdf
2025-08-08 17:49:12 - router - INFO - Doc 'a9562412-1943-4ea6-9a26-3af794d6f41f' routed to 'resumes'. Reason: High confidence (0.70) - routed to 'resumes' (mapped from 'resume').
2025-08-08 17:49:12 - router - INFO - Received new message from Kafka: doc_id '12672a77-fe5c-45a8-9209-95cb3ca4c7f1'
2025-08-08 17:49:12 - router - INFO - Created/ensured folder exists: D:\Langs\Team_Docs\Local working prototype\Document-Ingestion-and-Classification\Backend\router\routed_documents\resumes
2025-08-08 17:49:12 - router - INFO - File copied successfully to: D:\Langs\Team_Docs\Local working prototype\Document-Ingestion-and-Classification\Backend\router\routed_documents\resumes\GODWIN_JUDAH_J_RESUME_-_GODWIN_JUDAH_J.pdf
2025-08-08 17:49:12 - router - INFO - Doc '12672a77-fe5c-45a8-9209-95cb3ca4c7f1' routed to 'resumes'. Reason: High confidence (0.70) - routed to 'resumes' (mapped from 'resume').
2025-08-08 17:56:37 - router - INFO - Router agent starting...
2025-08-08 17:56:37 - router - INFO - Routes configuration reloaded successfully
2025-08-08 17:56:37 - router - INFO - Active routes: {'resume': 'resumes', 'cv': 'resumes', 'receipt': 'receipts', 'invoice': 'invoices', 'bill': 'bills'}
2025-08-08 17:56:37 - router - INFO - Default folder: others, Needs action folder: needs_action
2025-08-08 17:56:37 - router - INFO - Routing configuration loaded:
2025-08-08 17:56:37 - router - INFO -   - Document routes: {'resume': 'resumes', 'cv': 'resumes', 'receipt': 'receipts', 'invoice': 'invoices', 'bill': 'bills'}
2025-08-08 17:56:37 - router - INFO -   - Default folder: others
2025-08-08 17:56:37 - router - INFO -   - Needs action folder: needs_action
2025-08-08 17:56:37 - router - INFO -   - Confidence threshold: 0.7
2025-08-08 17:56:37 - router - INFO -   - Allowed folders: {'needs_action', 'resumes', 'receipts', 'bills', 'others', 'invoices'}
2025-08-08 17:56:37 - router - INFO - Database connection established
2025-08-08 17:56:37 - router - INFO - Successfully connected to Kafka. Listening on topic 'doc.classified'...
2025-08-08 17:58:12 - router - INFO - Router agent starting...
2025-08-08 17:58:12 - router - INFO - Routes configuration reloaded successfully
2025-08-08 17:58:12 - router - INFO - Active routes: {'resume': 'resumes', 'cv': 'resumes', 'receipt': 'receipts', 'invoice': 'invoices', 'bill': 'bills'}
2025-08-08 17:58:12 - router - INFO - Default folder: others, Needs action folder: needs_action
2025-08-08 17:58:12 - router - INFO - Routing configuration loaded:
2025-08-08 17:58:12 - router - INFO -   - Document routes: {'resume': 'resumes', 'cv': 'resumes', 'receipt': 'receipts', 'invoice': 'invoices', 'bill': 'bills'}
2025-08-08 17:58:12 - router - INFO -   - Default folder: others
2025-08-08 17:58:12 - router - INFO -   - Needs action folder: needs_action
2025-08-08 17:58:12 - router - INFO -   - Confidence threshold: 0.7
2025-08-08 17:58:12 - router - INFO -   - Allowed folders: {'resumes', 'needs_action', 'receipts', 'bills', 'invoices', 'others'}
2025-08-08 17:58:12 - router - INFO - Database connection established
2025-08-08 17:58:12 - router - INFO - Successfully connected to Kafka. Listening on topic 'doc.classified'...
2025-08-08 18:00:58 - router - INFO - Router agent starting...
2025-08-08 18:00:58 - router - INFO - Routes configuration reloaded successfully
2025-08-08 18:00:58 - router - INFO - Active routes: {'resume': 'resumes', 'cv': 'resumes', 'receipt': 'receipts', 'invoice': 'invoices', 'bill': 'bills'}
2025-08-08 18:00:58 - router - INFO - Default folder: others, Needs action folder: needs_action
2025-08-08 18:00:58 - router - INFO - Routing configuration loaded:
2025-08-08 18:00:58 - router - INFO -   - Document routes: {'resume': 'resumes', 'cv': 'resumes', 'receipt': 'receipts', 'invoice': 'invoices', 'bill': 'bills'}
2025-08-08 18:00:58 - router - INFO -   - Default folder: others
2025-08-08 18:00:58 - router - INFO -   - Needs action folder: needs_action
2025-08-08 18:00:58 - router - INFO -   - Confidence threshold: 0.7
2025-08-08 18:00:58 - router - INFO -   - Allowed folders: {'others', 'bills', 'invoices', 'resumes', 'needs_action', 'receipts'}
2025-08-08 18:00:58 - router - INFO - Database connection established
2025-08-08 18:00:58 - router - INFO - Successfully connected to Kafka. Listening on topic 'doc.classified'...
2025-08-08 18:03:34 - router - INFO - Router agent starting...
2025-08-08 18:03:34 - router - INFO - Routes configuration reloaded successfully
2025-08-08 18:03:34 - router - INFO - Active routes: {'resume': 'resumes', 'cv': 'resumes', 'receipt': 'receipts', 'invoice': 'invoices', 'bill': 'bills'}
2025-08-08 18:03:34 - router - INFO - Default folder: others, Needs action folder: needs_action
2025-08-08 18:03:34 - router - INFO - Routing configuration loaded:
2025-08-08 18:03:34 - router - INFO -   - Document routes: {'resume': 'resumes', 'cv': 'resumes', 'receipt': 'receipts', 'invoice': 'invoices', 'bill': 'bills'}
2025-08-08 18:03:34 - router - INFO -   - Default folder: others
2025-08-08 18:03:34 - router - INFO -   - Needs action folder: needs_action
2025-08-08 18:03:34 - router - INFO -   - Confidence threshold: 0.7
2025-08-08 18:03:34 - router - INFO -   - Allowed folders: {'others', 'needs_action', 'bills', 'invoices', 'resumes', 'receipts'}
2025-08-08 18:03:34 - router - INFO - Database connection established
2025-08-08 18:03:34 - router - INFO - Successfully connected to Kafka. Listening on topic 'doc.classified'...
2025-08-08 18:05:20 - router - INFO - Router agent starting...
2025-08-08 18:05:20 - router - INFO - Routes configuration reloaded successfully
2025-08-08 18:05:20 - router - INFO - Active routes: {'resume': 'resumes', 'cv': 'resumes', 'receipt': 'receipts', 'invoice': 'invoices', 'bill': 'bills'}
2025-08-08 18:05:20 - router - INFO - Default folder: others, Needs action folder: needs_action
2025-08-08 18:05:20 - router - INFO - Routing configuration loaded:
2025-08-08 18:05:20 - router - INFO -   - Document routes: {'resume': 'resumes', 'cv': 'resumes', 'receipt': 'receipts', 'invoice': 'invoices', 'bill': 'bills'}
2025-08-08 18:05:20 - router - INFO -   - Default folder: others
2025-08-08 18:05:20 - router - INFO -   - Needs action folder: needs_action
2025-08-08 18:05:20 - router - INFO -   - Confidence threshold: 0.7
2025-08-08 18:05:20 - router - INFO -   - Allowed folders: {'invoices', 'receipts', 'needs_action', 'others', 'resumes', 'bills'}
2025-08-08 18:05:20 - router - INFO - Database connection established
2025-08-08 18:05:20 - router - INFO - Successfully connected to Kafka. Listening on topic 'doc.classified'...
2025-08-08 18:10:20 - router - INFO - Router agent starting...
2025-08-08 18:10:20 - router - INFO - Routes configuration reloaded successfully
2025-08-08 18:10:20 - router - INFO - Active routes: {'resume': 'resumes', 'cv': 'resumes', 'receipt': 'receipts', 'invoice': 'invoices', 'bill': 'bills'}
2025-08-08 18:10:20 - router - INFO - Default folder: others, Needs action folder: needs_action
2025-08-08 18:10:20 - router - INFO - Routing configuration loaded:
2025-08-08 18:10:20 - router - INFO -   - Document routes: {'resume': 'resumes', 'cv': 'resumes', 'receipt': 'receipts', 'invoice': 'invoices', 'bill': 'bills'}
2025-08-08 18:10:20 - router - INFO -   - Default folder: others
2025-08-08 18:10:20 - router - INFO -   - Needs action folder: needs_action
2025-08-08 18:10:20 - router - INFO -   - Confidence threshold: 0.7
2025-08-08 18:10:20 - router - INFO -   - Allowed folders: {'needs_action', 'resumes', 'others', 'bills', 'receipts', 'invoices'}
2025-08-08 18:10:20 - router - INFO - Database connection established
2025-08-08 18:10:20 - router - INFO - Successfully connected to Kafka. Listening on topic 'doc.classified'...
2025-08-08 18:16:00 - router - INFO - Router agent starting...
2025-08-08 18:16:00 - router - INFO - Routes configuration reloaded successfully
2025-08-08 18:16:00 - router - INFO - Active routes: {'resume': 'resumes', 'cv': 'resumes', 'receipt': 'receipts', 'invoice': 'invoices', 'bill': 'bills'}
2025-08-08 18:16:00 - router - INFO - Default folder: others, Needs action folder: needs_action
2025-08-08 18:16:00 - router - INFO - Routing configuration loaded:
2025-08-08 18:16:00 - router - INFO -   - Document routes: {'resume': 'resumes', 'cv': 'resumes', 'receipt': 'receipts', 'invoice': 'invoices', 'bill': 'bills'}
2025-08-08 18:16:00 - router - INFO -   - Default folder: others
2025-08-08 18:16:00 - router - INFO -   - Needs action folder: needs_action
2025-08-08 18:16:00 - router - INFO -   - Confidence threshold: 0.7
2025-08-08 18:16:00 - router - INFO -   - Allowed folders: {'invoices', 'receipts', 'bills', 'needs_action', 'resumes', 'others'}
2025-08-08 18:16:00 - router - INFO - Database connection established
2025-08-08 18:16:00 - router - INFO - Successfully connected to Kafka. Listening on topic 'doc.classified'...
2025-08-08 18:19:03 - router - INFO - Router agent starting...
2025-08-08 18:19:03 - router - INFO - Routes configuration reloaded successfully
2025-08-08 18:19:03 - router - INFO - Active routes: {'resume': 'resumes', 'cv': 'resumes', 'receipt': 'receipts', 'invoice': 'invoices', 'bill': 'bills'}
2025-08-08 18:19:03 - router - INFO - Default folder: others, Needs action folder: needs_action
2025-08-08 18:19:03 - router - INFO - Routing configuration loaded:
2025-08-08 18:19:03 - router - INFO -   - Document routes: {'resume': 'resumes', 'cv': 'resumes', 'receipt': 'receipts', 'invoice': 'invoices', 'bill': 'bills'}
2025-08-08 18:19:03 - router - INFO -   - Default folder: others
2025-08-08 18:19:03 - router - INFO -   - Needs action folder: needs_action
2025-08-08 18:19:03 - router - INFO -   - Confidence threshold: 0.7
2025-08-08 18:19:03 - router - INFO -   - Allowed folders: {'needs_action', 'resumes', 'invoices', 'others', 'bills', 'receipts'}
2025-08-08 18:19:03 - router - INFO - Database connection established
2025-08-08 18:19:03 - router - INFO - Successfully connected to Kafka. Listening on topic 'doc.classified'...
2025-08-08 18:22:23 - router - INFO - Router agent starting...
2025-08-08 18:22:23 - router - INFO - Routes configuration reloaded successfully
2025-08-08 18:22:23 - router - INFO - Active routes: {'resume': 'resumes', 'cv': 'resumes', 'receipt': 'receipts', 'invoice': 'invoices', 'bill': 'bills'}
2025-08-08 18:22:23 - router - INFO - Default folder: others, Needs action folder: needs_action
2025-08-08 18:22:23 - router - INFO - Routing configuration loaded:
2025-08-08 18:22:23 - router - INFO -   - Document routes: {'resume': 'resumes', 'cv': 'resumes', 'receipt': 'receipts', 'invoice': 'invoices', 'bill': 'bills'}
2025-08-08 18:22:23 - router - INFO -   - Default folder: others
2025-08-08 18:22:23 - router - INFO -   - Needs action folder: needs_action
2025-08-08 18:22:23 - router - INFO -   - Confidence threshold: 0.7
2025-08-08 18:22:23 - router - INFO -   - Allowed folders: {'resumes', 'receipts', 'needs_action', 'invoices', 'others', 'bills'}
2025-08-08 18:22:24 - router - INFO - Database connection established
2025-08-08 18:22:24 - router - INFO - Successfully connected to Kafka. Listening on topic 'doc.classified'...
2025-08-08 18:24:37 - router - INFO - Router agent starting...
2025-08-08 18:24:37 - router - INFO - Routes configuration reloaded successfully
2025-08-08 18:24:37 - router - INFO - Active routes: {'resume': 'resumes', 'cv': 'resumes', 'receipt': 'receipts', 'invoice': 'invoices', 'bill': 'bills'}
2025-08-08 18:24:37 - router - INFO - Default folder: others, Needs action folder: needs_action
2025-08-08 18:24:37 - router - INFO - Routing configuration loaded:
2025-08-08 18:24:37 - router - INFO -   - Document routes: {'resume': 'resumes', 'cv': 'resumes', 'receipt': 'receipts', 'invoice': 'invoices', 'bill': 'bills'}
2025-08-08 18:24:37 - router - INFO -   - Default folder: others
2025-08-08 18:24:37 - router - INFO -   - Needs action folder: needs_action
2025-08-08 18:24:37 - router - INFO -   - Confidence threshold: 0.7
2025-08-08 18:24:37 - router - INFO -   - Allowed folders: {'bills', 'others', 'receipts', 'resumes', 'needs_action', 'invoices'}
2025-08-08 18:24:37 - router - INFO - Router service database connection ready
2025-08-08 18:24:37 - router - INFO - Successfully connected to Kafka. Listening on topic 'doc.classified'...
2025-08-08 18:42:29 - router - INFO - Router agent starting...
2025-08-08 18:42:29 - router - INFO - Routes configuration reloaded successfully
2025-08-08 18:42:29 - router - INFO - Active routes: {'resume': 'resumes', 'cv': 'resumes', 'receipt': 'receipts', 'invoice': 'invoices', 'bill': 'bills'}
2025-08-08 18:42:29 - router - INFO - Default folder: others, Needs action folder: needs_action
2025-08-08 18:42:29 - router - INFO - Routing configuration loaded:
2025-08-08 18:42:29 - router - INFO -   - Document routes: {'resume': 'resumes', 'cv': 'resumes', 'receipt': 'receipts', 'invoice': 'invoices', 'bill': 'bills'}
2025-08-08 18:42:29 - router - INFO -   - Default folder: others
2025-08-08 18:42:29 - router - INFO -   - Needs action folder: needs_action
2025-08-08 18:42:29 - router - INFO -   - Confidence threshold: 0.7
2025-08-08 18:42:29 - router - INFO -   - Allowed folders: {'others', 'needs_action', 'receipts', 'bills', 'invoices', 'resumes'}
2025-08-08 18:42:29 - router - INFO - Router service database connection ready
2025-08-08 18:42:29 - router - INFO - Successfully connected to Kafka. Listening on topic 'doc.classified'...
