2025-08-05 21:56:31 - authservice - INFO - Default admin user created: admin/admin123
2025-08-05 21:56:31 - authservice - INFO - Authentication service starting...
2025-08-05 21:56:31 - authservice - INFO - Database connection established
2025-08-05 21:56:32 - authservice - INFO - Default admin user already exists
2025-08-05 21:56:32 - authservice - INFO - Authentication service starting...
2025-08-05 21:56:32 - authservice - INFO - Database connection established
2025-08-05 21:58:37 - authservice - ERROR - Login error: name 'datetime' is not defined
2025-08-05 21:59:13 - authservice - INFO - Default admin user already exists
2025-08-05 21:59:13 - authservice - INFO - Authentication service starting...
2025-08-05 21:59:13 - authservice - INFO - Database connection established
2025-08-05 21:59:37 - authservice - INFO - Default admin user already exists
2025-08-05 21:59:37 - authservice - INFO - Authentication service starting...
2025-08-05 21:59:38 - authservice - INFO - Database connection established
2025-08-05 21:59:51 - authservice - INFO - Default admin user already exists
2025-08-05 21:59:51 - authservice - INFO - Authentication service starting...
2025-08-05 21:59:51 - authservice - INFO - Database connection established
2025-08-05 22:01:05 - authservice - INFO - Default admin user already exists
2025-08-05 22:01:05 - authservice - INFO - Authentication service starting...
2025-08-05 22:01:05 - authservice - INFO - Database connection established
2025-08-05 22:01:14 - authservice - INFO - Default admin user already exists
2025-08-05 22:01:14 - authservice - INFO - Authentication service starting...
2025-08-05 22:01:14 - authservice - INFO - Database connection established
2025-08-05 22:01:14 - authservice - INFO - Default admin user already exists
2025-08-05 22:01:14 - authservice - INFO - Authentication service starting...
2025-08-05 22:01:14 - authservice - INFO - Database connection established
2025-08-05 22:01:20 - authservice - INFO - Default admin user already exists
2025-08-05 22:01:20 - authservice - INFO - Authentication service starting...
2025-08-05 22:01:20 - authservice - INFO - Database connection established
2025-08-05 22:01:20 - authservice - INFO - Default admin user already exists
2025-08-05 22:01:20 - authservice - INFO - Authentication service starting...
2025-08-05 22:01:20 - authservice - INFO - Database connection established
2025-08-05 22:01:31 - authservice - INFO - User logged in: admin
2025-08-05 22:03:22 - authservice - INFO - Default admin user already exists
2025-08-05 22:03:22 - authservice - INFO - Authentication service starting...
2025-08-05 22:03:22 - authservice - INFO - Database connection established
2025-08-05 22:03:32 - authservice - INFO - Default admin user already exists
2025-08-05 22:03:32 - authservice - INFO - Authentication service starting...
2025-08-05 22:03:32 - authservice - INFO - Database connection established
2025-08-05 22:03:41 - authservice - INFO - Default admin user already exists
2025-08-05 22:03:41 - authservice - INFO - Authentication service starting...
2025-08-05 22:03:41 - authservice - INFO - Database connection established
2025-08-05 22:03:43 - authservice - INFO - Default admin user already exists
2025-08-05 22:03:43 - authservice - INFO - Authentication service starting...
2025-08-05 22:03:43 - authservice - INFO - Database connection established
2025-08-05 22:03:49 - authservice - INFO - Default admin user already exists
2025-08-05 22:03:49 - authservice - INFO - Authentication service starting...
2025-08-05 22:03:49 - authservice - INFO - Database connection established
2025-08-05 22:03:55 - authservice - INFO - Default admin user already exists
2025-08-05 22:03:55 - authservice - INFO - Authentication service starting...
2025-08-05 22:03:55 - authservice - INFO - Database connection established
2025-08-05 22:03:59 - authservice - INFO - Default admin user already exists
2025-08-05 22:03:59 - authservice - INFO - Authentication service starting...
2025-08-05 22:03:59 - authservice - INFO - Database connection established
2025-08-05 22:04:50 - authservice - INFO - Default admin user already exists
2025-08-05 22:04:50 - authservice - INFO - Authentication service starting...
2025-08-05 22:04:51 - authservice - INFO - Database connection established
2025-08-05 22:04:52 - authservice - INFO - Default admin user already exists
2025-08-05 22:04:52 - authservice - INFO - Authentication service starting...
2025-08-05 22:04:52 - authservice - INFO - Database connection established
2025-08-05 22:04:56 - authservice - INFO - Default admin user already exists
2025-08-05 22:04:56 - authservice - INFO - Authentication service starting...
2025-08-05 22:04:56 - authservice - INFO - Database connection established
2025-08-05 22:04:59 - authservice - INFO - Default admin user already exists
2025-08-05 22:04:59 - authservice - INFO - Authentication service starting...
2025-08-05 22:04:59 - authservice - INFO - Database connection established
2025-08-05 22:05:04 - authservice - INFO - Default admin user already exists
2025-08-05 22:05:04 - authservice - INFO - Authentication service starting...
2025-08-05 22:05:04 - authservice - INFO - Database connection established
2025-08-05 22:05:10 - authservice - INFO - Default admin user already exists
2025-08-05 22:05:10 - authservice - INFO - Authentication service starting...
2025-08-05 22:05:10 - authservice - INFO - Database connection established
2025-08-05 22:05:20 - authservice - INFO - Default admin user already exists
2025-08-05 22:05:20 - authservice - INFO - Authentication service starting...
2025-08-05 22:05:20 - authservice - INFO - Database connection established
2025-08-05 22:05:23 - authservice - INFO - Default admin user already exists
2025-08-05 22:05:23 - authservice - INFO - Authentication service starting...
2025-08-05 22:05:23 - authservice - INFO - Database connection established
2025-08-05 22:05:24 - authservice - INFO - Default admin user already exists
2025-08-05 22:05:24 - authservice - INFO - Authentication service starting...
2025-08-05 22:05:24 - authservice - INFO - Database connection established
2025-08-05 22:05:26 - authservice - INFO - Default admin user already exists
2025-08-05 22:05:26 - authservice - INFO - Authentication service starting...
2025-08-05 22:05:26 - authservice - INFO - Database connection established
2025-08-05 22:05:28 - authservice - INFO - Default admin user already exists
2025-08-05 22:05:28 - authservice - INFO - Authentication service starting...
2025-08-05 22:05:28 - authservice - INFO - Database connection established
2025-08-05 22:06:32 - authservice - INFO - Default admin user already exists
2025-08-05 22:06:32 - authservice - INFO - Authentication service starting...
2025-08-05 22:06:33 - authservice - INFO - Database connection established
2025-08-05 22:07:03 - authservice - INFO - Default admin user already exists
2025-08-05 22:07:03 - authservice - INFO - Authentication service starting...
2025-08-05 22:07:03 - authservice - INFO - Database connection established
2025-08-05 22:16:11 - authservice - INFO - Default admin user already exists
2025-08-05 22:16:11 - authservice - INFO - Authentication service starting...
2025-08-05 22:16:11 - authservice - INFO - Database connection established
2025-08-05 22:16:32 - authservice - INFO - Default admin user already exists
2025-08-05 22:16:32 - authservice - INFO - Authentication service starting...
2025-08-05 22:16:32 - authservice - INFO - Database connection established
2025-08-05 22:16:51 - authservice - INFO - Default admin user already exists
2025-08-05 22:16:51 - authservice - INFO - Authentication service starting...
2025-08-05 22:16:51 - authservice - INFO - Database connection established
2025-08-05 22:20:26 - authservice - INFO - Default admin user already exists
2025-08-05 22:20:26 - authservice - INFO - Authentication service starting...
2025-08-05 22:20:26 - authservice - INFO - Database connection established
2025-08-05 22:23:12 - authservice - INFO - Default admin user already exists
2025-08-05 22:23:12 - authservice - INFO - Authentication service starting...
2025-08-05 22:23:12 - authservice - INFO - Database connection established
2025-08-05 22:23:32 - authservice - INFO - Default admin user already exists
2025-08-05 22:23:32 - authservice - INFO - Authentication service starting...
2025-08-05 22:23:32 - authservice - INFO - Database connection established
2025-08-05 22:23:51 - authservice - INFO - Default admin user already exists
2025-08-05 22:23:51 - authservice - INFO - Authentication service starting...
2025-08-05 22:23:51 - authservice - INFO - Database connection established
2025-08-05 22:24:08 - authservice - INFO - Default admin user already exists
2025-08-05 22:24:08 - authservice - INFO - Authentication service starting...
2025-08-05 22:24:08 - authservice - INFO - Database connection established
2025-08-05 22:32:10 - authservice - INFO - Default admin user already exists
2025-08-05 22:32:10 - authservice - INFO - Authentication service starting...
2025-08-05 22:32:10 - authservice - INFO - Database connection established
2025-08-05 22:32:31 - authservice - INFO - Default admin user already exists
2025-08-05 22:32:31 - authservice - INFO - Authentication service starting...
2025-08-05 22:32:31 - authservice - INFO - Database connection established
2025-08-05 22:33:30 - authservice - INFO - Default admin user already exists
2025-08-05 22:33:30 - authservice - INFO - Authentication service starting...
2025-08-05 22:33:30 - authservice - INFO - Database connection established
2025-08-05 22:33:36 - authservice - INFO - Default admin user already exists
2025-08-05 22:33:36 - authservice - INFO - Authentication service starting...
2025-08-05 22:33:36 - authservice - INFO - Database connection established
2025-08-05 22:33:39 - authservice - INFO - Default admin user already exists
2025-08-05 22:33:39 - authservice - INFO - Authentication service starting...
2025-08-05 22:33:39 - authservice - INFO - Database connection established
2025-08-05 22:33:43 - authservice - INFO - Default admin user already exists
2025-08-05 22:33:43 - authservice - INFO - Authentication service starting...
2025-08-05 22:33:43 - authservice - INFO - Database connection established
2025-08-05 22:33:45 - authservice - INFO - Default admin user already exists
2025-08-05 22:33:45 - authservice - INFO - Authentication service starting...
2025-08-05 22:33:45 - authservice - INFO - Database connection established
2025-08-05 22:33:52 - authservice - INFO - Default admin user already exists
2025-08-05 22:33:52 - authservice - INFO - Authentication service starting...
2025-08-05 22:33:52 - authservice - INFO - Database connection established
2025-08-05 22:33:55 - authservice - INFO - Default admin user already exists
2025-08-05 22:33:55 - authservice - INFO - Authentication service starting...
2025-08-05 22:33:55 - authservice - INFO - Database connection established
2025-08-05 22:34:03 - authservice - INFO - Default admin user already exists
2025-08-05 22:34:03 - authservice - INFO - Authentication service starting...
2025-08-05 22:34:04 - authservice - INFO - Database connection established
2025-08-05 22:34:07 - authservice - INFO - Default admin user already exists
2025-08-05 22:34:07 - authservice - INFO - Authentication service starting...
2025-08-05 22:34:07 - authservice - INFO - Database connection established
2025-08-05 22:37:13 - authservice - INFO - Default admin user already exists
2025-08-05 22:37:13 - authservice - INFO - Authentication service starting...
2025-08-05 22:37:13 - authservice - INFO - Database connection established
2025-08-05 22:37:49 - authservice - INFO - Default admin user already exists
2025-08-05 22:37:49 - authservice - INFO - Authentication service starting...
2025-08-05 22:37:49 - authservice - INFO - Database connection established
2025-08-05 22:37:51 - authservice - INFO - Default admin user already exists
2025-08-05 22:37:51 - authservice - INFO - Authentication service starting...
2025-08-05 22:37:51 - authservice - INFO - Database connection established
2025-08-05 22:37:58 - authservice - INFO - Default admin user already exists
2025-08-05 22:37:58 - authservice - INFO - Authentication service starting...
2025-08-05 22:37:58 - authservice - INFO - Database connection established
2025-08-05 22:38:06 - authservice - INFO - Default admin user already exists
2025-08-05 22:38:06 - authservice - INFO - Authentication service starting...
2025-08-05 22:38:06 - authservice - INFO - Database connection established
2025-08-05 22:38:10 - authservice - INFO - Default admin user already exists
2025-08-05 22:38:10 - authservice - INFO - Authentication service starting...
2025-08-05 22:38:10 - authservice - INFO - Database connection established
2025-08-05 22:38:14 - authservice - INFO - Default admin user already exists
2025-08-05 22:38:14 - authservice - INFO - Authentication service starting...
2025-08-05 22:38:14 - authservice - INFO - Database connection established
2025-08-05 22:39:20 - authservice - INFO - Default admin user already exists
2025-08-05 22:39:20 - authservice - INFO - Authentication service starting...
2025-08-05 22:39:20 - authservice - INFO - Database connection established
2025-08-05 22:40:36 - authservice - INFO - Default admin user already exists
2025-08-05 22:40:36 - authservice - INFO - Authentication service starting...
2025-08-05 22:40:37 - authservice - INFO - Database connection established
2025-08-05 22:40:49 - authservice - INFO - Default admin user already exists
2025-08-05 22:40:49 - authservice - INFO - Authentication service starting...
2025-08-05 22:40:50 - authservice - INFO - Database connection established
2025-08-05 22:42:04 - authservice - INFO - Default admin user already exists
2025-08-05 22:42:04 - authservice - INFO - Authentication service starting...
2025-08-05 22:42:04 - authservice - INFO - Database connection established
2025-08-05 22:42:25 - authservice - INFO - Default admin user already exists
2025-08-05 22:42:25 - authservice - INFO - Authentication service starting...
2025-08-05 22:42:25 - authservice - INFO - Database connection established
2025-08-05 22:42:31 - authservice - INFO - Default admin user already exists
2025-08-05 22:42:31 - authservice - INFO - Authentication service starting...
2025-08-05 22:42:31 - authservice - INFO - Database connection established
2025-08-05 22:42:35 - authservice - INFO - Default admin user already exists
2025-08-05 22:42:35 - authservice - INFO - Authentication service starting...
2025-08-05 22:42:35 - authservice - INFO - Database connection established
2025-08-05 22:43:22 - authservice - INFO - Default admin user already exists
2025-08-05 22:43:22 - authservice - INFO - Authentication service starting...
2025-08-05 22:43:22 - authservice - INFO - Database connection established
2025-08-05 22:43:25 - authservice - INFO - Default admin user already exists
2025-08-05 22:43:25 - authservice - INFO - Authentication service starting...
2025-08-05 22:43:25 - authservice - INFO - Database connection established
2025-08-05 22:43:49 - authservice - INFO - Default admin user already exists
2025-08-05 22:43:49 - authservice - INFO - Authentication service starting...
2025-08-05 22:43:49 - authservice - INFO - Database connection established
2025-08-05 22:44:00 - authservice - INFO - Default admin user already exists
2025-08-05 22:44:00 - authservice - INFO - Authentication service starting...
2025-08-05 22:44:00 - authservice - INFO - Database connection established
2025-08-05 22:44:07 - authservice - INFO - Default admin user already exists
2025-08-05 22:44:07 - authservice - INFO - Authentication service starting...
2025-08-05 22:44:07 - authservice - INFO - Database connection established
2025-08-05 22:44:09 - authservice - INFO - Default admin user already exists
2025-08-05 22:44:09 - authservice - INFO - Authentication service starting...
2025-08-05 22:44:09 - authservice - INFO - Database connection established
2025-08-05 22:45:08 - authservice - INFO - Default admin user already exists
2025-08-05 22:45:08 - authservice - INFO - Authentication service starting...
2025-08-05 22:45:08 - authservice - INFO - Database connection established
2025-08-05 22:45:11 - authservice - INFO - Default admin user already exists
2025-08-05 22:45:11 - authservice - INFO - Authentication service starting...
2025-08-05 22:45:11 - authservice - INFO - Database connection established
2025-08-05 22:45:30 - authservice - INFO - Default admin user already exists
2025-08-05 22:45:30 - authservice - INFO - Authentication service starting...
2025-08-05 22:45:31 - authservice - INFO - Database connection established
2025-08-05 22:45:44 - authservice - INFO - Default admin user already exists
2025-08-05 22:45:44 - authservice - INFO - Authentication service starting...
2025-08-05 22:45:44 - authservice - INFO - Database connection established
2025-08-05 22:45:47 - authservice - INFO - Default admin user already exists
2025-08-05 22:45:47 - authservice - INFO - Authentication service starting...
2025-08-05 22:45:47 - authservice - INFO - Database connection established
2025-08-05 22:45:51 - authservice - INFO - Default admin user already exists
2025-08-05 22:45:51 - authservice - INFO - Authentication service starting...
2025-08-05 22:45:51 - authservice - INFO - Database connection established
2025-08-05 22:45:57 - authservice - INFO - Default admin user already exists
2025-08-05 22:45:57 - authservice - INFO - Authentication service starting...
2025-08-05 22:45:57 - authservice - INFO - Database connection established
2025-08-05 22:46:12 - authservice - INFO - Default admin user already exists
2025-08-05 22:46:12 - authservice - INFO - Authentication service starting...
2025-08-05 22:46:12 - authservice - INFO - Database connection established
2025-08-05 22:46:23 - authservice - INFO - Default admin user already exists
2025-08-05 22:46:23 - authservice - INFO - Authentication service starting...
2025-08-05 22:46:23 - authservice - INFO - Database connection established
2025-08-05 22:46:27 - authservice - INFO - Default admin user already exists
2025-08-05 22:46:27 - authservice - INFO - Authentication service starting...
2025-08-05 22:46:27 - authservice - INFO - Database connection established
2025-08-05 22:46:30 - authservice - INFO - Default admin user already exists
2025-08-05 22:46:30 - authservice - INFO - Authentication service starting...
2025-08-05 22:46:31 - authservice - INFO - Database connection established
2025-08-05 22:46:34 - authservice - INFO - Default admin user already exists
2025-08-05 22:46:34 - authservice - INFO - Authentication service starting...
2025-08-05 22:46:34 - authservice - INFO - Database connection established
2025-08-05 22:46:36 - authservice - INFO - Default admin user already exists
2025-08-05 22:46:36 - authservice - INFO - Authentication service starting...
2025-08-05 22:46:36 - authservice - INFO - Database connection established
2025-08-05 22:46:45 - authservice - INFO - Default admin user already exists
2025-08-05 22:46:45 - authservice - INFO - Authentication service starting...
2025-08-05 22:46:45 - authservice - INFO - Database connection established
2025-08-05 22:46:48 - authservice - INFO - Default admin user already exists
2025-08-05 22:46:48 - authservice - INFO - Authentication service starting...
2025-08-05 22:46:48 - authservice - INFO - Database connection established
2025-08-05 22:47:29 - authservice - INFO - Default admin user already exists
2025-08-05 22:47:29 - authservice - INFO - Authentication service starting...
2025-08-05 22:47:29 - authservice - INFO - Database connection established
2025-08-05 22:47:34 - authservice - INFO - Default admin user already exists
2025-08-05 22:47:34 - authservice - INFO - Authentication service starting...
2025-08-05 22:47:34 - authservice - INFO - Database connection established
2025-08-05 22:47:41 - authservice - INFO - Default admin user already exists
2025-08-05 22:47:41 - authservice - INFO - Authentication service starting...
2025-08-05 22:47:42 - authservice - INFO - Database connection established
2025-08-05 22:47:50 - authservice - INFO - Default admin user already exists
2025-08-05 22:47:50 - authservice - INFO - Authentication service starting...
2025-08-05 22:47:50 - authservice - INFO - Database connection established
2025-08-05 22:48:02 - authservice - INFO - Default admin user already exists
2025-08-05 22:48:02 - authservice - INFO - Authentication service starting...
2025-08-05 22:48:02 - authservice - INFO - Database connection established
2025-08-05 22:48:04 - authservice - INFO - Default admin user already exists
2025-08-05 22:48:04 - authservice - INFO - Authentication service starting...
2025-08-05 22:48:04 - authservice - INFO - Database connection established
2025-08-05 22:48:12 - authservice - INFO - Default admin user already exists
2025-08-05 22:48:12 - authservice - INFO - Authentication service starting...
2025-08-05 22:48:12 - authservice - INFO - Database connection established
2025-08-05 22:48:20 - authservice - INFO - Default admin user already exists
2025-08-05 22:48:20 - authservice - INFO - Authentication service starting...
2025-08-05 22:48:21 - authservice - INFO - Database connection established
2025-08-05 22:48:27 - authservice - INFO - Default admin user already exists
2025-08-05 22:48:27 - authservice - INFO - Authentication service starting...
2025-08-05 22:48:27 - authservice - INFO - Database connection established
2025-08-05 22:48:32 - authservice - INFO - Default admin user already exists
2025-08-05 22:48:32 - authservice - INFO - Authentication service starting...
2025-08-05 22:48:32 - authservice - INFO - Database connection established
2025-08-05 22:48:42 - authservice - INFO - Default admin user already exists
2025-08-05 22:48:42 - authservice - INFO - Authentication service starting...
2025-08-05 22:48:42 - authservice - INFO - Database connection established
2025-08-05 22:48:45 - authservice - INFO - Default admin user already exists
2025-08-05 22:48:45 - authservice - INFO - Authentication service starting...
2025-08-05 22:48:45 - authservice - INFO - Database connection established
2025-08-05 22:48:47 - authservice - INFO - Default admin user already exists
2025-08-05 22:48:47 - authservice - INFO - Authentication service starting...
2025-08-05 22:48:47 - authservice - INFO - Database connection established
2025-08-05 22:48:53 - authservice - INFO - Default admin user already exists
2025-08-05 22:48:53 - authservice - INFO - Authentication service starting...
2025-08-05 22:48:53 - authservice - INFO - Database connection established
2025-08-05 22:49:08 - authservice - INFO - Default admin user already exists
2025-08-05 22:49:08 - authservice - INFO - Authentication service starting...
2025-08-05 22:49:08 - authservice - INFO - Database connection established
2025-08-05 22:49:10 - authservice - INFO - Default admin user already exists
2025-08-05 22:49:10 - authservice - INFO - Authentication service starting...
2025-08-05 22:49:10 - authservice - INFO - Database connection established
2025-08-05 22:49:12 - authservice - INFO - Default admin user already exists
2025-08-05 22:49:12 - authservice - INFO - Authentication service starting...
2025-08-05 22:49:12 - authservice - INFO - Database connection established
2025-08-05 22:49:13 - authservice - INFO - Default admin user already exists
2025-08-05 22:49:13 - authservice - INFO - Authentication service starting...
2025-08-05 22:49:14 - authservice - INFO - Database connection established
2025-08-05 22:49:29 - authservice - INFO - Default admin user already exists
2025-08-05 22:49:29 - authservice - INFO - Authentication service starting...
2025-08-05 22:49:29 - authservice - INFO - Database connection established
2025-08-05 22:49:37 - authservice - INFO - Default admin user already exists
2025-08-05 22:49:37 - authservice - INFO - Authentication service starting...
2025-08-05 22:49:37 - authservice - INFO - Database connection established
2025-08-05 22:49:42 - authservice - INFO - Default admin user already exists
2025-08-05 22:49:42 - authservice - INFO - Authentication service starting...
2025-08-05 22:49:42 - authservice - INFO - Database connection established
2025-08-05 22:49:50 - authservice - INFO - Default admin user already exists
2025-08-05 22:49:50 - authservice - INFO - Authentication service starting...
2025-08-05 22:49:50 - authservice - INFO - Database connection established
2025-08-05 22:49:56 - authservice - INFO - Default admin user already exists
2025-08-05 22:49:56 - authservice - INFO - Authentication service starting...
2025-08-05 22:49:56 - authservice - INFO - Database connection established
2025-08-05 22:50:00 - authservice - INFO - Default admin user already exists
2025-08-05 22:50:00 - authservice - INFO - Authentication service starting...
2025-08-05 22:50:00 - authservice - INFO - Database connection established
2025-08-05 22:50:06 - authservice - INFO - Default admin user already exists
2025-08-05 22:50:06 - authservice - INFO - Authentication service starting...
2025-08-05 22:50:06 - authservice - INFO - Database connection established
2025-08-05 22:50:17 - authservice - INFO - Default admin user already exists
2025-08-05 22:50:17 - authservice - INFO - Authentication service starting...
2025-08-05 22:50:18 - authservice - INFO - Database connection established
2025-08-05 22:50:21 - authservice - INFO - Default admin user already exists
2025-08-05 22:50:21 - authservice - INFO - Authentication service starting...
2025-08-05 22:50:21 - authservice - INFO - Database connection established
2025-08-05 22:50:23 - authservice - INFO - Default admin user already exists
2025-08-05 22:50:23 - authservice - INFO - Authentication service starting...
2025-08-05 22:50:23 - authservice - INFO - Database connection established
2025-08-05 22:50:24 - authservice - INFO - Default admin user already exists
2025-08-05 22:50:24 - authservice - INFO - Authentication service starting...
2025-08-05 22:50:24 - authservice - INFO - Database connection established
2025-08-05 22:50:45 - authservice - INFO - Default admin user already exists
2025-08-05 22:50:45 - authservice - INFO - Authentication service starting...
2025-08-05 22:50:45 - authservice - INFO - Database connection established
2025-08-05 22:50:47 - authservice - INFO - Default admin user already exists
2025-08-05 22:50:47 - authservice - INFO - Authentication service starting...
2025-08-05 22:50:47 - authservice - INFO - Database connection established
2025-08-05 22:50:48 - authservice - INFO - Default admin user already exists
2025-08-05 22:50:48 - authservice - INFO - Authentication service starting...
2025-08-05 22:50:48 - authservice - INFO - Database connection established
2025-08-05 22:51:01 - authservice - INFO - Default admin user already exists
2025-08-05 22:51:01 - authservice - INFO - Authentication service starting...
2025-08-05 22:51:01 - authservice - INFO - Database connection established
2025-08-05 22:51:03 - authservice - INFO - Default admin user already exists
2025-08-05 22:51:03 - authservice - INFO - Authentication service starting...
2025-08-05 22:51:03 - authservice - INFO - Database connection established
2025-08-05 22:51:14 - authservice - INFO - Default admin user already exists
2025-08-05 22:51:14 - authservice - INFO - Authentication service starting...
2025-08-05 22:51:14 - authservice - INFO - Database connection established
2025-08-05 22:51:20 - authservice - INFO - Default admin user already exists
2025-08-05 22:51:20 - authservice - INFO - Authentication service starting...
2025-08-05 22:51:20 - authservice - INFO - Database connection established
2025-08-05 22:51:28 - authservice - INFO - Default admin user already exists
2025-08-05 22:51:28 - authservice - INFO - Authentication service starting...
2025-08-05 22:51:28 - authservice - INFO - Database connection established
2025-08-05 22:51:44 - authservice - INFO - Default admin user already exists
2025-08-05 22:51:44 - authservice - INFO - Authentication service starting...
2025-08-05 22:51:44 - authservice - INFO - Database connection established
2025-08-05 22:51:46 - authservice - INFO - Default admin user already exists
2025-08-05 22:51:46 - authservice - INFO - Authentication service starting...
2025-08-05 22:51:46 - authservice - INFO - Database connection established
2025-08-05 22:51:49 - authservice - INFO - Default admin user already exists
2025-08-05 22:51:49 - authservice - INFO - Authentication service starting...
2025-08-05 22:51:49 - authservice - INFO - Database connection established
2025-08-05 22:51:58 - authservice - INFO - Default admin user already exists
2025-08-05 22:51:58 - authservice - INFO - Authentication service starting...
2025-08-05 22:51:58 - authservice - INFO - Database connection established
2025-08-05 22:52:00 - authservice - INFO - Default admin user already exists
2025-08-05 22:52:00 - authservice - INFO - Authentication service starting...
2025-08-05 22:52:00 - authservice - INFO - Database connection established
2025-08-05 22:52:05 - authservice - INFO - Default admin user already exists
2025-08-05 22:52:05 - authservice - INFO - Authentication service starting...
2025-08-05 22:52:05 - authservice - INFO - Database connection established
2025-08-05 22:52:07 - authservice - INFO - Default admin user already exists
2025-08-05 22:52:07 - authservice - INFO - Authentication service starting...
2025-08-05 22:52:07 - authservice - INFO - Database connection established
2025-08-05 22:52:08 - authservice - INFO - Default admin user already exists
2025-08-05 22:52:08 - authservice - INFO - Authentication service starting...
2025-08-05 22:52:08 - authservice - INFO - Database connection established
2025-08-06 08:31:09 - authservice - INFO - Default admin user already exists
2025-08-06 08:31:09 - authservice - INFO - Authentication service starting...
2025-08-06 08:31:09 - authservice - INFO - Database connection established
2025-08-06 08:31:10 - authservice - INFO - Default admin user already exists
2025-08-06 08:31:10 - authservice - INFO - Authentication service starting...
2025-08-06 08:31:10 - authservice - INFO - Database connection established
2025-08-06 08:35:04 - authservice - INFO - Default admin user already exists
2025-08-06 08:35:04 - authservice - INFO - Authentication service starting...
2025-08-06 08:35:04 - authservice - INFO - Database connection established
2025-08-06 08:35:14 - authservice - INFO - Default admin user already exists
2025-08-06 08:35:14 - authservice - INFO - Authentication service starting...
2025-08-06 08:35:14 - authservice - INFO - Database connection established
2025-08-06 08:35:56 - authservice - INFO - User logged in: admin
2025-08-06 09:12:41 - authservice - INFO - Default admin user already exists
2025-08-06 09:12:41 - authservice - INFO - Authentication service starting...
2025-08-06 09:12:41 - authservice - INFO - Database connection established
2025-08-06 09:13:45 - authservice - INFO - Default admin user already exists
2025-08-06 09:13:45 - authservice - INFO - Authentication service starting...
2025-08-06 09:13:46 - authservice - INFO - Database connection established
2025-08-06 09:16:54 - authservice - INFO - Default admin user already exists
2025-08-06 09:16:54 - authservice - INFO - Authentication service starting...
2025-08-06 09:16:54 - authservice - INFO - Database connection established
2025-08-06 09:16:57 - authservice - INFO - Default admin user already exists
2025-08-06 09:16:57 - authservice - INFO - Authentication service starting...
2025-08-06 09:16:57 - authservice - INFO - Database connection established
2025-08-06 09:17:47 - authservice - INFO - Default admin user already exists
2025-08-06 09:17:47 - authservice - INFO - Authentication service starting...
2025-08-06 09:17:47 - authservice - INFO - Database connection established
2025-08-06 09:18:01 - authservice - INFO - Default admin user already exists
2025-08-06 09:18:01 - authservice - INFO - Authentication service starting...
2025-08-06 09:18:02 - authservice - INFO - Database connection established
2025-08-06 09:18:10 - authservice - INFO - Default admin user already exists
2025-08-06 09:18:10 - authservice - INFO - Authentication service starting...
2025-08-06 09:18:10 - authservice - INFO - Database connection established
2025-08-06 09:20:11 - authservice - INFO - Default admin user already exists
2025-08-06 09:20:11 - authservice - INFO - Authentication service starting...
2025-08-06 09:20:11 - authservice - INFO - Database connection established
2025-08-06 09:20:18 - authservice - INFO - Default admin user already exists
2025-08-06 09:20:18 - authservice - INFO - Authentication service starting...
2025-08-06 09:20:18 - authservice - INFO - Database connection established
2025-08-06 09:20:38 - authservice - INFO - Default admin user already exists
2025-08-06 09:20:38 - authservice - INFO - Authentication service starting...
2025-08-06 09:20:38 - authservice - INFO - Database connection established
2025-08-06 09:20:39 - authservice - INFO - Default admin user already exists
2025-08-06 09:20:39 - authservice - INFO - Authentication service starting...
2025-08-06 09:20:39 - authservice - INFO - Database connection established
2025-08-06 09:21:12 - authservice - INFO - Default admin user already exists
2025-08-06 09:21:12 - authservice - INFO - Authentication service starting...
2025-08-06 09:21:12 - authservice - INFO - Database connection established
2025-08-06 09:21:15 - authservice - INFO - Default admin user already exists
2025-08-06 09:21:15 - authservice - INFO - Authentication service starting...
2025-08-06 09:21:15 - authservice - INFO - Database connection established
2025-08-06 09:21:18 - authservice - INFO - Default admin user already exists
2025-08-06 09:21:18 - authservice - INFO - Authentication service starting...
2025-08-06 09:21:18 - authservice - INFO - Database connection established
2025-08-06 09:21:20 - authservice - INFO - Default admin user already exists
2025-08-06 09:21:20 - authservice - INFO - Authentication service starting...
2025-08-06 09:21:21 - authservice - INFO - Database connection established
2025-08-06 09:23:25 - authservice - INFO - User logged in: admin
2025-08-06 09:23:39 - authservice - INFO - User logged in: admin
2025-08-06 09:40:27 - authservice - INFO - User logged in: admin
2025-08-06 09:41:09 - authservice - INFO - User logged in: admin
2025-08-06 09:43:37 - authservice - INFO - User logged in: admin
2025-08-06 09:43:52 - authservice - INFO - User logged in: admin
2025-08-06 09:49:05 - authservice - INFO - Default admin user already exists
2025-08-06 09:49:05 - authservice - INFO - Authentication service starting...
2025-08-06 09:49:05 - authservice - INFO - Database connection established
2025-08-06 09:53:44 - authservice - INFO - Default admin user already exists
2025-08-06 09:53:44 - authservice - INFO - Authentication service starting...
2025-08-06 09:53:44 - authservice - INFO - Database connection established
2025-08-06 09:53:59 - authservice - INFO - Default admin user already exists
2025-08-06 09:53:59 - authservice - INFO - Authentication service starting...
2025-08-06 09:53:59 - authservice - INFO - Database connection established
2025-08-06 09:54:00 - authservice - INFO - Default admin user already exists
2025-08-06 09:54:00 - authservice - INFO - Authentication service starting...
2025-08-06 09:54:00 - authservice - INFO - Database connection established
2025-08-06 09:56:31 - authservice - INFO - User logged in: admin
2025-08-06 09:58:36 - authservice - INFO - Admin created user: john.doe
2025-08-06 09:59:37 - authservice - INFO - Admin created user: mg
2025-08-06 10:01:40 - authservice - INFO - User logged in: mg
2025-08-06 10:01:51 - authservice - WARNING - Failed login attempt: navene
2025-08-06 10:02:05 - authservice - INFO - User logged in: mg
2025-08-06 10:03:25 - authservice - INFO - User logged in: admin
2025-08-06 10:03:43 - authservice - INFO - Admin deleted user: mg
2025-08-06 10:04:22 - authservice - INFO - Admin created user: kaviya
2025-08-06 10:04:45 - authservice - INFO - User logged in: kaviya
2025-08-06 10:08:28 - authservice - INFO - Default admin user already exists
2025-08-06 10:08:28 - authservice - INFO - Authentication service starting...
2025-08-06 10:08:28 - authservice - INFO - Database connection established
2025-08-06 10:08:52 - authservice - INFO - Default admin user already exists
2025-08-06 10:08:53 - authservice - INFO - Authentication service starting...
2025-08-06 10:08:53 - authservice - INFO - Database connection established
2025-08-06 10:09:10 - authservice - INFO - Default admin user already exists
2025-08-06 10:09:10 - authservice - INFO - Authentication service starting...
2025-08-06 10:09:11 - authservice - INFO - Database connection established
2025-08-06 10:11:29 - authservice - INFO - Default admin user already exists
2025-08-06 10:11:29 - authservice - INFO - Authentication service starting...
2025-08-06 10:11:29 - authservice - INFO - Database connection established
2025-08-06 10:11:32 - authservice - INFO - Default admin user already exists
2025-08-06 10:11:32 - authservice - INFO - Authentication service starting...
2025-08-06 10:11:32 - authservice - INFO - Database connection established
2025-08-06 10:12:21 - authservice - INFO - Default admin user already exists
2025-08-06 10:12:21 - authservice - INFO - Authentication service starting...
2025-08-06 10:12:21 - authservice - INFO - Database connection established
2025-08-06 10:12:32 - authservice - INFO - Default admin user already exists
2025-08-06 10:12:32 - authservice - INFO - Authentication service starting...
2025-08-06 10:12:32 - authservice - INFO - Database connection established
2025-08-06 10:12:33 - authservice - INFO - Default admin user already exists
2025-08-06 10:12:33 - authservice - INFO - Authentication service starting...
2025-08-06 10:12:33 - authservice - INFO - Database connection established
2025-08-06 10:12:57 - authservice - INFO - User logged in: admin
2025-08-06 10:13:12 - authservice - ERROR - Token refresh error: 'AuthService' object has no attribute 'generate_token'
2025-08-06 10:14:05 - authservice - INFO - Default admin user already exists
2025-08-06 10:14:05 - authservice - INFO - Authentication service starting...
2025-08-06 10:14:05 - authservice - INFO - Database connection established
2025-08-06 10:14:32 - authservice - INFO - Default admin user already exists
2025-08-06 10:14:32 - authservice - INFO - Authentication service starting...
2025-08-06 10:14:32 - authservice - INFO - Database connection established
2025-08-06 10:14:46 - authservice - INFO - Default admin user already exists
2025-08-06 10:14:46 - authservice - INFO - Authentication service starting...
2025-08-06 10:14:47 - authservice - INFO - Database connection established
2025-08-06 10:14:47 - authservice - INFO - Default admin user already exists
2025-08-06 10:14:47 - authservice - INFO - Authentication service starting...
2025-08-06 10:14:47 - authservice - INFO - Database connection established
2025-08-06 10:15:04 - authservice - INFO - User logged in: admin
2025-08-06 10:15:14 - authservice - ERROR - Token refresh error: 'AuthService' object has no attribute 'generate_token'
2025-08-06 10:15:23 - authservice - INFO - Default admin user already exists
2025-08-06 10:15:23 - authservice - INFO - Authentication service starting...
2025-08-06 10:15:23 - authservice - INFO - Database connection established
2025-08-06 10:15:47 - authservice - INFO - Default admin user already exists
2025-08-06 10:15:47 - authservice - INFO - Authentication service starting...
2025-08-06 10:15:48 - authservice - INFO - Database connection established
2025-08-06 10:15:52 - authservice - INFO - Default admin user already exists
2025-08-06 10:15:52 - authservice - INFO - Authentication service starting...
2025-08-06 10:15:52 - authservice - INFO - Database connection established
2025-08-06 10:15:53 - authservice - INFO - Default admin user already exists
2025-08-06 10:15:53 - authservice - INFO - Authentication service starting...
2025-08-06 10:15:53 - authservice - INFO - Database connection established
2025-08-06 10:16:13 - authservice - INFO - User logged in: admin
2025-08-06 10:16:32 - authservice - INFO - Token refreshed for user: admin
2025-08-06 10:17:20 - authservice - INFO - User logged in: admin
2025-08-06 10:18:41 - authservice - INFO - Default admin user already exists
2025-08-06 10:18:41 - authservice - INFO - Authentication service starting...
2025-08-06 10:18:42 - authservice - INFO - Database connection established
2025-08-06 10:18:47 - authservice - INFO - Default admin user already exists
2025-08-06 10:18:47 - authservice - INFO - Authentication service starting...
2025-08-06 10:18:47 - authservice - INFO - Database connection established
2025-08-06 10:18:49 - authservice - INFO - Default admin user already exists
2025-08-06 10:18:49 - authservice - INFO - Authentication service starting...
2025-08-06 10:18:49 - authservice - INFO - Database connection established
2025-08-06 10:18:53 - authservice - INFO - Default admin user already exists
2025-08-06 10:18:53 - authservice - INFO - Authentication service starting...
2025-08-06 10:18:53 - authservice - INFO - Database connection established
2025-08-06 10:19:01 - authservice - INFO - Default admin user already exists
2025-08-06 10:19:01 - authservice - INFO - Authentication service starting...
2025-08-06 10:19:01 - authservice - INFO - Database connection established
2025-08-06 10:21:59 - authservice - INFO - User logged in: admin
2025-08-06 10:23:55 - authservice - INFO - User logged in: admin
2025-08-06 10:33:11 - authservice - INFO - User logged in: admin
2025-08-06 10:44:48 - authservice - INFO - User logged in: admin
2025-08-06 10:47:19 - authservice - INFO - Default admin user already exists
2025-08-06 10:47:19 - authservice - INFO - Authentication service starting...
2025-08-06 10:47:19 - authservice - INFO - Database connection established
2025-08-06 10:47:20 - authservice - INFO - Default admin user already exists
2025-08-06 10:47:20 - authservice - INFO - Authentication service starting...
2025-08-06 10:47:20 - authservice - INFO - Database connection established
2025-08-06 10:50:11 - authservice - INFO - User logged in: admin
2025-08-06 10:50:39 - authservice - INFO - User logged in: admin
2025-08-06 10:54:59 - authservice - INFO - User logged in: admin
2025-08-06 10:57:53 - authservice - INFO - User logged in: admin
2025-08-06 11:04:23 - authservice - INFO - User logged in: admin
2025-08-06 11:15:07 - authservice - INFO - Default admin user already exists
2025-08-06 11:15:07 - authservice - INFO - Authentication service starting...
2025-08-06 11:15:07 - authservice - INFO - Database connection established
2025-08-06 11:15:08 - authservice - INFO - Default admin user already exists
2025-08-06 11:15:08 - authservice - INFO - Authentication service starting...
2025-08-06 11:15:08 - authservice - INFO - Database connection established
2025-08-06 11:27:35 - authservice - INFO - Default admin user already exists
2025-08-06 11:27:35 - authservice - INFO - Authentication service starting...
2025-08-06 11:27:35 - authservice - INFO - Database connection established
2025-08-06 11:27:35 - authservice - INFO - Default admin user already exists
2025-08-06 11:27:35 - authservice - INFO - Authentication service starting...
2025-08-06 11:27:35 - authservice - INFO - Database connection established
2025-08-06 11:27:39 - authservice - INFO - User logged in: admin
2025-08-06 11:32:46 - authservice - INFO - Default admin user already exists
2025-08-06 11:32:46 - authservice - INFO - Authentication service starting...
2025-08-06 11:32:47 - authservice - INFO - Database connection established
2025-08-06 11:32:47 - authservice - INFO - Default admin user already exists
2025-08-06 11:32:47 - authservice - INFO - Authentication service starting...
2025-08-06 11:32:47 - authservice - INFO - Database connection established
2025-08-06 11:33:24 - authservice - INFO - User logged in: admin
2025-08-06 11:33:51 - authservice - INFO - User logged in: admin
2025-08-06 11:34:22 - authservice - INFO - User logged in: admin
2025-08-06 11:35:13 - authservice - INFO - Default admin user already exists
2025-08-06 11:35:13 - authservice - INFO - Authentication service starting...
2025-08-06 11:35:13 - authservice - INFO - Database connection established
2025-08-06 11:35:29 - authservice - INFO - Default admin user already exists
2025-08-06 11:35:29 - authservice - INFO - Authentication service starting...
2025-08-06 11:35:29 - authservice - INFO - Database connection established
2025-08-06 11:38:23 - authservice - INFO - Default admin user already exists
2025-08-06 11:38:23 - authservice - INFO - Authentication service starting...
2025-08-06 11:38:23 - authservice - INFO - Database connection established
2025-08-06 12:40:43 - authservice - INFO - Default admin user already exists
2025-08-06 12:40:43 - authservice - INFO - Authentication service starting...
2025-08-06 12:40:43 - authservice - INFO - Database connection established
2025-08-06 12:40:43 - authservice - INFO - Default admin user already exists
2025-08-06 12:40:43 - authservice - INFO - Authentication service starting...
2025-08-06 12:40:43 - authservice - INFO - Database connection established
2025-08-06 12:40:46 - authservice - INFO - User logged in: admin
2025-08-06 13:09:48 - authservice - INFO - Default admin user already exists
2025-08-06 13:09:48 - authservice - INFO - Authentication service starting...
2025-08-06 13:09:48 - authservice - INFO - Database connection established
2025-08-06 13:10:20 - authservice - INFO - Default admin user already exists
2025-08-06 13:10:20 - authservice - INFO - Authentication service starting...
2025-08-06 13:10:20 - authservice - INFO - Database connection established
2025-08-06 13:10:59 - authservice - INFO - Default admin user already exists
2025-08-06 13:10:59 - authservice - INFO - Authentication service starting...
2025-08-06 13:10:59 - authservice - INFO - Database connection established
2025-08-06 13:14:57 - authservice - INFO - Default admin user already exists
2025-08-06 13:14:57 - authservice - INFO - Authentication service starting...
2025-08-06 13:14:57 - authservice - INFO - Database connection established
2025-08-06 13:15:04 - authservice - INFO - Default admin user already exists
2025-08-06 13:15:04 - authservice - INFO - Authentication service starting...
2025-08-06 13:15:04 - authservice - INFO - Database connection established
2025-08-06 13:17:26 - authservice - INFO - Default admin user already exists
2025-08-06 13:17:26 - authservice - INFO - Authentication service starting...
2025-08-06 13:17:27 - authservice - INFO - Database connection established
2025-08-06 13:18:50 - authservice - INFO - Default admin user already exists
2025-08-06 13:18:50 - authservice - INFO - Authentication service starting...
2025-08-06 13:18:50 - authservice - INFO - Database connection established
2025-08-06 13:19:54 - authservice - INFO - Default admin user already exists
2025-08-06 13:19:54 - authservice - INFO - Authentication service starting...
2025-08-06 13:19:55 - authservice - INFO - Database connection established
2025-08-06 13:23:44 - authservice - INFO - Default admin user already exists
2025-08-06 13:23:44 - authservice - INFO - Authentication service starting...
2025-08-06 13:23:44 - authservice - INFO - Database connection established
2025-08-06 13:24:41 - authservice - INFO - Default admin user already exists
2025-08-06 13:24:41 - authservice - INFO - Authentication service starting...
2025-08-06 13:24:41 - authservice - INFO - Database connection established
2025-08-06 13:25:52 - authservice - INFO - Default admin user already exists
2025-08-06 13:25:52 - authservice - INFO - Authentication service starting...
2025-08-06 13:25:52 - authservice - INFO - Database connection established
2025-08-06 13:29:14 - authservice - INFO - Default admin user already exists
2025-08-06 13:29:14 - authservice - INFO - Authentication service starting...
2025-08-06 13:29:14 - authservice - INFO - Database connection established
2025-08-06 13:29:32 - authservice - INFO - Default admin user already exists
2025-08-06 13:29:32 - authservice - INFO - Authentication service starting...
2025-08-06 13:29:32 - authservice - INFO - Database connection established
2025-08-06 13:31:21 - authservice - INFO - Default admin user already exists
2025-08-06 13:31:21 - authservice - INFO - Authentication service starting...
2025-08-06 13:31:21 - authservice - INFO - Database connection established
2025-08-06 13:43:53 - authservice - INFO - Default admin user already exists
2025-08-06 13:43:53 - authservice - INFO - Authentication service starting...
2025-08-06 13:43:53 - authservice - INFO - Database connection established
2025-08-06 13:44:49 - authservice - INFO - Default admin user already exists
2025-08-06 13:44:49 - authservice - INFO - Authentication service starting...
2025-08-06 13:44:49 - authservice - INFO - Database connection established
2025-08-06 13:47:10 - authservice - INFO - Default admin user already exists
2025-08-06 13:47:10 - authservice - INFO - Authentication service starting...
2025-08-06 13:47:10 - authservice - INFO - Database connection established
2025-08-06 14:07:03 - authservice - INFO - Default admin user already exists
2025-08-06 14:07:03 - authservice - INFO - Authentication service starting...
2025-08-06 14:07:03 - authservice - INFO - Database connection established
2025-08-06 14:07:25 - authservice - INFO - Default admin user already exists
2025-08-06 14:07:25 - authservice - INFO - Authentication service starting...
2025-08-06 14:07:25 - authservice - INFO - Database connection established
2025-08-06 14:08:08 - authservice - INFO - Default admin user already exists
2025-08-06 14:08:08 - authservice - INFO - Authentication service starting...
2025-08-06 14:08:08 - authservice - INFO - Database connection established
2025-08-06 14:11:46 - authservice - INFO - Default admin user already exists
2025-08-06 14:11:46 - authservice - INFO - Authentication service starting...
2025-08-06 14:11:46 - authservice - INFO - Database connection established
2025-08-06 14:15:41 - authservice - INFO - Default admin user already exists
2025-08-06 14:15:41 - authservice - INFO - Authentication service starting...
2025-08-06 14:15:41 - authservice - INFO - Database connection established
2025-08-06 14:16:49 - authservice - INFO - Default admin user already exists
2025-08-06 14:16:49 - authservice - INFO - Authentication service starting...
2025-08-06 14:16:49 - authservice - INFO - Database connection established
2025-08-06 14:16:59 - authservice - INFO - Default admin user already exists
2025-08-06 14:16:59 - authservice - INFO - Authentication service starting...
2025-08-06 14:16:59 - authservice - INFO - Database connection established
2025-08-06 14:17:53 - authservice - INFO - Default admin user already exists
2025-08-06 14:17:53 - authservice - INFO - Authentication service starting...
2025-08-06 14:17:53 - authservice - INFO - Database connection established
2025-08-06 14:17:57 - authservice - INFO - Default admin user already exists
2025-08-06 14:17:57 - authservice - INFO - Authentication service starting...
2025-08-06 14:17:57 - authservice - INFO - Database connection established
2025-08-06 14:18:27 - authservice - INFO - Default admin user already exists
2025-08-06 14:18:27 - authservice - INFO - Authentication service starting...
2025-08-06 14:18:27 - authservice - INFO - Database connection established
2025-08-06 14:22:42 - authservice - INFO - Default admin user already exists
2025-08-06 14:22:42 - authservice - INFO - Authentication service starting...
2025-08-06 14:22:42 - authservice - INFO - Database connection established
2025-08-06 14:22:49 - authservice - INFO - Default admin user already exists
2025-08-06 14:22:49 - authservice - INFO - Authentication service starting...
2025-08-06 14:22:49 - authservice - INFO - Database connection established
2025-08-06 14:35:30 - authservice - INFO - Default admin user already exists
2025-08-06 14:35:30 - authservice - INFO - Authentication service starting...
2025-08-06 14:35:30 - authservice - INFO - Database connection established
2025-08-06 14:35:47 - authservice - INFO - Default admin user already exists
2025-08-06 14:35:47 - authservice - INFO - Authentication service starting...
2025-08-06 14:35:47 - authservice - INFO - Database connection established
2025-08-06 14:36:01 - authservice - INFO - Default admin user already exists
2025-08-06 14:36:01 - authservice - INFO - Authentication service starting...
2025-08-06 14:36:01 - authservice - INFO - Database connection established
2025-08-06 14:36:25 - authservice - INFO - Default admin user already exists
2025-08-06 14:36:25 - authservice - INFO - Authentication service starting...
2025-08-06 14:36:25 - authservice - INFO - Database connection established
2025-08-06 14:36:40 - authservice - INFO - Default admin user already exists
2025-08-06 14:36:40 - authservice - INFO - Authentication service starting...
2025-08-06 14:36:40 - authservice - INFO - Database connection established
2025-08-06 14:37:00 - authservice - INFO - Default admin user already exists
2025-08-06 14:37:00 - authservice - INFO - Authentication service starting...
2025-08-06 14:37:00 - authservice - INFO - Database connection established
2025-08-06 14:40:50 - authservice - INFO - Default admin user already exists
2025-08-06 14:40:50 - authservice - INFO - Authentication service starting...
2025-08-06 14:40:50 - authservice - INFO - Database connection established
2025-08-06 14:41:06 - authservice - INFO - Default admin user already exists
2025-08-06 14:41:06 - authservice - INFO - Authentication service starting...
2025-08-06 14:41:06 - authservice - INFO - Database connection established
2025-08-06 14:41:33 - authservice - INFO - Default admin user already exists
2025-08-06 14:41:33 - authservice - INFO - Authentication service starting...
2025-08-06 14:41:34 - authservice - INFO - Database connection established
2025-08-06 14:41:41 - authservice - INFO - Default admin user already exists
2025-08-06 14:41:41 - authservice - INFO - Authentication service starting...
2025-08-06 14:41:41 - authservice - INFO - Database connection established
2025-08-06 14:41:49 - authservice - INFO - Default admin user already exists
2025-08-06 14:41:50 - authservice - INFO - Authentication service starting...
2025-08-06 14:41:50 - authservice - INFO - Database connection established
2025-08-06 14:42:06 - authservice - INFO - Default admin user already exists
2025-08-06 14:42:06 - authservice - INFO - Authentication service starting...
2025-08-06 14:42:06 - authservice - INFO - Database connection established
2025-08-06 14:44:37 - authservice - INFO - Default admin user already exists
2025-08-06 14:44:37 - authservice - INFO - Authentication service starting...
2025-08-06 14:44:37 - authservice - INFO - Database connection established
2025-08-06 14:44:39 - authservice - INFO - Default admin user already exists
2025-08-06 14:44:39 - authservice - INFO - Authentication service starting...
2025-08-06 14:44:39 - authservice - INFO - Database connection established
2025-08-06 14:44:52 - authservice - INFO - Default admin user already exists
2025-08-06 14:44:52 - authservice - INFO - Authentication service starting...
2025-08-06 14:44:52 - authservice - INFO - Database connection established
2025-08-06 14:44:59 - authservice - INFO - Default admin user already exists
2025-08-06 14:44:59 - authservice - INFO - Authentication service starting...
2025-08-06 14:44:59 - authservice - INFO - Database connection established
2025-08-06 14:50:19 - authservice - INFO - Default admin user already exists
2025-08-06 14:50:19 - authservice - INFO - Authentication service starting...
2025-08-06 14:50:20 - authservice - INFO - Database connection established
2025-08-06 14:50:49 - authservice - INFO - Default admin user already exists
2025-08-06 14:50:49 - authservice - INFO - Authentication service starting...
2025-08-06 14:50:49 - authservice - INFO - Database connection established
2025-08-06 14:51:06 - authservice - INFO - Default admin user already exists
2025-08-06 14:51:06 - authservice - INFO - Authentication service starting...
2025-08-06 14:51:06 - authservice - INFO - Database connection established
2025-08-06 14:51:16 - authservice - INFO - Default admin user already exists
2025-08-06 14:51:16 - authservice - INFO - Authentication service starting...
2025-08-06 14:51:16 - authservice - INFO - Database connection established
2025-08-06 17:39:34 - authservice - INFO - Default admin user already exists
2025-08-06 17:39:34 - authservice - INFO - Authentication service starting...
2025-08-06 17:39:34 - authservice - INFO - Database connection established
2025-08-06 19:18:48 - authservice - INFO - Default admin user already exists
2025-08-06 19:18:48 - authservice - INFO - Authentication service starting...
2025-08-06 19:18:48 - authservice - INFO - Database connection established
2025-08-06 19:55:29 - authservice - INFO - Admin deleted user: kaviya
2025-08-06 19:55:34 - authservice - INFO - Admin deleted user: john.doe
2025-08-06 19:57:13 - authservice - INFO - Admin updated user: admin
2025-08-06 20:28:04 - authservice - INFO - Default admin user already exists
2025-08-06 20:28:04 - authservice - INFO - Authentication service starting...
2025-08-06 20:28:04 - authservice - INFO - Database connection established
2025-08-06 20:28:49 - authservice - INFO - Default admin user already exists
2025-08-06 20:28:49 - authservice - INFO - Authentication service starting...
2025-08-06 20:28:49 - authservice - INFO - Database connection established
2025-08-06 20:29:13 - authservice - INFO - Default admin user already exists
2025-08-06 20:29:13 - authservice - INFO - Authentication service starting...
2025-08-06 20:29:13 - authservice - INFO - Database connection established
2025-08-06 20:29:48 - authservice - INFO - Default admin user already exists
2025-08-06 20:29:48 - authservice - INFO - Authentication service starting...
2025-08-06 20:29:49 - authservice - INFO - Database connection established
2025-08-06 20:30:58 - authservice - INFO - Default admin user already exists
2025-08-06 20:30:58 - authservice - INFO - Authentication service starting...
2025-08-06 20:30:58 - authservice - INFO - Database connection established
2025-08-06 20:35:49 - authservice - INFO - Default admin user already exists
2025-08-06 20:35:49 - authservice - INFO - Authentication service starting...
2025-08-06 20:35:50 - authservice - INFO - Database connection established
2025-08-06 20:36:06 - authservice - INFO - Default admin user already exists
2025-08-06 20:36:06 - authservice - INFO - Authentication service starting...
2025-08-06 20:36:06 - authservice - INFO - Database connection established
2025-08-06 20:41:16 - authservice - INFO - Default admin user already exists
2025-08-06 20:41:16 - authservice - INFO - Authentication service starting...
2025-08-06 20:41:16 - authservice - INFO - Database connection established
2025-08-06 20:51:28 - authservice - INFO - Default admin user already exists
2025-08-06 20:51:28 - authservice - INFO - Authentication service starting...
2025-08-06 20:51:28 - authservice - INFO - Database connection established
2025-08-06 20:51:31 - authservice - INFO - Default admin user already exists
2025-08-06 20:51:31 - authservice - INFO - Authentication service starting...
2025-08-06 20:51:31 - authservice - INFO - Database connection established
2025-08-06 20:51:35 - authservice - INFO - Default admin user already exists
2025-08-06 20:51:35 - authservice - INFO - Authentication service starting...
2025-08-06 20:51:35 - authservice - INFO - Database connection established
2025-08-06 20:57:18 - authservice - INFO - Default admin user already exists
2025-08-06 20:57:18 - authservice - INFO - Authentication service starting...
2025-08-06 20:57:19 - authservice - INFO - Database connection established
2025-08-06 22:05:08 - authservice - INFO - User logged in: admin
2025-08-06 22:05:11 - authservice - INFO - Default admin user already exists
2025-08-06 22:05:11 - authservice - INFO - Authentication service starting...
2025-08-06 22:05:12 - authservice - INFO - Database connection established
2025-08-06 22:34:51 - authservice - INFO - Default admin user already exists
2025-08-06 22:34:51 - authservice - INFO - Authentication service starting...
2025-08-06 22:34:51 - authservice - INFO - Database connection established
2025-08-06 22:35:14 - authservice - INFO - Default admin user already exists
2025-08-06 22:35:14 - authservice - INFO - Authentication service starting...
2025-08-06 22:35:14 - authservice - INFO - Database connection established
2025-08-06 22:35:32 - authservice - INFO - Default admin user already exists
2025-08-06 22:35:32 - authservice - INFO - Authentication service starting...
2025-08-06 22:35:32 - authservice - INFO - Database connection established
2025-08-06 22:35:43 - authservice - INFO - Default admin user already exists
2025-08-06 22:35:43 - authservice - INFO - Authentication service starting...
2025-08-06 22:35:43 - authservice - INFO - Database connection established
2025-08-06 22:35:45 - authservice - INFO - Default admin user already exists
2025-08-06 22:35:45 - authservice - INFO - Authentication service starting...
2025-08-06 22:35:46 - authservice - INFO - Database connection established
2025-08-06 22:44:14 - authservice - INFO - Default admin user already exists
2025-08-06 22:44:14 - authservice - INFO - Authentication service starting...
2025-08-06 22:44:14 - authservice - INFO - Database connection established
2025-08-06 22:46:43 - authservice - INFO - Default admin user already exists
2025-08-06 22:46:43 - authservice - INFO - Authentication service starting...
2025-08-06 22:46:43 - authservice - INFO - Database connection established
2025-08-06 22:46:59 - authservice - INFO - Default admin user already exists
2025-08-06 22:46:59 - authservice - INFO - Authentication service starting...
2025-08-06 22:46:59 - authservice - INFO - Database connection established
2025-08-06 22:47:31 - authservice - INFO - Default admin user already exists
2025-08-06 22:47:31 - authservice - INFO - Authentication service starting...
2025-08-06 22:47:31 - authservice - INFO - Database connection established
2025-08-06 22:47:37 - authservice - INFO - Default admin user already exists
2025-08-06 22:47:37 - authservice - INFO - Authentication service starting...
2025-08-06 22:47:37 - authservice - INFO - Database connection established
2025-08-06 22:48:03 - authservice - INFO - Default admin user already exists
2025-08-06 22:48:03 - authservice - INFO - Authentication service starting...
2025-08-06 22:48:04 - authservice - INFO - Database connection established
2025-08-06 22:49:08 - authservice - INFO - Default admin user already exists
2025-08-06 22:49:08 - authservice - INFO - Authentication service starting...
2025-08-06 22:49:08 - authservice - INFO - Database connection established
2025-08-06 22:49:15 - authservice - INFO - Default admin user already exists
2025-08-06 22:49:15 - authservice - INFO - Authentication service starting...
2025-08-06 22:49:15 - authservice - INFO - Database connection established
2025-08-06 22:49:19 - authservice - INFO - Default admin user already exists
2025-08-06 22:49:19 - authservice - INFO - Authentication service starting...
2025-08-06 22:49:19 - authservice - INFO - Database connection established
2025-08-06 22:50:04 - authservice - INFO - Default admin user already exists
2025-08-06 22:50:04 - authservice - INFO - Authentication service starting...
2025-08-06 22:50:04 - authservice - INFO - Database connection established
2025-08-06 22:51:02 - authservice - INFO - Default admin user already exists
2025-08-06 22:51:02 - authservice - INFO - Authentication service starting...
2025-08-06 22:51:02 - authservice - INFO - Database connection established
2025-08-06 22:51:18 - authservice - INFO - Default admin user already exists
2025-08-06 22:51:18 - authservice - INFO - Authentication service starting...
2025-08-06 22:51:18 - authservice - INFO - Database connection established
2025-08-06 22:53:49 - authservice - INFO - Default admin user already exists
2025-08-06 22:53:49 - authservice - INFO - Authentication service starting...
2025-08-06 22:53:50 - authservice - INFO - Database connection established
2025-08-06 22:55:36 - authservice - INFO - Default admin user already exists
2025-08-06 22:55:36 - authservice - INFO - Authentication service starting...
2025-08-06 22:55:36 - authservice - INFO - Database connection established
2025-08-06 22:55:53 - authservice - INFO - Default admin user already exists
2025-08-06 22:55:53 - authservice - INFO - Authentication service starting...
2025-08-06 22:55:53 - authservice - INFO - Database connection established
2025-08-06 22:56:06 - authservice - INFO - Default admin user already exists
2025-08-06 22:56:06 - authservice - INFO - Authentication service starting...
2025-08-06 22:56:06 - authservice - INFO - Database connection established
2025-08-06 22:57:32 - authservice - INFO - Default admin user already exists
2025-08-06 22:57:32 - authservice - INFO - Authentication service starting...
2025-08-06 22:57:32 - authservice - INFO - Database connection established
2025-08-06 22:57:38 - authservice - INFO - Default admin user already exists
2025-08-06 22:57:38 - authservice - INFO - Authentication service starting...
2025-08-06 22:57:38 - authservice - INFO - Database connection established
2025-08-06 22:59:05 - authservice - INFO - Default admin user already exists
2025-08-06 22:59:05 - authservice - INFO - Authentication service starting...
2025-08-06 22:59:05 - authservice - INFO - Database connection established
2025-08-06 23:00:00 - authservice - INFO - Default admin user already exists
2025-08-06 23:00:00 - authservice - INFO - Authentication service starting...
2025-08-06 23:00:00 - authservice - INFO - Database connection established
2025-08-06 23:00:46 - authservice - INFO - Default admin user already exists
2025-08-06 23:00:46 - authservice - INFO - Authentication service starting...
2025-08-06 23:00:46 - authservice - INFO - Database connection established
2025-08-06 23:01:39 - authservice - INFO - Default admin user already exists
2025-08-06 23:01:39 - authservice - INFO - Authentication service starting...
2025-08-06 23:01:39 - authservice - INFO - Database connection established
2025-08-06 23:01:53 - authservice - INFO - Default admin user already exists
2025-08-06 23:01:53 - authservice - INFO - Authentication service starting...
2025-08-06 23:01:53 - authservice - INFO - Database connection established
2025-08-06 23:02:13 - authservice - INFO - Default admin user already exists
2025-08-06 23:02:13 - authservice - INFO - Authentication service starting...
2025-08-06 23:02:14 - authservice - INFO - Database connection established
2025-08-06 23:03:03 - authservice - INFO - Default admin user already exists
2025-08-06 23:03:03 - authservice - INFO - Authentication service starting...
2025-08-06 23:03:03 - authservice - INFO - Database connection established
2025-08-06 23:03:05 - authservice - INFO - Default admin user already exists
2025-08-06 23:03:05 - authservice - INFO - Authentication service starting...
2025-08-06 23:03:05 - authservice - INFO - Database connection established
2025-08-06 23:03:25 - authservice - INFO - Default admin user already exists
2025-08-06 23:03:25 - authservice - INFO - Authentication service starting...
2025-08-06 23:03:25 - authservice - INFO - Database connection established
2025-08-07 08:31:42 - authservice - INFO - Default admin user already exists
2025-08-07 08:31:42 - authservice - INFO - Authentication service starting...
2025-08-07 08:31:42 - authservice - INFO - Database connection established
2025-08-07 08:31:46 - authservice - INFO - Default admin user already exists
2025-08-07 08:31:46 - authservice - INFO - Authentication service starting...
2025-08-07 08:31:47 - authservice - INFO - Database connection established
2025-08-07 08:31:49 - authservice - INFO - Default admin user already exists
2025-08-07 08:31:49 - authservice - INFO - Authentication service starting...
2025-08-07 08:31:49 - authservice - INFO - Database connection established
2025-08-07 08:48:57 - authservice - INFO - Default admin user already exists
2025-08-07 08:48:57 - authservice - INFO - Authentication service starting...
2025-08-07 08:48:57 - authservice - INFO - Database connection established
2025-08-07 08:49:01 - authservice - INFO - Default admin user already exists
2025-08-07 08:49:01 - authservice - INFO - Authentication service starting...
2025-08-07 08:49:02 - authservice - INFO - Database connection established
2025-08-07 08:50:51 - authservice - INFO - Default admin user already exists
2025-08-07 08:50:51 - authservice - INFO - Authentication service starting...
2025-08-07 08:50:51 - authservice - INFO - Database connection established
2025-08-07 08:58:07 - authservice - INFO - Default admin user already exists
2025-08-07 08:58:07 - authservice - INFO - Authentication service starting...
2025-08-07 08:58:07 - authservice - INFO - Database connection established
2025-08-07 08:58:38 - authservice - INFO - Default admin user already exists
2025-08-07 08:58:38 - authservice - INFO - Authentication service starting...
2025-08-07 08:58:38 - authservice - INFO - Database connection established
2025-08-07 08:59:15 - authservice - INFO - Default admin user already exists
2025-08-07 08:59:15 - authservice - INFO - Authentication service starting...
2025-08-07 08:59:15 - authservice - INFO - Database connection established
2025-08-07 08:59:32 - authservice - INFO - Default admin user already exists
2025-08-07 08:59:32 - authservice - INFO - Authentication service starting...
2025-08-07 08:59:32 - authservice - INFO - Database connection established
2025-08-07 09:00:06 - authservice - INFO - Default admin user already exists
2025-08-07 09:00:06 - authservice - INFO - Authentication service starting...
2025-08-07 09:00:06 - authservice - INFO - Database connection established
2025-08-07 09:00:14 - authservice - INFO - Default admin user already exists
2025-08-07 09:00:14 - authservice - INFO - Authentication service starting...
2025-08-07 09:00:14 - authservice - INFO - Database connection established
2025-08-07 09:00:44 - authservice - INFO - Default admin user already exists
2025-08-07 09:00:44 - authservice - INFO - Authentication service starting...
2025-08-07 09:00:44 - authservice - INFO - Database connection established
2025-08-07 09:02:39 - authservice - INFO - Default admin user already exists
2025-08-07 09:02:39 - authservice - INFO - Authentication service starting...
2025-08-07 09:02:39 - authservice - INFO - Database connection established
2025-08-07 09:02:44 - authservice - INFO - Default admin user already exists
2025-08-07 09:02:44 - authservice - INFO - Authentication service starting...
2025-08-07 09:02:44 - authservice - INFO - Database connection established
2025-08-07 09:02:56 - authservice - INFO - Default admin user already exists
2025-08-07 09:02:56 - authservice - INFO - Authentication service starting...
2025-08-07 09:02:57 - authservice - INFO - Database connection established
2025-08-07 09:03:09 - authservice - INFO - Default admin user already exists
2025-08-07 09:03:09 - authservice - INFO - Authentication service starting...
2025-08-07 09:03:10 - authservice - INFO - Database connection established
2025-08-07 09:04:01 - authservice - INFO - Default admin user already exists
2025-08-07 09:04:01 - authservice - INFO - Authentication service starting...
2025-08-07 09:04:01 - authservice - INFO - Database connection established
2025-08-07 09:04:11 - authservice - INFO - Default admin user already exists
2025-08-07 09:04:11 - authservice - INFO - Authentication service starting...
2025-08-07 09:04:11 - authservice - INFO - Database connection established
2025-08-07 09:04:25 - authservice - INFO - Default admin user already exists
2025-08-07 09:04:25 - authservice - INFO - Authentication service starting...
2025-08-07 09:04:25 - authservice - INFO - Database connection established
2025-08-07 09:05:20 - authservice - INFO - Default admin user already exists
2025-08-07 09:05:20 - authservice - INFO - Authentication service starting...
2025-08-07 09:05:20 - authservice - INFO - Database connection established
2025-08-07 09:05:49 - authservice - INFO - Default admin user already exists
2025-08-07 09:05:49 - authservice - INFO - Authentication service starting...
2025-08-07 09:05:50 - authservice - INFO - Database connection established
2025-08-07 09:06:39 - authservice - INFO - Default admin user already exists
2025-08-07 09:06:39 - authservice - INFO - Authentication service starting...
2025-08-07 09:06:39 - authservice - INFO - Database connection established
2025-08-07 09:07:06 - authservice - INFO - Default admin user already exists
2025-08-07 09:07:06 - authservice - INFO - Authentication service starting...
2025-08-07 09:07:07 - authservice - INFO - Database connection established
2025-08-07 09:08:08 - authservice - INFO - Default admin user already exists
2025-08-07 09:08:08 - authservice - INFO - Authentication service starting...
2025-08-07 09:08:08 - authservice - INFO - Database connection established
2025-08-07 09:13:25 - authservice - INFO - Default admin user already exists
2025-08-07 09:13:25 - authservice - INFO - Authentication service starting...
2025-08-07 09:13:25 - authservice - INFO - Database connection established
2025-08-07 09:13:28 - authservice - INFO - Default admin user already exists
2025-08-07 09:13:28 - authservice - INFO - Authentication service starting...
2025-08-07 09:13:28 - authservice - INFO - Database connection established
2025-08-07 09:13:36 - authservice - INFO - Default admin user already exists
2025-08-07 09:13:36 - authservice - INFO - Authentication service starting...
2025-08-07 09:13:36 - authservice - INFO - Database connection established
2025-08-07 09:13:48 - authservice - INFO - Default admin user already exists
2025-08-07 09:13:48 - authservice - INFO - Authentication service starting...
2025-08-07 09:13:48 - authservice - INFO - Database connection established
2025-08-07 09:13:51 - authservice - INFO - Default admin user already exists
2025-08-07 09:13:51 - authservice - INFO - Authentication service starting...
2025-08-07 09:13:51 - authservice - INFO - Database connection established
2025-08-07 09:13:54 - authservice - INFO - Default admin user already exists
2025-08-07 09:13:54 - authservice - INFO - Authentication service starting...
2025-08-07 09:13:55 - authservice - INFO - Database connection established
2025-08-07 09:13:57 - authservice - INFO - Default admin user already exists
2025-08-07 09:13:57 - authservice - INFO - Authentication service starting...
2025-08-07 09:13:57 - authservice - INFO - Database connection established
2025-08-07 09:14:01 - authservice - INFO - Default admin user already exists
2025-08-07 09:14:01 - authservice - INFO - Authentication service starting...
2025-08-07 09:14:01 - authservice - INFO - Database connection established
2025-08-07 09:14:04 - authservice - INFO - Default admin user already exists
2025-08-07 09:14:04 - authservice - INFO - Authentication service starting...
2025-08-07 09:14:04 - authservice - INFO - Database connection established
2025-08-07 09:14:07 - authservice - INFO - Default admin user already exists
2025-08-07 09:14:07 - authservice - INFO - Authentication service starting...
2025-08-07 09:14:08 - authservice - INFO - Database connection established
2025-08-07 09:14:12 - authservice - INFO - Default admin user already exists
2025-08-07 09:14:12 - authservice - INFO - Authentication service starting...
2025-08-07 09:14:13 - authservice - INFO - Database connection established
2025-08-07 09:15:20 - authservice - INFO - Default admin user already exists
2025-08-07 09:15:20 - authservice - INFO - Authentication service starting...
2025-08-07 09:15:20 - authservice - INFO - Database connection established
2025-08-07 09:16:24 - authservice - INFO - Default admin user already exists
2025-08-07 09:16:24 - authservice - INFO - Authentication service starting...
2025-08-07 09:16:24 - authservice - INFO - Database connection established
2025-08-07 09:16:29 - authservice - INFO - Default admin user already exists
2025-08-07 09:16:30 - authservice - INFO - Authentication service starting...
2025-08-07 09:16:30 - authservice - INFO - Database connection established
2025-08-07 09:16:34 - authservice - INFO - Default admin user already exists
2025-08-07 09:16:34 - authservice - INFO - Authentication service starting...
2025-08-07 09:16:35 - authservice - INFO - Database connection established
2025-08-07 09:16:41 - authservice - INFO - Default admin user already exists
2025-08-07 09:16:41 - authservice - INFO - Authentication service starting...
2025-08-07 09:16:41 - authservice - INFO - Database connection established
2025-08-07 09:16:43 - authservice - INFO - Default admin user already exists
2025-08-07 09:16:43 - authservice - INFO - Authentication service starting...
2025-08-07 09:16:43 - authservice - INFO - Database connection established
2025-08-07 09:16:47 - authservice - INFO - Default admin user already exists
2025-08-07 09:16:47 - authservice - INFO - Authentication service starting...
2025-08-07 09:16:47 - authservice - INFO - Database connection established
2025-08-07 09:16:51 - authservice - INFO - Default admin user already exists
2025-08-07 09:16:51 - authservice - INFO - Authentication service starting...
2025-08-07 09:16:51 - authservice - INFO - Database connection established
2025-08-07 09:17:13 - authservice - INFO - Default admin user already exists
2025-08-07 09:17:13 - authservice - INFO - Authentication service starting...
2025-08-07 09:17:13 - authservice - INFO - Database connection established
2025-08-07 09:17:28 - authservice - INFO - Default admin user already exists
2025-08-07 09:17:28 - authservice - INFO - Authentication service starting...
2025-08-07 09:17:28 - authservice - INFO - Database connection established
2025-08-07 09:18:49 - authservice - INFO - Default admin user already exists
2025-08-07 09:18:49 - authservice - INFO - Authentication service starting...
2025-08-07 09:18:49 - authservice - INFO - Database connection established
2025-08-07 09:20:30 - authservice - INFO - Default admin user already exists
2025-08-07 09:20:30 - authservice - INFO - Authentication service starting...
2025-08-07 09:20:31 - authservice - INFO - Database connection established
2025-08-07 09:21:53 - authservice - INFO - Default admin user already exists
2025-08-07 09:21:53 - authservice - INFO - Authentication service starting...
2025-08-07 09:21:53 - authservice - INFO - Database connection established
2025-08-07 09:23:36 - authservice - INFO - Default admin user already exists
2025-08-07 09:23:36 - authservice - INFO - Authentication service starting...
2025-08-07 09:23:36 - authservice - INFO - Database connection established
2025-08-07 09:23:39 - authservice - INFO - Default admin user already exists
2025-08-07 09:23:39 - authservice - INFO - Authentication service starting...
2025-08-07 09:23:39 - authservice - INFO - Database connection established
2025-08-07 09:23:41 - authservice - INFO - Default admin user already exists
2025-08-07 09:23:41 - authservice - INFO - Authentication service starting...
2025-08-07 09:23:41 - authservice - INFO - Database connection established
2025-08-07 09:23:43 - authservice - INFO - Default admin user already exists
2025-08-07 09:23:43 - authservice - INFO - Authentication service starting...
2025-08-07 09:23:43 - authservice - INFO - Database connection established
2025-08-07 09:24:04 - authservice - INFO - Default admin user already exists
2025-08-07 09:24:04 - authservice - INFO - Authentication service starting...
2025-08-07 09:24:04 - authservice - INFO - Database connection established
2025-08-07 09:24:05 - authservice - INFO - Default admin user already exists
2025-08-07 09:24:05 - authservice - INFO - Authentication service starting...
2025-08-07 09:24:05 - authservice - INFO - Database connection established
2025-08-07 09:24:07 - authservice - INFO - Default admin user already exists
2025-08-07 09:24:07 - authservice - INFO - Authentication service starting...
2025-08-07 09:24:07 - authservice - INFO - Database connection established
2025-08-07 09:24:11 - authservice - INFO - Default admin user already exists
2025-08-07 09:24:11 - authservice - INFO - Authentication service starting...
2025-08-07 09:24:11 - authservice - INFO - Database connection established
2025-08-07 09:24:15 - authservice - INFO - Default admin user already exists
2025-08-07 09:24:15 - authservice - INFO - Authentication service starting...
2025-08-07 09:24:15 - authservice - INFO - Database connection established
2025-08-07 09:24:20 - authservice - INFO - Default admin user already exists
2025-08-07 09:24:20 - authservice - INFO - Authentication service starting...
2025-08-07 09:24:20 - authservice - INFO - Database connection established
2025-08-07 09:24:22 - authservice - INFO - Default admin user already exists
2025-08-07 09:24:22 - authservice - INFO - Authentication service starting...
2025-08-07 09:24:22 - authservice - INFO - Database connection established
2025-08-07 09:24:24 - authservice - INFO - Default admin user already exists
2025-08-07 09:24:24 - authservice - INFO - Authentication service starting...
2025-08-07 09:24:24 - authservice - INFO - Database connection established
2025-08-07 09:25:00 - authservice - INFO - Default admin user already exists
2025-08-07 09:25:00 - authservice - INFO - Authentication service starting...
2025-08-07 09:25:01 - authservice - INFO - Database connection established
2025-08-07 09:25:05 - authservice - INFO - Default admin user already exists
2025-08-07 09:25:05 - authservice - INFO - Authentication service starting...
2025-08-07 09:25:05 - authservice - INFO - Database connection established
2025-08-07 09:25:09 - authservice - INFO - Default admin user already exists
2025-08-07 09:25:09 - authservice - INFO - Authentication service starting...
2025-08-07 09:25:09 - authservice - INFO - Database connection established
2025-08-07 09:28:26 - authservice - INFO - Default admin user already exists
2025-08-07 09:28:26 - authservice - INFO - Authentication service starting...
2025-08-07 09:28:26 - authservice - INFO - Database connection established
2025-08-07 09:28:30 - authservice - INFO - Default admin user already exists
2025-08-07 09:28:30 - authservice - INFO - Authentication service starting...
2025-08-07 09:28:30 - authservice - INFO - Database connection established
2025-08-07 09:28:35 - authservice - INFO - Default admin user already exists
2025-08-07 09:28:35 - authservice - INFO - Authentication service starting...
2025-08-07 09:28:36 - authservice - INFO - Database connection established
2025-08-07 09:28:40 - authservice - INFO - Default admin user already exists
2025-08-07 09:28:40 - authservice - INFO - Authentication service starting...
2025-08-07 09:28:40 - authservice - INFO - Database connection established
2025-08-07 09:28:58 - authservice - INFO - Default admin user already exists
2025-08-07 09:28:58 - authservice - INFO - Authentication service starting...
2025-08-07 09:28:58 - authservice - INFO - Database connection established
2025-08-07 09:29:03 - authservice - INFO - Default admin user already exists
2025-08-07 09:29:03 - authservice - INFO - Authentication service starting...
2025-08-07 09:29:03 - authservice - INFO - Database connection established
2025-08-07 09:29:08 - authservice - INFO - Default admin user already exists
2025-08-07 09:29:08 - authservice - INFO - Authentication service starting...
2025-08-07 09:29:08 - authservice - INFO - Database connection established
2025-08-07 09:29:10 - authservice - INFO - Default admin user already exists
2025-08-07 09:29:10 - authservice - INFO - Authentication service starting...
2025-08-07 09:29:10 - authservice - INFO - Database connection established
2025-08-07 09:29:16 - authservice - INFO - Default admin user already exists
2025-08-07 09:29:16 - authservice - INFO - Authentication service starting...
2025-08-07 09:29:16 - authservice - INFO - Database connection established
2025-08-07 09:29:21 - authservice - INFO - Default admin user already exists
2025-08-07 09:29:21 - authservice - INFO - Authentication service starting...
2025-08-07 09:29:21 - authservice - INFO - Database connection established
2025-08-07 09:29:24 - authservice - INFO - Default admin user already exists
2025-08-07 09:29:24 - authservice - INFO - Authentication service starting...
2025-08-07 09:29:24 - authservice - INFO - Database connection established
2025-08-07 09:29:33 - authservice - INFO - Default admin user already exists
2025-08-07 09:29:33 - authservice - INFO - Authentication service starting...
2025-08-07 09:29:34 - authservice - INFO - Database connection established
2025-08-07 09:29:39 - authservice - INFO - Default admin user already exists
2025-08-07 09:29:39 - authservice - INFO - Authentication service starting...
2025-08-07 09:29:40 - authservice - INFO - Database connection established
2025-08-07 09:29:41 - authservice - INFO - Default admin user already exists
2025-08-07 09:29:41 - authservice - INFO - Authentication service starting...
2025-08-07 09:29:41 - authservice - INFO - Database connection established
2025-08-07 09:29:44 - authservice - INFO - Default admin user already exists
2025-08-07 09:29:44 - authservice - INFO - Authentication service starting...
2025-08-07 09:29:44 - authservice - INFO - Database connection established
2025-08-07 09:29:46 - authservice - INFO - Default admin user already exists
2025-08-07 09:29:46 - authservice - INFO - Authentication service starting...
2025-08-07 09:29:47 - authservice - INFO - Database connection established
2025-08-07 09:29:52 - authservice - INFO - Default admin user already exists
2025-08-07 09:29:52 - authservice - INFO - Authentication service starting...
2025-08-07 09:29:52 - authservice - INFO - Database connection established
2025-08-07 09:29:59 - authservice - INFO - Default admin user already exists
2025-08-07 09:29:59 - authservice - INFO - Authentication service starting...
2025-08-07 09:29:59 - authservice - INFO - Database connection established
2025-08-07 09:30:31 - authservice - INFO - Default admin user already exists
2025-08-07 09:30:31 - authservice - INFO - Authentication service starting...
2025-08-07 09:30:31 - authservice - INFO - Database connection established
2025-08-07 09:30:37 - authservice - INFO - Default admin user already exists
2025-08-07 09:30:37 - authservice - INFO - Authentication service starting...
2025-08-07 09:30:37 - authservice - INFO - Database connection established
2025-08-07 09:30:39 - authservice - INFO - Default admin user already exists
2025-08-07 09:30:39 - authservice - INFO - Authentication service starting...
2025-08-07 09:30:39 - authservice - INFO - Database connection established
2025-08-07 09:30:41 - authservice - INFO - Default admin user already exists
2025-08-07 09:30:41 - authservice - INFO - Authentication service starting...
2025-08-07 09:30:42 - authservice - INFO - Database connection established
2025-08-07 09:30:47 - authservice - INFO - Default admin user already exists
2025-08-07 09:30:47 - authservice - INFO - Authentication service starting...
2025-08-07 09:30:47 - authservice - INFO - Database connection established
2025-08-07 09:31:09 - authservice - INFO - Default admin user already exists
2025-08-07 09:31:09 - authservice - INFO - Authentication service starting...
2025-08-07 09:31:09 - authservice - INFO - Database connection established
2025-08-07 09:31:17 - authservice - INFO - Default admin user already exists
2025-08-07 09:31:17 - authservice - INFO - Authentication service starting...
2025-08-07 09:31:17 - authservice - INFO - Database connection established
2025-08-07 09:31:19 - authservice - INFO - Default admin user already exists
2025-08-07 09:31:19 - authservice - INFO - Authentication service starting...
2025-08-07 09:31:19 - authservice - INFO - Database connection established
2025-08-07 09:31:26 - authservice - INFO - Default admin user already exists
2025-08-07 09:31:26 - authservice - INFO - Authentication service starting...
2025-08-07 09:31:26 - authservice - INFO - Database connection established
2025-08-07 09:31:29 - authservice - INFO - Default admin user already exists
2025-08-07 09:31:29 - authservice - INFO - Authentication service starting...
2025-08-07 09:31:29 - authservice - INFO - Database connection established
2025-08-07 09:31:32 - authservice - INFO - Default admin user already exists
2025-08-07 09:31:32 - authservice - INFO - Authentication service starting...
2025-08-07 09:31:32 - authservice - INFO - Database connection established
2025-08-07 09:31:49 - authservice - INFO - Default admin user already exists
2025-08-07 09:31:49 - authservice - INFO - Authentication service starting...
2025-08-07 09:31:49 - authservice - INFO - Database connection established
2025-08-07 09:31:53 - authservice - INFO - Default admin user already exists
2025-08-07 09:31:53 - authservice - INFO - Authentication service starting...
2025-08-07 09:31:53 - authservice - INFO - Database connection established
2025-08-07 09:31:54 - authservice - INFO - Default admin user already exists
2025-08-07 09:31:54 - authservice - INFO - Authentication service starting...
2025-08-07 09:31:54 - authservice - INFO - Database connection established
2025-08-07 09:31:58 - authservice - INFO - Default admin user already exists
2025-08-07 09:31:58 - authservice - INFO - Authentication service starting...
2025-08-07 09:31:58 - authservice - INFO - Database connection established
2025-08-07 09:32:11 - authservice - INFO - Default admin user already exists
2025-08-07 09:32:11 - authservice - INFO - Authentication service starting...
2025-08-07 09:32:11 - authservice - INFO - Database connection established
2025-08-07 09:32:19 - authservice - INFO - Default admin user already exists
2025-08-07 09:32:20 - authservice - INFO - Authentication service starting...
2025-08-07 09:32:20 - authservice - INFO - Database connection established
2025-08-07 09:32:22 - authservice - INFO - Default admin user already exists
2025-08-07 09:32:22 - authservice - INFO - Authentication service starting...
2025-08-07 09:32:22 - authservice - INFO - Database connection established
2025-08-07 09:32:33 - authservice - INFO - Default admin user already exists
2025-08-07 09:32:33 - authservice - INFO - Authentication service starting...
2025-08-07 09:32:33 - authservice - INFO - Database connection established
2025-08-07 09:32:34 - authservice - INFO - Default admin user already exists
2025-08-07 09:32:34 - authservice - INFO - Authentication service starting...
2025-08-07 09:32:35 - authservice - INFO - Database connection established
2025-08-07 09:32:37 - authservice - INFO - Default admin user already exists
2025-08-07 09:32:37 - authservice - INFO - Authentication service starting...
2025-08-07 09:32:37 - authservice - INFO - Database connection established
2025-08-07 09:32:41 - authservice - INFO - Default admin user already exists
2025-08-07 09:32:41 - authservice - INFO - Authentication service starting...
2025-08-07 09:32:41 - authservice - INFO - Database connection established
2025-08-07 09:32:56 - authservice - INFO - Default admin user already exists
2025-08-07 09:32:56 - authservice - INFO - Authentication service starting...
2025-08-07 09:32:56 - authservice - INFO - Database connection established
2025-08-07 09:32:58 - authservice - INFO - Default admin user already exists
2025-08-07 09:32:58 - authservice - INFO - Authentication service starting...
2025-08-07 09:32:58 - authservice - INFO - Database connection established
2025-08-07 09:33:10 - authservice - INFO - Default admin user already exists
2025-08-07 09:33:10 - authservice - INFO - Authentication service starting...
2025-08-07 09:33:10 - authservice - INFO - Database connection established
2025-08-07 09:33:20 - authservice - INFO - Default admin user already exists
2025-08-07 09:33:20 - authservice - INFO - Authentication service starting...
2025-08-07 09:33:20 - authservice - INFO - Database connection established
2025-08-07 09:33:32 - authservice - INFO - Default admin user already exists
2025-08-07 09:33:32 - authservice - INFO - Authentication service starting...
2025-08-07 09:33:32 - authservice - INFO - Database connection established
2025-08-07 09:33:35 - authservice - INFO - Default admin user already exists
2025-08-07 09:33:35 - authservice - INFO - Authentication service starting...
2025-08-07 09:33:35 - authservice - INFO - Database connection established
2025-08-07 09:33:37 - authservice - INFO - Default admin user already exists
2025-08-07 09:33:37 - authservice - INFO - Authentication service starting...
2025-08-07 09:33:37 - authservice - INFO - Database connection established
2025-08-07 09:33:49 - authservice - INFO - Default admin user already exists
2025-08-07 09:33:49 - authservice - INFO - Authentication service starting...
2025-08-07 09:33:49 - authservice - INFO - Database connection established
2025-08-07 09:33:58 - authservice - INFO - Default admin user already exists
2025-08-07 09:33:58 - authservice - INFO - Authentication service starting...
2025-08-07 09:33:58 - authservice - INFO - Database connection established
2025-08-07 09:34:04 - authservice - INFO - Default admin user already exists
2025-08-07 09:34:04 - authservice - INFO - Authentication service starting...
2025-08-07 09:34:04 - authservice - INFO - Database connection established
2025-08-07 09:34:19 - authservice - INFO - Default admin user already exists
2025-08-07 09:34:19 - authservice - INFO - Authentication service starting...
2025-08-07 09:34:19 - authservice - INFO - Database connection established
2025-08-07 09:34:27 - authservice - INFO - Default admin user already exists
2025-08-07 09:34:27 - authservice - INFO - Authentication service starting...
2025-08-07 09:34:27 - authservice - INFO - Database connection established
2025-08-07 09:34:30 - authservice - INFO - Default admin user already exists
2025-08-07 09:34:30 - authservice - INFO - Authentication service starting...
2025-08-07 09:34:30 - authservice - INFO - Database connection established
2025-08-07 09:34:32 - authservice - INFO - Default admin user already exists
2025-08-07 09:34:32 - authservice - INFO - Authentication service starting...
2025-08-07 09:34:33 - authservice - INFO - Database connection established
2025-08-07 09:34:45 - authservice - INFO - Default admin user already exists
2025-08-07 09:34:45 - authservice - INFO - Authentication service starting...
2025-08-07 09:34:45 - authservice - INFO - Database connection established
2025-08-07 09:34:47 - authservice - INFO - Default admin user already exists
2025-08-07 09:34:47 - authservice - INFO - Authentication service starting...
2025-08-07 09:34:47 - authservice - INFO - Database connection established
2025-08-07 09:34:59 - authservice - INFO - Default admin user already exists
2025-08-07 09:34:59 - authservice - INFO - Authentication service starting...
2025-08-07 09:34:59 - authservice - INFO - Database connection established
2025-08-07 09:35:04 - authservice - INFO - Default admin user already exists
2025-08-07 09:35:04 - authservice - INFO - Authentication service starting...
2025-08-07 09:35:04 - authservice - INFO - Database connection established
2025-08-07 09:35:08 - authservice - INFO - Default admin user already exists
2025-08-07 09:35:08 - authservice - INFO - Authentication service starting...
2025-08-07 09:35:08 - authservice - INFO - Database connection established
2025-08-07 09:35:18 - authservice - INFO - Default admin user already exists
2025-08-07 09:35:18 - authservice - INFO - Authentication service starting...
2025-08-07 09:35:18 - authservice - INFO - Database connection established
2025-08-07 09:41:42 - authservice - INFO - Default admin user already exists
2025-08-07 09:41:42 - authservice - INFO - Authentication service starting...
2025-08-07 09:41:42 - authservice - INFO - Database connection established
2025-08-07 09:41:47 - authservice - INFO - Default admin user already exists
2025-08-07 09:41:47 - authservice - INFO - Authentication service starting...
2025-08-07 09:41:47 - authservice - INFO - Database connection established
2025-08-07 10:24:42 - authservice - INFO - Default admin user already exists
2025-08-07 10:24:42 - authservice - INFO - Authentication service starting...
2025-08-07 10:24:42 - authservice - INFO - Database connection established
2025-08-07 10:24:55 - authservice - INFO - Default admin user already exists
2025-08-07 10:24:55 - authservice - INFO - Authentication service starting...
2025-08-07 10:24:55 - authservice - INFO - Database connection established
2025-08-07 10:24:56 - authservice - INFO - Default admin user already exists
2025-08-07 10:24:56 - authservice - INFO - Authentication service starting...
2025-08-07 10:24:57 - authservice - INFO - Database connection established
2025-08-07 10:25:14 - authservice - INFO - Default admin user already exists
2025-08-07 10:25:14 - authservice - INFO - Authentication service starting...
2025-08-07 10:25:14 - authservice - INFO - Database connection established
2025-08-07 10:25:25 - authservice - INFO - Default admin user already exists
2025-08-07 10:25:25 - authservice - INFO - Authentication service starting...
2025-08-07 10:25:25 - authservice - INFO - Database connection established
2025-08-07 10:25:28 - authservice - INFO - Default admin user already exists
2025-08-07 10:25:28 - authservice - INFO - Authentication service starting...
2025-08-07 10:25:28 - authservice - INFO - Database connection established
2025-08-07 10:25:36 - authservice - INFO - Default admin user already exists
2025-08-07 10:25:36 - authservice - INFO - Authentication service starting...
2025-08-07 10:25:36 - authservice - INFO - Database connection established
2025-08-07 10:25:37 - authservice - INFO - Default admin user already exists
2025-08-07 10:25:37 - authservice - INFO - Authentication service starting...
2025-08-07 10:25:38 - authservice - INFO - Database connection established
2025-08-07 10:25:41 - authservice - INFO - Default admin user already exists
2025-08-07 10:25:41 - authservice - INFO - Authentication service starting...
2025-08-07 10:25:41 - authservice - INFO - Database connection established
2025-08-07 10:25:54 - authservice - INFO - Default admin user already exists
2025-08-07 10:25:54 - authservice - INFO - Authentication service starting...
2025-08-07 10:25:54 - authservice - INFO - Database connection established
2025-08-07 10:26:03 - authservice - INFO - Default admin user already exists
2025-08-07 10:26:03 - authservice - INFO - Authentication service starting...
2025-08-07 10:26:03 - authservice - INFO - Database connection established
2025-08-07 10:26:12 - authservice - INFO - Default admin user already exists
2025-08-07 10:26:12 - authservice - INFO - Authentication service starting...
2025-08-07 10:26:12 - authservice - INFO - Database connection established
2025-08-07 10:26:20 - authservice - INFO - Default admin user already exists
2025-08-07 10:26:20 - authservice - INFO - Authentication service starting...
2025-08-07 10:26:21 - authservice - INFO - Database connection established
2025-08-07 10:26:28 - authservice - INFO - Default admin user already exists
2025-08-07 10:26:28 - authservice - INFO - Authentication service starting...
2025-08-07 10:26:28 - authservice - INFO - Database connection established
2025-08-07 10:26:36 - authservice - INFO - Default admin user already exists
2025-08-07 10:26:36 - authservice - INFO - Authentication service starting...
2025-08-07 10:26:36 - authservice - INFO - Database connection established
2025-08-07 10:26:40 - authservice - INFO - Default admin user already exists
2025-08-07 10:26:40 - authservice - INFO - Authentication service starting...
2025-08-07 10:26:40 - authservice - INFO - Database connection established
2025-08-07 10:26:44 - authservice - INFO - Default admin user already exists
2025-08-07 10:26:44 - authservice - INFO - Authentication service starting...
2025-08-07 10:26:44 - authservice - INFO - Database connection established
2025-08-07 10:26:45 - authservice - INFO - Default admin user already exists
2025-08-07 10:26:45 - authservice - INFO - Authentication service starting...
2025-08-07 10:26:45 - authservice - INFO - Database connection established
2025-08-07 10:27:01 - authservice - INFO - Default admin user already exists
2025-08-07 10:27:01 - authservice - INFO - Authentication service starting...
2025-08-07 10:27:01 - authservice - INFO - Database connection established
2025-08-07 10:27:08 - authservice - INFO - Default admin user already exists
2025-08-07 10:27:08 - authservice - INFO - Authentication service starting...
2025-08-07 10:27:09 - authservice - INFO - Database connection established
2025-08-07 10:27:10 - authservice - INFO - Default admin user already exists
2025-08-07 10:27:10 - authservice - INFO - Authentication service starting...
2025-08-07 10:27:10 - authservice - INFO - Database connection established
2025-08-07 10:27:12 - authservice - INFO - Default admin user already exists
2025-08-07 10:27:12 - authservice - INFO - Authentication service starting...
2025-08-07 10:27:12 - authservice - INFO - Database connection established
2025-08-07 10:27:15 - authservice - INFO - Default admin user already exists
2025-08-07 10:27:15 - authservice - INFO - Authentication service starting...
2025-08-07 10:27:15 - authservice - INFO - Database connection established
2025-08-07 10:27:23 - authservice - INFO - Default admin user already exists
2025-08-07 10:27:23 - authservice - INFO - Authentication service starting...
2025-08-07 10:27:23 - authservice - INFO - Database connection established
2025-08-07 10:27:26 - authservice - INFO - Default admin user already exists
2025-08-07 10:27:26 - authservice - INFO - Authentication service starting...
2025-08-07 10:27:26 - authservice - INFO - Database connection established
2025-08-07 10:27:28 - authservice - INFO - Default admin user already exists
2025-08-07 10:27:28 - authservice - INFO - Authentication service starting...
2025-08-07 10:27:28 - authservice - INFO - Database connection established
2025-08-07 10:27:30 - authservice - INFO - Default admin user already exists
2025-08-07 10:27:30 - authservice - INFO - Authentication service starting...
2025-08-07 10:27:30 - authservice - INFO - Database connection established
2025-08-07 10:27:33 - authservice - INFO - Default admin user already exists
2025-08-07 10:27:33 - authservice - INFO - Authentication service starting...
2025-08-07 10:27:33 - authservice - INFO - Database connection established
2025-08-07 10:27:45 - authservice - INFO - Default admin user already exists
2025-08-07 10:27:45 - authservice - INFO - Authentication service starting...
2025-08-07 10:27:45 - authservice - INFO - Database connection established
2025-08-07 10:27:56 - authservice - INFO - Default admin user already exists
2025-08-07 10:27:56 - authservice - INFO - Authentication service starting...
2025-08-07 10:27:56 - authservice - INFO - Database connection established
2025-08-07 10:28:06 - authservice - INFO - Default admin user already exists
2025-08-07 10:28:06 - authservice - INFO - Authentication service starting...
2025-08-07 10:28:06 - authservice - INFO - Database connection established
2025-08-07 10:28:10 - authservice - INFO - Default admin user already exists
2025-08-07 10:28:10 - authservice - INFO - Authentication service starting...
2025-08-07 10:28:10 - authservice - INFO - Database connection established
2025-08-07 10:28:20 - authservice - INFO - Default admin user already exists
2025-08-07 10:28:20 - authservice - INFO - Authentication service starting...
2025-08-07 10:28:20 - authservice - INFO - Database connection established
2025-08-07 10:28:25 - authservice - INFO - Default admin user already exists
2025-08-07 10:28:25 - authservice - INFO - Authentication service starting...
2025-08-07 10:28:25 - authservice - INFO - Database connection established
2025-08-07 10:28:29 - authservice - INFO - Default admin user already exists
2025-08-07 10:28:29 - authservice - INFO - Authentication service starting...
2025-08-07 10:28:29 - authservice - INFO - Database connection established
2025-08-07 10:29:55 - authservice - INFO - Default admin user already exists
2025-08-07 10:29:55 - authservice - INFO - Authentication service starting...
2025-08-07 10:29:55 - authservice - INFO - Database connection established
2025-08-07 10:30:14 - authservice - INFO - Default admin user already exists
2025-08-07 10:30:14 - authservice - INFO - Authentication service starting...
2025-08-07 10:30:14 - authservice - INFO - Database connection established
2025-08-07 10:30:17 - authservice - INFO - Default admin user already exists
2025-08-07 10:30:17 - authservice - INFO - Authentication service starting...
2025-08-07 10:30:17 - authservice - INFO - Database connection established
2025-08-07 10:30:40 - authservice - INFO - Default admin user already exists
2025-08-07 10:30:40 - authservice - INFO - Authentication service starting...
2025-08-07 10:30:40 - authservice - INFO - Database connection established
2025-08-07 10:32:00 - authservice - INFO - Default admin user already exists
2025-08-07 10:32:00 - authservice - INFO - Authentication service starting...
2025-08-07 10:32:00 - authservice - INFO - Database connection established
2025-08-07 10:32:54 - authservice - INFO - Default admin user already exists
2025-08-07 10:32:54 - authservice - INFO - Authentication service starting...
2025-08-07 10:32:54 - authservice - INFO - Database connection established
2025-08-07 10:33:10 - authservice - INFO - Default admin user already exists
2025-08-07 10:33:10 - authservice - INFO - Authentication service starting...
2025-08-07 10:33:10 - authservice - INFO - Database connection established
2025-08-07 10:33:55 - authservice - INFO - Default admin user already exists
2025-08-07 10:33:55 - authservice - INFO - Authentication service starting...
2025-08-07 10:33:55 - authservice - INFO - Database connection established
2025-08-07 10:34:26 - authservice - INFO - Default admin user already exists
2025-08-07 10:34:26 - authservice - INFO - Authentication service starting...
2025-08-07 10:34:26 - authservice - INFO - Database connection established
2025-08-07 10:34:43 - authservice - INFO - Default admin user already exists
2025-08-07 10:34:43 - authservice - INFO - Authentication service starting...
2025-08-07 10:34:43 - authservice - INFO - Database connection established
2025-08-07 10:37:29 - authservice - INFO - Default admin user already exists
2025-08-07 10:37:29 - authservice - INFO - Authentication service starting...
2025-08-07 10:37:29 - authservice - INFO - Database connection established
2025-08-07 10:37:42 - authservice - INFO - Default admin user already exists
2025-08-07 10:37:43 - authservice - INFO - Authentication service starting...
2025-08-07 10:37:43 - authservice - INFO - Database connection established
2025-08-07 10:37:59 - authservice - INFO - Default admin user already exists
2025-08-07 10:37:59 - authservice - INFO - Authentication service starting...
2025-08-07 10:37:59 - authservice - INFO - Database connection established
2025-08-07 10:40:08 - authservice - INFO - Default admin user already exists
2025-08-07 10:40:08 - authservice - INFO - Authentication service starting...
2025-08-07 10:40:08 - authservice - INFO - Database connection established
2025-08-07 10:43:05 - authservice - INFO - Default admin user already exists
2025-08-07 10:43:05 - authservice - INFO - Authentication service starting...
2025-08-07 10:43:05 - authservice - INFO - Database connection established
2025-08-07 10:43:23 - authservice - INFO - Default admin user already exists
2025-08-07 10:43:23 - authservice - INFO - Authentication service starting...
2025-08-07 10:43:23 - authservice - INFO - Database connection established
2025-08-07 10:43:25 - authservice - INFO - Default admin user already exists
2025-08-07 10:43:25 - authservice - INFO - Authentication service starting...
2025-08-07 10:43:25 - authservice - INFO - Database connection established
2025-08-07 10:44:18 - authservice - INFO - Default admin user already exists
2025-08-07 10:44:18 - authservice - INFO - Authentication service starting...
2025-08-07 10:44:19 - authservice - INFO - Database connection established
2025-08-07 10:44:34 - authservice - INFO - Default admin user already exists
2025-08-07 10:44:34 - authservice - INFO - Authentication service starting...
2025-08-07 10:44:34 - authservice - INFO - Database connection established
2025-08-07 10:44:41 - authservice - INFO - Default admin user already exists
2025-08-07 10:44:41 - authservice - INFO - Authentication service starting...
2025-08-07 10:44:41 - authservice - INFO - Database connection established
2025-08-07 10:44:43 - authservice - INFO - Default admin user already exists
2025-08-07 10:44:43 - authservice - INFO - Authentication service starting...
2025-08-07 10:44:43 - authservice - INFO - Database connection established
2025-08-07 10:45:05 - authservice - INFO - Default admin user already exists
2025-08-07 10:45:05 - authservice - INFO - Authentication service starting...
2025-08-07 10:45:05 - authservice - INFO - Database connection established
2025-08-07 10:45:45 - authservice - INFO - User logged in: admin
2025-08-07 10:46:35 - authservice - INFO - Default admin user already exists
2025-08-07 10:46:35 - authservice - INFO - Authentication service starting...
2025-08-07 10:46:35 - authservice - INFO - Database connection established
2025-08-07 10:46:40 - authservice - INFO - Default admin user already exists
2025-08-07 10:46:40 - authservice - INFO - Authentication service starting...
2025-08-07 10:46:40 - authservice - INFO - Database connection established
2025-08-07 10:47:01 - authservice - INFO - Default admin user already exists
2025-08-07 10:47:01 - authservice - INFO - Authentication service starting...
2025-08-07 10:47:01 - authservice - INFO - Database connection established
2025-08-07 10:47:57 - authservice - INFO - Default admin user already exists
2025-08-07 10:47:57 - authservice - INFO - Authentication service starting...
2025-08-07 10:47:57 - authservice - INFO - Database connection established
2025-08-07 10:48:12 - authservice - INFO - Default admin user already exists
2025-08-07 10:48:12 - authservice - INFO - Authentication service starting...
2025-08-07 10:48:13 - authservice - INFO - Database connection established
2025-08-07 10:48:52 - authservice - INFO - Default admin user already exists
2025-08-07 10:48:52 - authservice - INFO - Authentication service starting...
2025-08-07 10:48:52 - authservice - INFO - Database connection established
2025-08-07 10:55:16 - authservice - INFO - Default admin user already exists
2025-08-07 10:55:16 - authservice - INFO - Authentication service starting...
2025-08-07 10:55:16 - authservice - INFO - Database connection established
2025-08-07 11:00:16 - authservice - INFO - Default admin user already exists
2025-08-07 11:00:16 - authservice - INFO - Authentication service starting...
2025-08-07 11:00:17 - authservice - INFO - Database connection established
2025-08-07 11:01:47 - authservice - INFO - User logged in: admin
2025-08-07 11:04:39 - authservice - INFO - Default admin user already exists
2025-08-07 11:04:39 - authservice - INFO - Authentication service starting...
2025-08-07 11:04:39 - authservice - INFO - Database connection established
2025-08-07 11:04:56 - authservice - INFO - Default admin user already exists
2025-08-07 11:04:56 - authservice - INFO - Authentication service starting...
2025-08-07 11:04:56 - authservice - INFO - Database connection established
2025-08-07 11:05:05 - authservice - INFO - Default admin user already exists
2025-08-07 11:05:06 - authservice - INFO - Authentication service starting...
2025-08-07 11:05:06 - authservice - INFO - Database connection established
2025-08-07 11:32:30 - authservice - INFO - Default admin user already exists
2025-08-07 11:32:30 - authservice - INFO - Authentication service starting...
2025-08-07 11:32:30 - authservice - INFO - Database connection established
2025-08-07 11:32:55 - authservice - INFO - User logged in: admin
2025-08-07 11:37:58 - authservice - INFO - Default admin user already exists
2025-08-07 11:37:58 - authservice - INFO - Authentication service starting...
2025-08-07 11:37:58 - authservice - INFO - Database connection established
2025-08-07 11:39:40 - authservice - INFO - Default admin user already exists
2025-08-07 11:39:40 - authservice - INFO - Authentication service starting...
2025-08-07 11:39:40 - authservice - INFO - Database connection established
2025-08-07 11:39:52 - authservice - INFO - Default admin user already exists
2025-08-07 11:39:52 - authservice - INFO - Authentication service starting...
2025-08-07 11:39:53 - authservice - INFO - Database connection established
2025-08-07 11:39:58 - authservice - INFO - Default admin user already exists
2025-08-07 11:39:58 - authservice - INFO - Authentication service starting...
2025-08-07 11:39:58 - authservice - INFO - Database connection established
2025-08-07 11:40:15 - authservice - INFO - Default admin user already exists
2025-08-07 11:40:15 - authservice - INFO - Authentication service starting...
2025-08-07 11:40:15 - authservice - INFO - Database connection established
2025-08-07 11:40:44 - authservice - INFO - Default admin user already exists
2025-08-07 11:40:44 - authservice - INFO - Authentication service starting...
2025-08-07 11:40:44 - authservice - INFO - Database connection established
2025-08-07 11:41:17 - authservice - INFO - Default admin user already exists
2025-08-07 11:41:17 - authservice - INFO - Authentication service starting...
2025-08-07 11:41:17 - authservice - INFO - Database connection established
2025-08-07 12:49:50 - authservice - INFO - Default admin user already exists
2025-08-07 12:49:50 - authservice - INFO - Authentication service starting...
2025-08-07 12:49:50 - authservice - INFO - Database connection established
2025-08-07 12:50:03 - authservice - INFO - Default admin user already exists
2025-08-07 12:50:03 - authservice - INFO - Authentication service starting...
2025-08-07 12:50:03 - authservice - INFO - Database connection established
2025-08-07 12:50:28 - authservice - INFO - Default admin user already exists
2025-08-07 12:50:28 - authservice - INFO - Authentication service starting...
2025-08-07 12:50:28 - authservice - INFO - Database connection established
